time,phase,tug_x,tug_y,tug_yaw,ac_x,ac_y,ac_yaw,velocity,steer_angle
0.1,PUSHBACK,0.0,-8.877,-1.5709,-0.0,0.0,-1.5708,-0.1,0.07
0.2,PUSHBACK,0.0,-8.863,-1.5716,0.0,0.004,-1.5708,-0.2,0.14
0.3,PUSHBACK,0.0,-8.839,-1.5738,0.0002,0.018,-1.5708,-0.3,0.21
0.4,PUSHBACK,0.0002,-8.805,-1.5782,0.0006,0.042,-1.5708,-0.4,0.28
0.5,PUSHBACK,0.0007,-8.761,-1.5856,0.0015,0.076,-1.5709,-0.5,0.344
0.6,PUSHBACK,0.0017,-8.707,-1.5966,0.003,0.12,-1.5709,-0.6,0.3952
0.7,PUSHBACK,0.0037,-8.643,-1.6114,0.0052,0.174,-1.5709,-0.7,0.4362
0.8,PUSHBACK,0.0073,-8.5691,-1.6304,0.0081,0.2379,-1.5708,-0.8,0.4689
0.9,PUSHBACK,0.013,-8.4853,-1.6535,0.0119,0.3117,-1.5706,-0.9,0.4951
1.0,PUSHBACK,0.0218,-8.3917,-1.681,0.0165,0.3953,-1.5703,-1.0,0.5161
1.1,PUSHBACK,0.0346,-8.2886,-1.7128,0.0219,0.4886,-1.5696,-1.0981,0.5329
1.2,PUSHBACK,0.0522,-8.1763,-1.7488,0.028,0.5914,-1.5684,-1.1912,0.5463
1.3,PUSHBACK,0.0759,-8.056,-1.7887,0.0348,0.703,-1.5668,-1.2764,0.5571
1.4,PUSHBACK,0.1063,-7.9288,-1.8322,0.0421,0.8225,-1.5645,-1.3496,0.5656
1.5,PUSHBACK,0.1447,-7.7955,-1.879,0.0496,0.9484,-1.5614,-1.4425,0.5671
1.6,PUSHBACK,0.1923,-7.6555,-1.9278,0.0571,1.08,-1.5574,-1.5025,0.5429
1.7,PUSHBACK,0.2475,-7.5157,-1.9739,0.0641,1.2177,-1.5522,-1.5025,0.4965
1.8,PUSHBACK,0.3087,-7.3786,-2.0145,0.0698,1.3546,-1.5461,-1.5025,0.4333
1.9,PUSHBACK,0.3751,-7.2438,-2.0487,0.0734,1.4883,-1.5391,-1.5025,0.3633
2.0,PUSHBACK,0.4458,-7.1112,-2.0765,0.0749,1.6192,-1.5314,-1.5025,0.2933
2.1,PUSHBACK,0.5198,-6.9804,-2.0981,0.0742,1.7472,-1.5229,-1.5025,0.2233
2.2,PUSHBACK,0.5963,-6.8511,-2.1139,0.0714,1.8728,-1.514,-1.5025,0.1533
2.3,PUSHBACK,0.6745,-6.7228,-2.1239,0.0665,1.9962,-1.5045,-1.5025,0.0833
2.4,PUSHBACK,0.7537,-6.5952,-2.1284,0.0596,2.1179,-1.4947,-1.5025,0.0133
2.5,PUSHBACK,0.8332,-6.4677,-2.1272,0.0507,2.2381,-1.4846,-1.5025,-0.0567
2.6,PUSHBACK,0.9123,-6.3399,-2.1206,0.0397,2.3574,-1.4743,-1.5025,-0.1218
2.7,PUSHBACK,0.9902,-6.2114,-2.1091,0.0267,2.4761,-1.4638,-1.5025,-0.1759
2.8,PUSHBACK,1.0664,-6.0822,-2.0935,0.0116,2.5948,-1.4532,-1.4878,-0.2186
2.9,PUSHBACK,1.1396,-5.953,-2.075,-0.0054,2.7135,-1.4427,-1.4773,-0.2503
3.0,PUSHBACK,1.2101,-5.8227,-2.0542,-0.0241,2.8315,-1.4323,-1.4811,-0.2716
3.1,PUSHBACK,1.2782,-5.6901,-2.0318,-0.0445,2.9499,-1.4221,-1.4972,-0.2833
3.2,PUSHBACK,1.344,-5.5544,-2.0084,-0.0667,3.0699,-1.4119,-1.5108,-0.2866
3.3,PUSHBACK,1.4067,-5.4169,-1.9849,-0.0906,3.1921,-1.4018,-1.5108,-0.2825
3.4,PUSHBACK,1.4663,-5.2781,-1.962,-0.1161,3.3154,-1.3918,-1.5108,-0.2726
3.5,PUSHBACK,1.5226,-5.1379,-1.9401,-0.1429,3.4395,-1.3821,-1.5108,-0.258
3.6,PUSHBACK,1.576,-4.9966,-1.9196,-0.171,3.5643,-1.3725,-1.5108,-0.2402
3.7,PUSHBACK,1.6265,-4.8542,-1.9006,-0.2003,3.6897,-1.3631,-1.5108,-0.2204
3.8,PUSHBACK,1.6744,-4.7109,-1.8834,-0.2306,3.8157,-1.3539,-1.5108,-0.1997
3.9,PUSHBACK,1.72,-4.5669,-1.8679,-0.2619,3.942,-1.3449,-1.5108,-0.179
4.0,PUSHBACK,1.7634,-4.4222,-1.854,-0.2943,4.0686,-1.3359,-1.5108,-0.1592
4.1,PUSHBACK,1.8049,-4.2769,-1.8418,-0.3275,4.1954,-1.3271,-1.5108,-0.1408
4.2,PUSHBACK,1.8447,-4.1312,-1.8309,-0.3617,4.3221,-1.3183,-1.5108,-0.1243
4.3,PUSHBACK,1.883,-3.985,-1.8214,-0.3968,4.4487,-1.3096,-1.5108,-0.1101
4.4,PUSHBACK,1.9199,-3.8385,-1.8129,-0.4327,4.5752,-1.301,-1.5108,-0.0983
4.5,PUSHBACK,1.9557,-3.6917,-1.8053,-0.4696,4.7014,-1.2924,-1.5108,-0.0889
4.6,PUSHBACK,1.9904,-3.5447,-1.7984,-0.5074,4.8272,-1.2837,-1.5108,-0.0819
4.7,PUSHBACK,2.0241,-3.3974,-1.792,-0.5462,4.9525,-1.2751,-1.5108,-0.0772
4.8,PUSHBACK,2.0569,-3.25,-1.7859,-0.5859,5.0774,-1.2664,-1.5108,-0.0746
4.9,PUSHBACK,2.0888,-3.1023,-1.7799,-0.6265,5.2018,-1.2577,-1.5108,-0.0738
5.0,PUSHBACK,2.1198,-2.9544,-1.774,-0.6682,5.3256,-1.2489,-1.5108,-0.0745
5.1,PUSHBACK,2.1499,-2.8064,-1.7679,-0.7108,5.4489,-1.2402,-1.5108,-0.0765
5.2,PUSHBACK,2.1791,-2.6582,-1.7617,-0.7545,5.5715,-1.2313,-1.5108,-0.0795
5.3,PUSHBACK,2.2074,-2.5098,-1.7552,-0.7993,5.6936,-1.2224,-1.5108,-0.0832
5.4,PUSHBACK,2.2347,-2.3612,-1.7484,-0.8451,5.8151,-1.2135,-1.5108,-0.0874
5.5,PUSHBACK,2.261,-2.2124,-1.7412,-0.8919,5.936,-1.2046,-1.5108,-0.0918
5.6,PUSHBACK,2.2861,-2.0634,-1.7337,-0.9399,6.0563,-1.1956,-1.5108,-0.0963
5.7,PUSHBACK,2.3102,-1.9143,-1.7258,-0.9889,6.1761,-1.1866,-1.5108,-0.1006
5.8,PUSHBACK,2.333,-1.7649,-1.7176,-1.0391,6.2953,-1.1776,-1.5108,-0.1046
5.9,PUSHBACK,2.3546,-1.6154,-1.7091,-1.0903,6.414,-1.1685,-1.5108,-0.1082
6.0,PUSHBACK,2.3749,-1.4657,-1.7003,-1.1427,6.5321,-1.1594,-1.5108,-0.1114
6.1,PUSHBACK,2.3939,-1.3158,-1.6912,-1.1962,6.6498,-1.1504,-1.5108,-0.1141
6.2,PUSHBACK,2.4115,-1.1658,-1.682,-1.2507,6.7669,-1.1413,-1.5108,-0.1162
6.3,PUSHBACK,2.4277,-1.0155,-1.6726,-1.3064,6.8835,-1.1322,-1.5108,-0.1179
6.4,PUSHBACK,2.4425,-0.8652,-1.6631,-1.3632,6.9996,-1.1231,-1.5108,-0.119
6.5,PUSHBACK,2.4558,-0.7147,-1.6535,-1.421,7.1153,-1.1141,-1.5108,-0.1197
6.6,PUSHBACK,2.4677,-0.5641,-1.6438,-1.4799,7.2304,-1.105,-1.5108,-0.12
6.7,PUSHBACK,2.4781,-0.4134,-1.6341,-1.5399,7.345,-1.0959,-1.5108,-0.1199
6.8,PUSHBACK,2.4871,-0.2626,-1.6245,-1.601,7.4591,-1.0869,-1.5108,-0.1196
6.9,PUSHBACK,2.4946,-0.1117,-1.6149,-1.6631,7.5727,-1.0778,-1.5108,-0.119
7.0,PUSHBACK,2.5007,0.0393,-1.6053,-1.7262,7.6858,-1.0688,-1.5108,-0.1183
7.1,PUSHBACK,2.5054,0.1903,-1.5959,-1.7904,7.7984,-1.0598,-1.5108,-0.1174
7.2,PUSHBACK,2.5086,0.3413,-1.5864,-1.8556,7.9104,-1.0507,-1.5108,-0.1165
7.3,PUSHBACK,2.5104,0.4924,-1.5771,-1.9218,8.0218,-1.0417,-1.5108,-0.1155
7.4,PUSHBACK,2.5108,0.6435,-1.5678,-1.989,8.1327,-1.0327,-1.5108,-0.1146
7.5,PUSHBACK,2.5098,0.7945,-1.5586,-2.0572,8.2429,-1.0237,-1.5108,-0.1137
7.6,PUSHBACK,2.5074,0.9456,-1.5495,-2.1264,8.3526,-1.0147,-1.5108,-0.1129
7.7,PUSHBACK,2.5036,1.0966,-1.5404,-2.1966,8.4617,-1.0058,-1.5108,-0.1122
7.8,PUSHBACK,2.4985,1.2476,-1.5314,-2.2677,8.5701,-0.9968,-1.5108,-0.1116
7.9,PUSHBACK,2.492,1.3986,-1.5225,-2.3398,8.6779,-0.9878,-1.5108,-0.1111
8.0,PUSHBACK,2.4842,1.5494,-1.5136,-2.4129,8.7851,-0.9788,-1.5108,-0.1108
8.1,PUSHBACK,2.475,1.7002,-1.5047,-2.4869,8.8916,-0.9698,-1.5108,-0.1105
8.2,PUSHBACK,2.4645,1.8509,-1.4958,-2.5619,8.9974,-0.9608,-1.5108,-0.1103
8.3,PUSHBACK,2.4526,2.0016,-1.4869,-2.6378,9.1026,-0.9518,-1.5108,-0.1102
8.4,PUSHBACK,2.4394,2.1521,-1.478,-2.7146,9.207,-0.9428,-1.5108,-0.1102
8.5,PUSHBACK,2.4249,2.3024,-1.4692,-2.7924,9.3107,-0.9338,-1.5108,-0.1103
8.6,PUSHBACK,2.409,2.4527,-1.4603,-2.8711,9.4138,-0.9248,-1.5108,-0.1104
8.7,PUSHBACK,2.3918,2.6028,-1.4514,-2.9507,9.5161,-0.9158,-1.5108,-0.1105
8.8,PUSHBACK,2.3733,2.7527,-1.4425,-3.0312,9.6177,-0.9068,-1.5108,-0.1107
8.9,PUSHBACK,2.3534,2.9025,-1.4336,-3.1127,9.7185,-0.8978,-1.5108,-0.1109
9.0,PUSHBACK,2.3322,3.0521,-1.4247,-3.195,9.8186,-0.8888,-1.5108,-0.1111
9.1,PUSHBACK,2.3097,3.2014,-1.4157,-3.2782,9.918,-0.8798,-1.5108,-0.1113
9.2,PUSHBACK,2.2858,3.3506,-1.4068,-3.3623,10.0166,-0.8708,-1.5108,-0.1115
9.3,PUSHBACK,2.2606,3.4996,-1.3978,-3.4473,10.1144,-0.8618,-1.5108,-0.1117
9.4,PUSHBACK,2.2341,3.6483,-1.3888,-3.5332,10.2114,-0.8528,-1.5108,-0.1118
9.5,PUSHBACK,2.2062,3.7968,-1.3798,-3.62,10.3077,-0.8438,-1.5108,-0.112
9.6,PUSHBACK,2.177,3.945,-1.3708,-3.7076,10.4032,-0.8348,-1.5108,-0.1121
9.7,PUSHBACK,2.1465,4.093,-1.3618,-3.7961,10.4979,-0.8258,-1.5108,-0.1122
9.8,PUSHBACK,2.1146,4.2407,-1.3528,-3.8854,10.5918,-0.8168,-1.5108,-0.1122
9.9,PUSHBACK,2.0814,4.388,-1.3437,-3.9756,10.6849,-0.8078,-1.5108,-0.1123
10.0,PUSHBACK,2.0468,4.5351,-1.3347,-4.0666,10.7771,-0.7988,-1.5108,-0.1123
10.1,PUSHBACK,2.011,4.6819,-1.3257,-4.1584,10.8686,-0.7898,-1.5108,-0.1123
10.2,PUSHBACK,1.9738,4.8283,-1.3166,-4.2511,10.9592,-0.7808,-1.5108,-0.1123
10.3,PUSHBACK,1.9353,4.9744,-1.3076,-4.3446,11.049,-0.7718,-1.5108,-0.1123
10.4,PUSHBACK,1.8954,5.1201,-1.2986,-4.4388,11.1379,-0.7628,-1.5108,-0.1122
10.5,PUSHBACK,1.8543,5.2655,-1.2895,-4.5339,11.226,-0.7538,-1.5108,-0.1122
10.6,PUSHBACK,1.8118,5.4105,-1.2805,-4.6298,11.3132,-0.7447,-1.5108,-0.1122
10.7,PUSHBACK,1.7681,5.5551,-1.2715,-4.7264,11.3996,-0.7357,-1.5108,-0.1132
10.8,PUSHBACK,1.7235,5.6976,-1.2622,-4.8239,11.4851,-0.7267,-1.4856,-0.1208
10.9,PUSHBACK,1.6783,5.8375,-1.2524,-4.9209,11.5686,-0.7178,-1.461,-0.1335
11.0,PUSHBACK,1.6323,5.9752,-1.2415,-5.0174,11.6501,-0.7091,-1.4446,-0.1498
11.1,PUSHBACK,1.5851,6.1111,-1.2294,-5.1137,11.7296,-0.7004,-1.4333,-0.1685
11.2,PUSHBACK,1.5365,6.2456,-1.2159,-5.2101,11.8076,-0.6919,-1.4259,-0.1882
11.3,PUSHBACK,1.4863,6.3789,-1.2009,-5.307,11.8843,-0.6835,-1.4222,-0.208
11.4,PUSHBACK,1.434,6.5111,-1.1844,-5.4047,11.96,-0.6751,-1.4218,-0.2271
11.5,PUSHBACK,1.3794,6.6426,-1.1664,-5.5035,12.035,-0.6669,-1.4248,-0.2447
11.6,PUSHBACK,1.3222,6.7735,-1.147,-5.6038,12.1094,-0.6587,-1.431,-0.2602
11.7,PUSHBACK,1.2621,6.9039,-1.1263,-5.7058,12.1835,-0.6507,-1.4405,-0.2733
11.8,PUSHBACK,1.1987,7.0341,-1.1044,-5.8097,12.2575,-0.6428,-1.4535,-0.2837
11.9,PUSHBACK,1.1316,7.1642,-1.0815,-5.9159,12.3317,-0.6349,-1.4705,-0.2911
12.0,PUSHBACK,1.0606,7.2946,-1.0578,-6.0248,12.4063,-0.6273,-1.4927,-0.2955
12.1,PUSHBACK,0.9854,7.4252,-1.0334,-6.1367,12.4816,-0.6197,-1.5112,-0.297
12.2,PUSHBACK,0.9067,7.5543,-1.0089,-6.2517,12.5578,-0.6123,-1.5112,-0.2956
12.3,PUSHBACK,0.825,7.6814,-0.9847,-6.3685,12.6338,-0.6051,-1.5112,-0.2915
12.4,PUSHBACK,0.7402,7.8065,-0.9608,-6.4866,12.7096,-0.5982,-1.5112,-0.2851
12.5,PUSHBACK,0.6525,7.9295,-0.9377,-6.606,12.7851,-0.5915,-1.5112,-0.2766
12.6,BRAKING,0.562,8.0505,-0.9153,-6.7265,12.8604,-0.5852,-1.5112,-0.2664
12.7,BRAKING,0.4689,8.1695,-0.8952,-6.8482,12.9355,-0.5791,-1.5112,-0.2131
12.8,BRAKING,0.3736,8.2868,-0.8793,-6.9706,13.0107,-0.5733,-1.5112,-0.1705
12.9,BRAKING,0.2766,8.4027,-0.8666,-7.0934,13.086,-0.5678,-1.5112,-0.1364
13.0,BRAKING,0.1783,8.5175,-0.8565,-7.2166,13.1613,-0.5624,-1.5112,-0.1091
13.1,BRAKING,0.0789,8.6313,-0.8485,-7.34,13.2365,-0.5572,-1.5112,-0.0873
13.2,BRAKING,-0.0213,8.7444,-0.842,-7.4638,13.3114,-0.5521,-1.5112,-0.0698
13.3,BRAKING,-0.1222,8.8569,-0.8369,-7.5878,13.386,-0.547,-1.5112,-0.0559
13.4,BRAKING,-0.2236,8.969,-0.8327,-7.7121,13.4602,-0.5419,-1.5112,-0.0447
13.5,BRAKING,-0.3254,9.0806,-0.8294,-7.8366,13.5339,-0.5369,-1.5112,-0.0358
13.6,BRAKING,-0.4276,9.192,-0.8268,-7.9613,13.607,-0.5318,-1.5112,-0.0286
13.7,BRAKING,-0.53,9.3031,-0.8247,-8.0862,13.6796,-0.5267,-1.5112,-0.0229
13.8,BRAKING,-0.6327,9.414,-0.823,-8.2114,13.7516,-0.5216,-1.5112,-0.0183
13.9,BRAKING,-0.7355,9.5247,-0.8217,-8.3367,13.8229,-0.5164,-1.5112,-0.0146
14.0,BRAKING,-0.8385,9.6353,-0.8206,-8.4622,13.8935,-0.5112,-1.5112,-0.0117
14.1,BRAKING,-0.9415,9.7458,-0.8197,-8.5879,13.9634,-0.5059,-1.5112,-0.0094
14.2,BRAKING,-1.0447,9.8563,-0.819,-8.7138,14.0326,-0.5005,-1.5112,-0.0075
14.3,BRAKING,-1.1479,9.9666,-0.8185,-8.8398,14.101,-0.4951,-1.5112,-0.006
14.4,BRAKING,-1.2512,10.0769,-0.818,-8.9659,14.1686,-0.4895,-1.5112,-0.0048
14.5,BRAKING,-1.3546,10.1872,-0.8177,-9.0922,14.2355,-0.4839,-1.5112,-0.0038
14.6,BRAKING,-1.4579,10.2974,-0.8174,-9.2187,14.3015,-0.4783,-1.5112,-0.0031
14.7,BRAKING,-1.5613,10.4077,-0.8172,-9.3452,14.3667,-0.4725,-1.5112,-0.0025
14.8,BRAKING,-1.6647,10.5178,-0.817,-9.4719,14.431,-0.4666,-1.5112,-0.002
14.9,BRAKING,-1.7682,10.628,-0.8168,-9.5987,14.4945,-0.4607,-1.5112,-0.0016
15.0,BRAKING,-1.8716,10.7382,-0.8167,-9.7256,14.557,-0.4546,-1.5112,-0.0013
15.1,BRAKING,-1.9751,10.8483,-0.8166,-9.8526,14.6187,-0.4485,-1.5112,-0.001
15.2,BRAKING,-2.0785,10.9585,-0.8166,-9.9796,14.6794,-0.4423,-1.5112,-0.0008
15.3,BRAKING,-2.182,11.0686,-0.8165,-10.1068,14.7392,-0.4359,-1.5112,-0.0006
15.4,BRAKING,-2.2855,11.1787,-0.8164,-10.2339,14.7981,-0.4295,-1.5112,-0.0005
15.5,BRAKING,-2.389,11.2888,-0.8164,-10.3612,14.8559,-0.423,-1.5112,-0.0004
15.6,BRAKING,-2.4925,11.3989,-0.8164,-10.4884,14.9128,-0.4163,-1.5112,-0.0003
15.7,BRAKING,-2.596,11.5091,-0.8164,-10.6157,14.9686,-0.4096,-1.5112,-0.0003
15.8,BRAKING,-2.6995,11.6192,-0.8163,-10.7429,15.0235,-0.4027,-1.5112,-0.0002
15.9,BRAKING,-2.803,11.7293,-0.8163,-10.8702,15.0773,-0.3958,-1.5112,-0.0002
16.0,BRAKING,-2.9065,11.8394,-0.8163,-10.9974,15.13,-0.3887,-1.5112,-0.0001
16.1,BRAKING,-3.01,11.9495,-0.8163,-11.1246,15.1817,-0.3815,-1.5112,-0.0001
16.2,BRAKING,-3.1135,12.0596,-0.8163,-11.2518,15.2322,-0.3742,-1.5112,-0.0001
16.3,BRAKING,-3.217,12.1697,-0.8163,-11.3788,15.2817,-0.3668,-1.5112,-0.0001
16.4,BRAKING,-3.3205,12.2798,-0.8163,-11.5058,15.3301,-0.3593,-1.5112,-0.0001
16.5,BRAKING,-3.424,12.3899,-0.8163,-11.6327,15.3773,-0.3517,-1.5112,-0.0
16.6,BRAKING,-3.5275,12.5,-0.8163,-11.7594,15.4233,-0.3439,-1.5112,-0.0
16.7,BRAKING,-3.631,12.6101,-0.8163,-11.886,15.4682,-0.336,-1.5112,-0.0
16.8,BRAKING,-3.7345,12.7202,-0.8163,-12.0124,15.5119,-0.328,-1.5112,-0.0
16.9,BRAKING,-3.838,12.8303,-0.8163,-12.1386,15.5544,-0.3199,-1.5112,-0.0
17.0,BRAKING,-3.9415,12.9404,-0.8163,-12.2646,15.5957,-0.3116,-1.5112,-0.0
17.1,BRAKING,-4.0451,13.0505,-0.8163,-12.3903,15.6357,-0.3033,-1.5112,-0.0
17.2,BRAKING,-4.1486,13.1606,-0.8163,-12.5158,15.6745,-0.2948,-1.5112,-0.0
17.3,BRAKING,-4.2521,13.2707,-0.8163,-12.641,15.7121,-0.2862,-1.5112,-0.0
17.4,BRAKING,-4.3556,13.3808,-0.8163,-12.7659,15.7483,-0.2774,-1.5112,-0.0
17.5,BRAKING,-4.4591,13.4909,-0.8163,-12.8904,15.7833,-0.2685,-1.5112,-0.0
17.6,BRAKING,-4.5626,13.601,-0.8163,-13.0146,15.817,-0.2595,-1.5112,-0.0
17.7,BRAKING,-4.6661,13.7111,-0.8163,-13.1383,15.8494,-0.2504,-1.5112,-0.0
17.8,BRAKING,-4.7696,13.8212,-0.8163,-13.2617,15.8804,-0.2411,-1.5112,-0.0
17.9,BRAKING,-4.8731,13.9313,-0.8163,-13.3845,15.9101,-0.2317,-1.5112,-0.0
18.0,BRAKING,-4.9766,14.0414,-0.8163,-13.5069,15.9385,-0.2221,-1.5112,-0.0
18.1,BRAKING,-5.0801,14.1515,-0.8163,-13.6288,15.9655,-0.2124,-1.5112,-0.0
18.2,BRAKING,-5.1836,14.2616,-0.8163,-13.75,15.9912,-0.2026,-1.5112,-0.0
18.3,BRAKING,-5.2872,14.3717,-0.8163,-13.8707,16.0155,-0.1926,-1.5112,-0.0
18.4,BRAKING,-5.3907,14.4818,-0.8163,-13.9908,16.0384,-0.1825,-1.5112,-0.0
18.5,BRAKING,-5.4942,14.5919,-0.8163,-14.1102,16.0599,-0.1723,-1.5112,-0.0
18.6,BRAKING,-5.5977,14.7021,-0.8163,-14.2289,16.0801,-0.1619,-1.5112,-0.0
18.7,BRAKING,-5.7012,14.8122,-0.8163,-14.3468,16.0988,-0.1513,-1.5112,-0.0
18.8,BRAKING,-5.8047,14.9223,-0.8163,-14.4639,16.1162,-0.1407,-1.5112,-0.0
18.9,BRAKING,-5.9082,15.0324,-0.8163,-14.5803,16.1322,-0.1299,-1.5112,-0.0
19.0,BRAKING,-6.0117,15.1425,-0.8163,-14.6957,16.1467,-0.1189,-1.5112,-0.0
19.1,BRAKING,-6.1152,15.2526,-0.8163,-14.8103,16.1599,-0.1078,-1.5112,-0.0
19.2,BRAKING,-6.2187,15.3627,-0.8163,-14.9238,16.1717,-0.0965,-1.5112,-0.0
19.3,BRAKING,-6.3222,15.4728,-0.8163,-15.0364,16.182,-0.0851,-1.5112,-0.0
19.4,BRAKING,-6.4257,15.5829,-0.8163,-15.148,16.1911,-0.0736,-1.5112,-0.0
19.5,BRAKING,-6.5293,15.693,-0.8163,-15.2584,16.1987,-0.0619,-1.5112,-0.0
19.6,BRAKING,-6.6328,15.8031,-0.8163,-15.3678,16.2049,-0.05,-1.5112,-0.0
19.7,BRAKING,-6.7363,15.9132,-0.8163,-15.4759,16.2098,-0.038,-1.5112,-0.0
19.8,BRAKING,-6.8398,16.0233,-0.8163,-15.5828,16.2134,-0.0259,-1.5112,-0.0
19.9,BRAKING,-6.9433,16.1334,-0.8163,-15.6885,16.2156,-0.0136,-1.5112,-0.0
20.0,BRAKING,-7.0468,16.2435,-0.8163,-15.7928,16.2165,-0.0012,-1.5112,-0.0
20.1,BRAKING,-7.1503,16.3536,-0.8163,-15.8957,16.2161,0.0114,-1.5112,-0.0
20.2,BRAKING,-7.2538,16.4637,-0.8163,-15.9972,16.2144,0.0241,-1.5112,-0.0
20.3,BRAKING,-7.3573,16.5738,-0.8163,-16.0973,16.2115,0.037,-1.5112,-0.0
20.4,BRAKING,-7.4608,16.6839,-0.8163,-16.1958,16.2073,0.05,-1.5112,-0.0
20.5,BRAKING,-7.5643,16.794,-0.8163,-16.2928,16.202,0.0632,-1.5112,-0.0
20.6,BRAKING,-7.6678,16.9041,-0.8163,-16.3881,16.1954,0.0765,-1.5112,-0.0
20.7,BRAKING,-7.7714,17.0142,-0.8163,-16.4818,16.1877,0.09,-1.5112,-0.0
20.8,BRAKING,-7.8749,17.1243,-0.8163,-16.5738,16.1789,0.1036,-1.5112,-0.0
20.9,BRAKING,-7.9784,17.2344,-0.8163,-16.664,16.1691,0.1173,-1.5112,-0.0
21.0,BRAKING,-8.0819,17.3445,-0.8163,-16.7524,16.1582,0.1312,-1.5112,-0.0
21.1,BRAKING,-8.1854,17.4546,-0.8163,-16.8389,16.1462,0.1453,-1.5112,-0.0
21.2,BRAKING,-8.2889,17.5647,-0.8163,-16.9235,16.1334,0.1594,-1.5112,-0.0
21.3,BRAKING,-8.3924,17.6748,-0.8163,-17.0062,16.1196,0.1737,-1.5112,-0.0
21.4,BRAKING,-8.4959,17.7849,-0.8163,-17.0869,16.105,0.1882,-1.5112,-0.0
21.5,BRAKING,-8.5994,17.895,-0.8163,-17.1655,16.0895,0.2028,-1.5112,-0.0
21.6,BRAKING,-8.7029,18.0051,-0.8163,-17.2421,16.0733,0.2175,-1.5112,-0.0
21.7,BRAKING,-8.8064,18.1152,-0.8163,-17.3165,16.0564,0.2323,-1.5112,-0.0
21.8,BRAKING,-8.9099,18.2253,-0.8163,-17.3888,16.0388,0.2473,-1.5112,-0.0
21.9,BRAKING,-9.0135,18.3354,-0.8163,-17.4589,16.0207,0.2624,-1.5112,-0.0
22.0,BRAKING,-9.117,18.4455,-0.8163,-17.5268,16.002,0.2776,-1.5112,-0.0
22.1,BRAKING,-9.2205,18.5556,-0.8163,-17.5924,15.9829,0.2929,-1.5112,-0.0
22.2,BRAKING,-9.324,18.6657,-0.8163,-17.6558,15.9634,0.3084,-1.5112,-0.0
22.3,BRAKING,-9.4275,18.7758,-0.8163,-17.7168,15.9435,0.3239,-1.5112,-0.0
22.4,BRAKING,-9.531,18.8859,-0.8163,-17.7754,15.9234,0.3396,-1.5112,-0.0
22.5,BRAKING,-9.6345,18.996,-0.8163,-17.8317,15.9031,0.3554,-1.5112,-0.0
22.6,BRAKING,-9.738,19.1061,-0.8163,-17.8856,15.8827,0.3713,-1.5112,-0.0
22.7,BRAKING,-9.8415,19.2162,-0.8163,-17.937,15.8623,0.3873,-1.5112,-0.0
22.8,BRAKING,-9.945,19.3263,-0.8163,-17.9861,15.842,0.4034,-1.5112,-0.0
22.9,BRAKING,-10.0485,19.4364,-0.8163,-18.0327,15.8217,0.4196,-1.5112,-0.0
23.0,BRAKING,-10.152,19.5465,-0.8163,-18.0769,15.8017,0.4359,-1.5112,-0.0
23.1,BRAKING,-10.2555,19.6566,-0.8163,-18.1186,15.7819,0.4523,-1.5112,-0.0
23.2,BRAKING,-10.3591,19.7667,-0.8163,-18.1579,15.7625,0.4687,-1.5112,-0.0
23.3,BRAKING,-10.4626,19.8768,-0.8163,-18.1947,15.7435,0.4853,-1.5112,-0.0
23.4,BRAKING,-10.5661,19.9869,-0.8163,-18.2291,15.7251,0.5019,-1.5112,-0.0
23.5,BRAKING,-10.6696,20.097,-0.8163,-18.261,15.7073,0.5186,-1.5112,-0.0
23.6,BRAKING,-10.7731,20.2071,-0.8163,-18.2905,15.6903,0.5354,-1.5112,-0.0
23.7,BRAKING,-10.8766,20.3172,-0.8163,-18.3176,15.6739,0.5522,-1.5112,-0.0
23.8,BRAKING,-10.9801,20.4273,-0.8163,-18.3423,15.6585,0.5691,-1.5112,-0.0
23.9,BRAKING,-11.0836,20.5374,-0.8163,-18.3646,15.644,0.586,-1.5112,-0.0
24.0,BRAKING,-11.1871,20.6475,-0.8163,-18.3845,15.6306,0.603,-1.5112,-0.0
24.1,BRAKING,-11.2906,20.7576,-0.8163,-18.4022,15.6182,0.62,-1.5112,-0.0
24.2,BRAKING,-11.3941,20.8677,-0.8163,-18.4176,15.6071,0.6371,-1.5112,-0.0
24.3,BRAKING,-11.4976,20.9779,-0.8163,-18.4307,15.5972,0.6542,-1.5112,-0.0
24.4,BRAKING,-11.6012,21.088,-0.8163,-18.4417,15.5887,0.6713,-1.5112,-0.0
24.5,BRAKING,-11.7047,21.1981,-0.8163,-18.4504,15.5817,0.6885,-1.5112,-0.0
24.6,BRAKING,-11.8082,21.3082,-0.8163,-18.4571,15.5761,0.7057,-1.5112,-0.0
24.7,BRAKING,-11.9117,21.4183,-0.8163,-18.4617,15.5721,0.7229,-1.5112,-0.0
24.8,BRAKING,-12.0152,21.5284,-0.8163,-18.4643,15.5698,0.7401,-1.5112,-0.0
24.9,BRAKING,-12.1187,21.6385,-0.8163,-18.465,15.5692,0.7573,-1.5112,-0.0
25.0,BRAKING,-12.2222,21.7486,-0.8163,-18.4637,15.5704,0.7745,-1.5112,-0.0
25.1,BRAKING,-12.3257,21.8587,-0.8163,-18.4607,15.5734,0.7917,-1.5112,-0.0
25.2,BRAKING,-12.4292,21.9688,-0.8163,-18.4559,15.5784,0.8089,-1.5112,-0.0
25.3,BRAKING,-12.5327,22.0789,-0.8163,-18.4494,15.5853,0.826,-1.5112,-0.0
25.4,BRAKING,-12.6362,22.189,-0.8163,-18.4412,15.5943,0.8432,-1.5112,-0.0
25.5,BRAKING,-12.7397,22.2991,-0.8163,-18.4315,15.6053,0.8603,-1.5112,-0.0
25.6,BRAKING,-12.8433,22.4092,-0.8163,-18.4204,15.6184,0.8774,-1.5112,-0.0
25.7,BRAKING,-12.9468,22.5193,-0.8163,-18.4078,15.6338,0.8945,-1.5112,-0.0
25.8,BRAKING,-13.0503,22.6294,-0.8163,-18.394,15.6513,0.9115,-1.5112,-0.0
25.9,BRAKING,-13.1538,22.7395,-0.8163,-18.3789,15.6711,0.9285,-1.5112,-0.0
26.0,BRAKING,-13.2573,22.8496,-0.8163,-18.3626,15.6931,0.9454,-1.5112,-0.0
26.1,BRAKING,-13.3608,22.9597,-0.8163,-18.3452,15.7175,0.9623,-1.5112,-0.0
26.2,BRAKING,-13.4643,23.0698,-0.8163,-18.3269,15.7442,0.9791,-1.5112,-0.0
26.3,BRAKING,-13.5678,23.1799,-0.8163,-18.3076,15.7733,0.9959,-1.5112,-0.0
26.4,BRAKING,-13.6713,23.29,-0.8163,-18.2875,15.8048,1.0126,-1.5112,-0.0
26.5,BRAKING,-13.7748,23.4001,-0.8163,-18.2667,15.8387,1.0292,-1.5112,-0.0
26.6,BRAKING,-13.8783,23.5102,-0.8163,-18.2452,15.875,1.0457,-1.5112,-0.0
26.7,BRAKING,-13.9818,23.6203,-0.8163,-18.2231,15.9137,1.0622,-1.5112,-0.0
26.8,BRAKING,-14.0854,23.7304,-0.8163,-18.2005,15.9548,1.0785,-1.5112,-0.0
26.9,BRAKING,-14.1889,23.8405,-0.8163,-18.1775,15.9984,1.0948,-1.5112,-0.0
27.0,BRAKING,-14.2924,23.9506,-0.8163,-18.1542,16.0444,1.111,-1.5112,-0.0
27.1,BRAKING,-14.3959,24.0607,-0.8163,-18.1306,16.0928,1.1271,-1.5112,-0.0
27.2,BRAKING,-14.4994,24.1708,-0.8163,-18.1068,16.1437,1.1431,-1.5112,-0.0
27.3,BRAKING,-14.6029,24.2809,-0.8163,-18.083,16.1969,1.1589,-1.5112,-0.0
27.4,BRAKING,-14.7064,24.391,-0.8163,-18.0591,16.2526,1.1747,-1.5112,-0.0
27.5,BRAKING,-14.8099,24.5011,-0.8163,-18.0353,16.3106,1.1904,-1.5112,-0.0
27.6,BRAKING,-14.9134,24.6112,-0.8163,-18.0116,16.371,1.2059,-1.5112,-0.0
27.7,BRAKING,-15.0169,24.7213,-0.8163,-17.988,16.4337,1.2214,-1.5112,-0.0
27.8,BRAKING,-15.1204,24.8314,-0.8163,-17.9648,16.4987,1.2367,-1.5112,-0.0
27.9,BRAKING,-15.2239,24.9415,-0.8163,-17.9419,16.566,1.2519,-1.5112,-0.0
28.0,BRAKING,-15.3275,25.0516,-0.8163,-17.9194,16.6355,1.267,-1.5112,-0.0
28.1,BRAKING,-15.431,25.1617,-0.8163,-17.8974,16.7073,1.2819,-1.5112,-0.0
28.2,BRAKING,-15.5345,25.2718,-0.8163,-17.8759,16.7813,1.2967,-1.5112,-0.0
28.3,BRAKING,-15.638,25.3819,-0.8163,-17.855,16.8574,1.3114,-1.5112,-0.0
28.4,BRAKING,-15.7415,25.492,-0.8163,-17.8347,16.9356,1.326,-1.5112,-0.0
28.5,BRAKING,-15.845,25.6021,-0.8163,-17.8151,17.0159,1.3404,-1.5112,-0.0
28.6,BRAKING,-15.9485,25.7122,-0.8163,-17.7963,17.0982,1.3547,-1.5112,-0.0
28.7,BRAKING,-16.052,25.8223,-0.8163,-17.7783,17.1825,1.3688,-1.5112,-0.0
28.8,BRAKING,-16.1555,25.9324,-0.8163,-17.7612,17.2688,1.3828,-1.5112,-0.0
28.9,BRAKING,-16.259,26.0425,-0.8163,-17.7449,17.357,1.3967,-1.5112,-0.0
29.0,BRAKING,-16.3625,26.1526,-0.8163,-17.7296,17.447,1.4104,-1.5112,-0.0
29.1,BRAKING,-16.466,26.2627,-0.8163,-17.7152,17.5389,1.424,-1.5112,-0.0
29.2,BRAKING,-16.5696,26.3728,-0.8163,-17.7019,17.6325,1.4375,-1.5112,-0.0
29.3,BRAKING,-16.6731,26.4829,-0.8163,-17.6896,17.7279,1.4508,-1.5112,-0.0
29.4,BRAKING,-16.7766,26.593,-0.8163,-17.6785,17.8249,1.4639,-1.5112,-0.0
29.5,BRAKING,-16.8801,26.7031,-0.8163,-17.6684,17.9236,1.4769,-1.5112,-0.0
29.6,BRAKING,-16.9836,26.8132,-0.8163,-17.6595,18.0238,1.4897,-1.5112,-0.0
29.7,BRAKING,-17.0871,26.9233,-0.8163,-17.6517,18.1256,1.5025,-1.5112,-0.0
29.8,BRAKING,-17.1906,27.0334,-0.8163,-17.6452,18.2289,1.515,-1.5112,-0.0
29.9,BRAKING,-17.2941,27.1435,-0.8163,-17.6399,18.3336,1.5274,-1.5112,-0.0
30.0,BRAKING,-17.3976,27.2536,-0.8163,-17.6358,18.4397,1.5397,-1.5112,-0.0
30.1,BRAKING,-17.5011,27.3638,-0.8163,-17.633,18.5471,1.5518,-1.5112,-0.0
30.2,BRAKING,-17.6046,27.4739,-0.8163,-17.6314,18.6558,1.5638,-1.5112,-0.0
30.3,BRAKING,-17.7081,27.584,-0.8163,-17.6312,18.7658,1.5756,-1.5112,-0.0
30.4,BRAKING,-17.8117,27.6941,-0.8163,-17.6322,18.877,1.5872,-1.5112,-0.0
30.5,BRAKING,-17.9152,27.8042,-0.8163,-17.6346,18.9893,1.5988,-1.5112,-0.0
30.6,BRAKING,-18.0187,27.9143,-0.8163,-17.6383,19.1028,1.6101,-1.5112,-0.0
30.7,BRAKING,-18.1222,28.0244,-0.8163,-17.6433,19.2173,1.6214,-1.5112,-0.0
30.8,BRAKING,-18.2257,28.1345,-0.8163,-17.6497,19.3329,1.6324,-1.5112,-0.0
30.9,BRAKING,-18.3292,28.2446,-0.8163,-17.6574,19.4494,1.6434,-1.5112,-0.0
31.0,BRAKING,-18.4327,28.3547,-0.8163,-17.6664,19.5669,1.6542,-1.5112,-0.0
31.1,BRAKING,-18.5362,28.4648,-0.8163,-17.6768,19.6853,1.6648,-1.5112,-0.0
31.2,BRAKING,-18.6397,28.5749,-0.8163,-17.6886,19.8045,1.6753,-1.5112,-0.0
31.3,BRAKING,-18.7432,28.685,-0.8163,-17.7017,19.9246,1.6857,-1.5112,-0.0
31.4,BRAKING,-18.8467,28.7951,-0.8163,-17.7161,20.0454,1.6959,-1.5112,-0.0
31.5,BRAKING,-18.9502,28.9052,-0.8163,-17.7319,20.167,1.706,-1.5112,-0.0
31.6,BRAKING,-19.0538,29.0153,-0.8163,-17.7491,20.2893,1.7159,-1.5112,-0.0
31.7,BRAKING,-19.1573,29.1254,-0.8163,-17.7675,20.4123,1.7257,-1.5112,-0.0
31.8,BRAKING,-19.2608,29.2355,-0.8163,-17.7873,20.5359,1.7354,-1.5112,-0.0
31.9,BRAKING,-19.3643,29.3456,-0.8163,-17.8084,20.66,1.7449,-1.5112,-0.0
32.0,BRAKING,-19.4678,29.4557,-0.8163,-17.8308,20.7848,1.7543,-1.5112,-0.0
32.1,BRAKING,-19.5713,29.5658,-0.8163,-17.8546,20.9101,1.7635,-1.5112,-0.0
32.2,BRAKING,-19.6748,29.6759,-0.8163,-17.8796,21.0359,1.7726,-1.5112,-0.0
32.3,BRAKING,-19.7783,29.786,-0.8163,-17.9059,21.1621,1.7816,-1.5112,-0.0
32.4,BRAKING,-19.8818,29.8961,-0.8163,-17.9335,21.2888,1.7905,-1.5112,-0.0
32.5,BRAKING,-19.9853,30.0062,-0.8163,-17.9623,21.4159,1.7992,-1.5112,-0.0
32.6,BRAKING,-20.0888,30.1163,-0.8163,-17.9924,21.5434,1.8078,-1.5112,-0.0
32.7,BRAKING,-20.1923,30.2264,-0.8163,-18.0238,21.6713,1.8162,-1.5112,-0.0
32.8,BRAKING,-20.2959,30.3365,-0.8163,-18.0563,21.7995,1.8246,-1.5112,-0.0
32.9,BRAKING,-20.3994,30.4466,-0.8163,-18.0901,21.928,1.8328,-1.5112,-0.0
33.0,BRAKING,-20.5029,30.5567,-0.8163,-18.1251,22.0568,1.8409,-1.5112,-0.0
33.1,BRAKING,-20.6064,30.6668,-0.8163,-18.1613,22.1858,1.8488,-1.5112,-0.0
33.2,BRAKING,-20.7099,30.7769,-0.8163,-18.1986,22.3151,1.8567,-1.5112,-0.0
33.3,BRAKING,-20.8134,30.887,-0.8163,-18.2371,22.4445,1.8644,-1.5112,-0.0
33.4,BRAKING,-20.9169,30.9971,-0.8163,-18.2767,22.5742,1.872,-1.5112,-0.0
33.5,BRAKING,-21.0204,31.1072,-0.8163,-18.3175,22.7041,1.8795,-1.5112,-0.0
33.6,BRAKING,-21.1239,31.2173,-0.8163,-18.3594,22.8341,1.8869,-1.5112,-0.0
33.7,BRAKING,-21.2274,31.3274,-0.8163,-18.4024,22.9642,1.8941,-1.5112,-0.0
33.8,BRAKING,-21.3309,31.4375,-0.8163,-18.4464,23.0945,1.9013,-1.5112,-0.0
33.9,BRAKING,-21.4344,31.5476,-0.8163,-18.4916,23.2248,1.9083,-1.5112,-0.0
34.0,BRAKING,-21.538,31.6577,-0.8163,-18.5378,23.3553,1.9152,-1.5112,-0.0
34.1,BRAKING,-21.6415,31.7678,-0.8163,-18.585,23.4858,1.9221,-1.5112,-0.0
34.2,BRAKING,-21.745,31.8779,-0.8163,-18.6332,23.6163,1.9288,-1.5112,-0.0
34.3,BRAKING,-21.8485,31.988,-0.8163,-18.6825,23.7469,1.9354,-1.5112,-0.0
34.4,BRAKING,-21.952,32.0981,-0.8163,-18.7327,23.8776,1.9419,-1.5112,-0.0
34.5,BRAKING,-22.0555,32.2082,-0.8163,-18.7839,24.0082,1.9483,-1.5112,-0.0
34.6,BRAKING,-22.159,32.3183,-0.8163,-18.8361,24.1389,1.9546,-1.5112,-0.0
34.7,BRAKING,-22.2625,32.4284,-0.8163,-18.8893,24.2695,1.9608,-1.5112,-0.0
34.8,BRAKING,-22.366,32.5385,-0.8163,-18.9433,24.4001,1.9669,-1.5112,-0.0
34.9,BRAKING,-22.4695,32.6486,-0.8163,-18.9983,24.5307,1.9729,-1.5112,-0.0
35.0,BRAKING,-22.573,32.7587,-0.8163,-19.0541,24.6612,1.9788,-1.5112,-0.0
35.1,BRAKING,-22.6765,32.8688,-0.8163,-19.1109,24.7917,1.9846,-1.5112,-0.0
35.2,BRAKING,-22.78,32.9789,-0.8163,-19.1685,24.9221,1.9903,-1.5112,-0.0
35.3,BRAKING,-22.8836,33.089,-0.8163,-19.227,25.0524,1.9959,-1.5112,-0.0
35.4,BRAKING,-22.9871,33.1991,-0.8163,-19.2863,25.1827,2.0014,-1.5112,-0.0
35.5,BRAKING,-23.0906,33.3092,-0.8163,-19.3465,25.3128,2.0069,-1.5112,-0.0
35.6,BRAKING,-23.1941,33.4193,-0.8163,-19.4074,25.4429,2.0122,-1.5112,-0.0
35.7,BRAKING,-23.2976,33.5294,-0.8163,-19.4692,25.5729,2.0175,-1.5112,-0.0
35.8,BRAKING,-23.4011,33.6396,-0.8163,-19.5317,25.7027,2.0227,-1.5112,-0.0
35.9,BRAKING,-23.5046,33.7497,-0.8163,-19.595,25.8325,2.0278,-1.5112,-0.0
36.0,BRAKING,-23.6081,33.8598,-0.8163,-19.6591,25.9621,2.0328,-1.5112,-0.0
36.1,BRAKING,-23.7116,33.9699,-0.8163,-19.7239,26.0916,2.0377,-1.5112,-0.0
36.2,BRAKING,-23.8151,34.08,-0.8163,-19.7894,26.2209,2.0426,-1.5112,-0.0
36.3,BRAKING,-23.9186,34.1901,-0.8163,-19.8556,26.3502,2.0473,-1.5112,-0.0
36.4,BRAKING,-24.0221,34.3002,-0.8163,-19.9226,26.4793,2.052,-1.5112,-0.0
36.5,BRAKING,-24.1257,34.4103,-0.8163,-19.9902,26.6082,2.0567,-1.5112,-0.0
36.6,BRAKING,-24.2292,34.5204,-0.8163,-20.0585,26.737,2.0612,-1.5112,-0.0
36.7,BRAKING,-24.3327,34.6305,-0.8163,-20.1275,26.8656,2.0657,-1.5112,-0.0
36.8,BRAKING,-24.4362,34.7406,-0.8163,-20.1971,26.9941,2.07,-1.5112,-0.0
36.9,BRAKING,-24.5397,34.8507,-0.8163,-20.2674,27.1224,2.0744,-1.5112,-0.0
37.0,BRAKING,-24.6432,34.9608,-0.8163,-20.3383,27.2506,2.0786,-1.5112,-0.0
37.1,BRAKING,-24.7467,35.0709,-0.8163,-20.4098,27.3786,2.0828,-1.5112,-0.0
37.2,BRAKING,-24.8502,35.181,-0.8163,-20.4819,27.5064,2.0869,-1.5112,-0.0
37.3,BRAKING,-24.9537,35.2911,-0.8163,-20.5546,27.6341,2.0909,-1.5112,-0.0
37.4,BRAKING,-25.0572,35.4012,-0.8163,-20.6279,27.7616,2.0949,-1.5112,-0.0
37.5,BRAKING,-25.1607,35.5113,-0.8163,-20.7018,27.8889,2.0988,-1.5112,-0.0
37.6,BRAKING,-25.2642,35.6214,-0.8163,-20.7762,28.016,2.1026,-1.5112,-0.0
37.7,BRAKING,-25.3678,35.7315,-0.8163,-20.8512,28.143,2.1064,-1.5112,-0.0
37.8,BRAKING,-25.4713,35.8416,-0.8163,-20.9267,28.2698,2.1101,-1.5112,-0.0
37.9,BRAKING,-25.5748,35.9517,-0.8163,-21.0027,28.3964,2.1138,-1.5112,-0.0
38.0,BRAKING,-25.6783,36.0618,-0.8163,-21.0793,28.5228,2.1174,-1.5112,-0.0
38.1,BRAKING,-25.7818,36.1719,-0.8163,-21.1563,28.6491,2.1209,-1.5112,-0.0
38.2,BRAKING,-25.8853,36.282,-0.8163,-21.2339,28.7752,2.1244,-1.5112,-0.0
38.3,BRAKING,-25.9888,36.3921,-0.8163,-21.3119,28.9011,2.1278,-1.5112,-0.0
38.4,BRAKING,-26.0923,36.5022,-0.8163,-21.3904,29.0268,2.1311,-1.5112,-0.0
38.5,BRAKING,-26.1958,36.6123,-0.8163,-21.4694,29.1523,2.1344,-1.5112,-0.0
38.6,BRAKING,-26.2993,36.7224,-0.8163,-21.5489,29.2777,2.1377,-1.5112,-0.0
38.7,BRAKING,-26.4028,36.8325,-0.8163,-21.6288,29.4029,2.1409,-1.5112,-0.0
38.8,BRAKING,-26.5063,36.9426,-0.8163,-21.7092,29.5278,2.144,-1.5112,-0.0
38.9,PUSHBACK,-26.6077,37.0504,-0.8141,-21.7899,29.6527,2.1471,-1.4417,-0.07
39.0,PUSHBACK,-26.7057,37.1536,-0.8067,-21.8698,29.7744,2.15,-1.3993,-0.14
39.1,PUSHBACK,-26.8021,37.2533,-0.7942,-21.9478,29.8907,2.1528,-1.3674,-0.21
39.2,PUSHBACK,-26.8978,37.3494,-0.7768,-22.0247,30.0028,2.1556,-1.3415,-0.28
39.3,PUSHBACK,-26.994,37.4424,-0.7544,-22.1009,30.1115,2.1584,-1.3295,-0.344
39.4,PUSHBACK,-27.0924,37.5328,-0.7273,-22.1769,30.2174,2.1614,-1.3364,-0.3952
39.5,PUSHBACK,-27.1939,37.621,-0.6962,-22.2534,30.3218,2.1647,-1.3476,-0.4362
39.6,PUSHBACK,-27.2991,37.7066,-0.6615,-22.3308,30.4254,2.1683,-1.3602,-0.4689
39.7,PUSHBACK,-27.4084,37.7891,-0.6238,-22.4091,30.5282,2.1723,-1.3734,-0.4951
39.8,PUSHBACK,-27.5219,37.868,-0.5834,-22.488,30.6301,2.1768,-1.3865,-0.5161
39.9,PUSHBACK,-27.6396,37.9429,-0.5408,-22.5674,30.731,2.1818,-1.3993,-0.5329
40.0,PUSHBACK,-27.7615,38.0131,-0.4962,-22.6472,30.8306,2.1875,-1.4116,-0.5463
40.1,PUSHBACK,-27.8875,38.0784,-0.45,-22.7269,30.9287,2.1937,-1.4234,-0.5571
40.2,PUSHBACK,-28.0174,38.1382,-0.4024,-22.8066,31.0249,2.2005,-1.4347,-0.5656
40.3,PUSHBACK,-28.1511,38.192,-0.3536,-22.8859,31.119,2.2079,-1.4453,-0.5725
40.4,PUSHBACK,-28.2882,38.2395,-0.3038,-22.9645,31.2107,2.216,-1.4555,-0.578
40.5,PUSHBACK,-28.4285,38.2804,-0.253,-23.0424,31.2997,2.2247,-1.465,-0.5824
40.6,PUSHBACK,-28.5715,38.3143,-0.2015,-23.1193,31.3858,2.234,-1.474,-0.5859
40.7,PUSHBACK,-28.717,38.3409,-0.1493,-23.1949,31.4688,2.244,-1.4825,-0.5887
40.8,PUSHBACK,-28.8645,38.3599,-0.0966,-23.2691,31.5485,2.2545,-1.4905,-0.591
40.9,PUSHBACK,-29.0136,38.3711,-0.0433,-23.3416,31.6246,2.2657,-1.4979,-0.5928
41.0,PUSHBACK,-29.1636,38.3744,0.0103,-23.4122,31.697,2.2774,-1.501,-0.5942
41.1,PUSHBACK,-29.3136,38.3696,0.0642,-23.4807,31.7655,2.2897,-1.501,-0.5954
41.2,PUSHBACK,-29.4631,38.3568,0.1181,-23.5466,31.8297,2.3025,-1.501,-0.5963
41.3,PUSHBACK,-29.6117,38.3359,0.1722,-23.6098,31.8896,2.3157,-1.501,-0.597
41.4,PUSHBACK,-29.759,38.307,0.2263,-23.67,31.9452,2.3294,-1.501,-0.5976
41.5,PUSHBACK,-29.9045,38.2701,0.2805,-23.7273,31.9965,2.3434,-1.501,-0.5981
41.6,PUSHBACK,-30.0478,38.2254,0.3348,-23.7813,32.0435,2.3578,-1.501,-0.5985
41.7,PUSHBACK,-30.1884,38.1731,0.389,-23.832,32.0863,2.3726,-1.501,-0.5988
41.8,PUSHBACK,-30.326,38.1131,0.4434,-23.8791,32.1249,2.3877,-1.501,-0.599
41.9,PUSHBACK,-30.4602,38.0458,0.4977,-23.9227,32.1594,2.4031,-1.501,-0.5992
42.0,PUSHBACK,-30.5905,37.9713,0.5521,-23.9624,32.1899,2.4188,-1.501,-0.5994
42.1,PUSHBACK,-30.7165,37.8899,0.6065,-23.9982,32.2164,2.4348,-1.501,-0.5995
42.2,PUSHBACK,-30.8379,37.8017,0.6608,-24.03,32.239,2.4509,-1.501,-0.5996
42.3,PUSHBACK,-30.9544,37.707,0.7153,-24.0576,32.258,2.4673,-1.501,-0.5997
42.4,PUSHBACK,-31.0655,37.6061,0.7697,-24.0808,32.2733,2.4839,-1.501,-0.5997
42.5,PUSHBACK,-31.171,37.4993,0.8241,-24.0996,32.2852,2.5005,-1.501,-0.5998
42.6,PUSHBACK,-31.2705,37.387,0.8785,-24.1139,32.2938,2.5174,-1.501,-0.5998
42.7,PUSHBACK,-31.3638,37.2694,0.9329,-24.1234,32.2992,2.5343,-1.501,-0.5999
42.8,PUSHBACK,-31.4505,37.1469,0.9874,-24.1282,32.3016,2.5513,-1.501,-0.5999
42.9,PUSHBACK,-31.5304,37.0199,1.0418,-24.1282,32.3012,2.5684,-1.501,-0.5999
43.0,PUSHBACK,-31.6033,36.8887,1.0963,-24.1231,32.2981,2.5855,-1.501,-0.5999
43.1,PUSHBACK,-31.669,36.7537,1.1507,-24.1131,32.2925,2.6026,-1.501,-0.5999
43.2,PUSHBACK,-31.7272,36.6154,1.2051,-24.0979,32.2846,2.6197,-1.501,-0.6
43.3,PUSHBACK,-31.7778,36.4741,1.2596,-24.0776,32.2746,2.6367,-1.501,-0.6
43.4,PUSHBACK,-31.8206,36.3303,1.314,-24.052,32.2626,2.6537,-1.501,-0.6
43.5,PUSHBACK,-31.8556,36.1843,1.3685,-24.0212,32.2489,2.6706,-1.501,-0.6
43.6,PUSHBACK,-31.8825,36.0366,1.4229,-23.985,32.2336,2.6874,-1.501,-0.6
43.7,PUSHBACK,-31.9014,35.8878,1.4774,-23.9436,32.2169,2.704,-1.501,-0.6
43.8,PUSHBACK,-31.9122,35.7381,1.5318,-23.8968,32.1991,2.7205,-1.501,-0.6
43.9,PUSHBACK,-31.9147,35.588,1.5863,-23.8446,32.1801,2.7368,-1.501,-0.6
44.0,PUSHBACK,-31.9091,35.438,1.6407,-23.7871,32.1604,2.7529,-1.501,-0.6
44.1,PUSHBACK,-31.8954,35.2886,1.6952,-23.7243,32.14,2.7688,-1.501,-0.6
44.2,PUSHBACK,-31.8735,35.1401,1.7496,-23.6563,32.119,2.7844,-1.501,-0.6
44.3,PUSHBACK,-31.8436,34.993,1.8041,-23.583,32.0977,2.7997,-1.501,-0.6
44.4,PUSHBACK,-31.8058,34.8478,1.8585,-23.5045,32.0763,2.8147,-1.501,-0.6
44.5,PUSHBACK,-31.7601,34.7048,1.913,-23.4209,32.0548,2.8294,-1.501,-0.6
44.6,PUSHBACK,-31.7066,34.5646,1.9674,-23.3322,32.0333,2.8437,-1.501,-0.6
44.7,PUSHBACK,-31.6457,34.4274,2.0219,-23.2387,32.0122,2.8576,-1.501,-0.6
44.8,PUSHBACK,-31.5773,34.2938,2.0763,-23.1403,31.9913,2.8711,-1.501,-0.6
44.9,PUSHBACK,-31.5018,34.1641,2.1308,-23.0372,31.9709,2.8842,-1.501,-0.6
45.0,PUSHBACK,-31.4193,34.0387,2.1852,-22.9295,31.9511,2.8968,-1.501,-0.6
45.1,PUSHBACK,-31.3301,33.918,2.2397,-22.8174,31.9319,2.9089,-1.501,-0.6
45.2,PUSHBACK,-31.2345,33.8023,2.2941,-22.701,31.9134,2.9204,-1.501,-0.6
45.3,PUSHBACK,-31.1328,33.692,2.3486,-22.5805,31.8957,2.9315,-1.501,-0.6
45.4,PUSHBACK,-31.0252,33.5874,2.403,-22.4561,31.8788,2.9419,-1.501,-0.6
45.5,PUSHBACK,-30.912,33.4888,2.4574,-22.328,31.8627,2.9517,-1.501,-0.6
45.6,PUSHBACK,-30.7937,33.3965,2.5119,-22.1965,31.8475,2.9609,-1.501,-0.6
45.7,PUSHBACK,-30.6705,33.3107,2.5663,-22.0617,31.8332,2.9694,-1.501,-0.6
45.8,PUSHBACK,-30.5428,33.2318,2.6208,-21.9239,31.8197,2.9772,-1.501,-0.6
45.9,PUSHBACK,-30.411,33.16,2.6752,-21.7834,31.807,2.9843,-1.501,-0.6
46.0,PUSHBACK,-30.2755,33.0955,2.7297,-21.6405,31.7951,2.9907,-1.501,-0.6
46.1,PUSHBACK,-30.1367,33.0384,2.7841,-21.4954,31.784,2.9963,-1.501,-0.6
46.2,PUSHBACK,-29.995,32.989,2.8386,-21.3486,31.7734,3.0011,-1.501,-0.6
46.3,PUSHBACK,-29.8508,32.9473,2.893,-21.2003,31.7635,3.005,-1.501,-0.6
46.4,PUSHBACK,-29.7046,32.9136,2.9475,-21.051,31.7541,3.0081,-1.501,-0.6
46.5,PUSHBACK,-29.5567,32.8878,3.0019,-20.901,31.745,3.0103,-1.501,-0.6
46.6,PUSHBACK,-29.4077,32.8702,3.0564,-20.7507,31.7362,3.0117,-1.501,-0.6
46.7,PUSHBACK,-29.2579,32.8607,3.1108,-20.6006,31.7276,3.0121,-1.501,-0.6
46.8,PUSHBACK,-29.1078,32.8593,3.1653,-20.451,31.7191,3.0116,-1.501,-0.6
46.9,PUSHBACK,-28.9579,32.8661,3.2197,-20.3026,31.7105,3.0101,-1.501,-0.6
47.0,PUSHBACK,-28.8085,32.8811,3.2742,-20.1558,31.7017,3.0077,-1.501,-0.6
47.1,PUSHBACK,-28.6602,32.9042,3.3284,-20.011,31.6927,3.0043,-1.501,-0.5951
47.2,PUSHBACK,-28.5134,32.9352,3.3808,-19.8689,31.6833,3.0,-1.501,-0.5618
47.3,PUSHBACK,-28.3683,32.9736,3.4284,-19.7299,31.6731,2.9946,-1.501,-0.5064
47.4,PUSHBACK,-28.2251,33.0185,3.4697,-19.5943,31.6616,2.9884,-1.501,-0.4364
47.5,PUSHBACK,-28.0837,33.0689,3.5042,-19.4621,31.6483,2.9812,-1.501,-0.3664
47.6,PUSHBACK,-27.944,33.1238,3.5322,-19.3333,31.6331,2.9733,-1.501,-0.2964
47.7,PUSHBACK,-27.8057,33.1822,3.5541,-19.2076,31.6162,2.9646,-1.501,-0.2264
47.8,PUSHBACK,-27.6686,33.2433,3.5701,-19.0848,31.5975,2.9555,-1.501,-0.1564
47.9,PUSHBACK,-27.5324,33.3063,3.5804,-18.9644,31.577,2.9458,-1.501,-0.0864
48.0,PUSHBACK,-27.3967,33.3704,3.5851,-18.8461,31.5548,2.9358,-1.501,-0.0164
48.1,PUSHBACK,-27.2611,33.4348,3.5841,-18.7295,31.5307,2.9255,-1.501,0.0536
48.2,PUSHBACK,-27.1253,33.4988,3.5776,-18.6142,31.5047,2.915,-1.501,0.1236
48.3,PUSHBACK,-26.989,33.5616,3.5657,-18.4997,31.4768,2.9043,-1.501,0.1855
48.4,PUSHBACK,-26.8518,33.6225,3.5492,-18.3856,31.4467,2.8935,-1.501,0.2345
48.5,PUSHBACK,-26.7135,33.681,3.5289,-18.2715,31.4146,2.8828,-1.501,0.2708
48.6,PUSHBACK,-26.574,33.7364,3.506,-18.157,31.3805,2.8721,-1.501,0.2951
48.7,PUSHBACK,-26.4333,33.7885,3.4813,-18.0419,31.3444,2.8615,-1.501,0.3083
48.8,PUSHBACK,-26.2913,33.8371,3.4559,-17.926,31.3064,2.8511,-1.501,0.3118
48.9,PUSHBACK,-26.148,33.882,3.4304,-17.8093,31.2666,2.8408,-1.501,0.307
49.0,PUSHBACK,-26.0038,33.9233,3.4056,-17.6918,31.2253,2.8308,-1.4995,0.2954
49.1,PUSHBACK,-25.8594,33.9609,3.3821,-17.5736,31.1825,2.821,-1.4853,0.2786
49.2,PUSHBACK,-25.7154,33.9948,3.3603,-17.4553,31.1385,2.8115,-1.4719,0.2581
49.3,PUSHBACK,-25.572,34.0255,3.3406,-17.3375,31.0938,2.8023,-1.4606,0.2355
49.4,PUSHBACK,-25.429,34.0533,3.3228,-17.2202,31.0483,2.7933,-1.4515,0.2121
49.5,PUSHBACK,-25.2863,34.0784,3.307,-17.1034,31.0022,2.7845,-1.4451,0.1888
49.6,PUSHBACK,-25.1438,34.1014,3.2931,-16.9871,30.9555,2.776,-1.4416,0.1665
49.7,PUSHBACK,-25.0012,34.1224,3.2809,-16.8711,30.908,2.7675,-1.4408,0.146
49.8,PUSHBACK,-24.8582,34.1418,3.2702,-16.7553,30.8599,2.7592,-1.4429,0.1276
49.9,PUSHBACK,-24.7148,34.1598,3.2609,-16.6396,30.8109,2.7509,-1.4477,0.1117
50.0,PUSHBACK,-24.5706,34.1766,3.2526,-16.524,30.7611,2.7427,-1.455,0.0985
50.1,PUSHBACK,-24.4255,34.1924,3.2453,-16.4082,30.7102,2.7344,-1.4648,0.0879
50.2,PUSHBACK,-24.2791,34.2072,3.2387,-16.2921,30.6583,2.7261,-1.4771,0.0799
50.3,PUSHBACK,-24.1312,34.2212,3.2326,-16.1757,30.6053,2.7177,-1.4919,0.0744
50.4,PUSHBACK,-23.9818,34.2345,3.2267,-16.0587,30.5508,2.7092,-1.5039,0.0712
50.5,PUSHBACK,-23.8319,34.247,3.2211,-15.9412,30.495,2.7006,-1.5039,0.07
50.6,PUSHBACK,-23.682,34.2586,3.2155,-15.8241,30.4381,2.6919,-1.5039,0.0706
50.7,PUSHBACK,-23.532,34.2693,3.2098,-15.7077,30.3804,2.6832,-1.5039,0.0726
50.8,PUSHBACK,-23.3819,34.2792,3.2039,-15.592,30.3217,2.6744,-1.5039,0.0757
50.9,PUSHBACK,-23.2318,34.2882,3.1977,-15.4771,30.2621,2.6656,-1.5039,0.0797
51.0,PUSHBACK,-23.0816,34.2963,3.1912,-15.3628,30.2015,2.6568,-1.5039,0.0842
51.1,PUSHBACK,-22.9314,34.3033,3.1843,-15.2494,30.1399,2.6479,-1.5039,0.089
51.2,PUSHBACK,-22.7811,34.3093,3.177,-15.1366,30.0774,2.6389,-1.5039,0.0939
51.3,PUSHBACK,-22.6308,34.3142,3.1694,-15.0245,30.0138,2.63,-1.5039,0.0986
51.4,PUSHBACK,-22.4805,34.3178,3.1613,-14.9131,29.9493,2.621,-1.5039,0.1031
51.5,PUSHBACK,-22.3301,34.3203,3.1529,-14.8025,29.8837,2.612,-1.5039,0.1071
51.6,PUSHBACK,-22.1797,34.3215,3.1442,-14.6924,29.8171,2.603,-1.5039,0.1107
51.7,PUSHBACK,-22.0293,34.3214,3.1353,-14.5831,29.7495,2.5939,-1.5039,0.1137
51.8,PUSHBACK,-21.879,34.3199,3.1261,-14.4743,29.6808,2.5849,-1.5039,0.1162
51.9,PUSHBACK,-21.7286,34.317,3.1167,-14.3662,29.6111,2.5758,-1.5039,0.1181
52.0,PUSHBACK,-21.5783,34.3127,3.1072,-14.2588,29.5405,2.5668,-1.5039,0.1194
52.1,PUSHBACK,-21.428,34.3069,3.0976,-14.152,29.4688,2.5577,-1.5039,0.1203
52.2,PUSHBACK,-21.2778,34.2997,3.088,-14.0457,29.3961,2.5487,-1.5039,0.1207
52.3,PUSHBACK,-21.1277,34.2911,3.0783,-13.9402,29.3224,2.5397,-1.5039,0.1207
52.4,PUSHBACK,-20.9776,34.281,3.0686,-13.8352,29.2477,2.5307,-1.5039,0.1204
52.5,PUSHBACK,-20.8277,34.2695,3.059,-13.7309,29.1721,2.5217,-1.5039,0.1198
52.6,PUSHBACK,-20.6778,34.2565,3.0494,-13.6272,29.0955,2.5127,-1.5039,0.119
52.7,PUSHBACK,-20.5281,34.2421,3.0399,-13.5242,29.018,2.5037,-1.5039,0.1181
52.8,PUSHBACK,-20.3786,34.2263,3.0305,-13.4218,28.9395,2.4947,-1.5039,0.1171
52.9,PUSHBACK,-20.2292,34.209,3.0212,-13.3201,28.8601,2.4857,-1.5039,0.1161
53.0,PUSHBACK,-20.08,34.1904,3.0119,-13.2191,28.7797,2.4768,-1.5039,0.1151
53.1,PUSHBACK,-19.9309,34.1704,3.0027,-13.1188,28.6985,2.4678,-1.5039,0.1141
53.2,PUSHBACK,-19.7821,34.149,2.9936,-13.0192,28.6164,2.4588,-1.5039,0.1132
53.3,PUSHBACK,-19.6334,34.1263,2.9846,-12.9204,28.5334,2.4499,-1.5039,0.1124
53.4,PUSHBACK,-19.4849,34.1023,2.9756,-12.8222,28.4495,2.4409,-1.5039,0.1117
53.5,PUSHBACK,-19.3367,34.0769,2.9666,-12.7248,28.3647,2.432,-1.5039,0.1112
53.6,PUSHBACK,-19.1887,34.0502,2.9578,-12.6282,28.2791,2.4231,-1.5039,0.1107
53.7,PUSHBACK,-19.041,34.0222,2.9489,-12.5323,28.1926,2.4141,-1.5039,0.1104
53.8,PUSHBACK,-18.8935,33.9929,2.9401,-12.4372,28.1053,2.4052,-1.5039,0.1102
53.9,PUSHBACK,-18.7462,33.9622,2.9313,-12.3429,28.0171,2.3962,-1.5039,0.1101
54.0,PUSHBACK,-18.5993,33.9303,2.9224,-12.2494,27.9282,2.3873,-1.5039,0.1101
54.1,PUSHBACK,-18.4526,33.8971,2.9136,-12.1567,27.8384,2.3783,-1.5039,0.1101
54.2,PUSHBACK,-18.3062,33.8626,2.9048,-12.0648,27.7477,2.3694,-1.5039,0.1102
54.3,PUSHBACK,-18.1602,33.8268,2.896,-11.9738,27.6563,2.3604,-1.5039,0.1104
54.4,PUSHBACK,-18.0144,33.7897,2.8871,-11.8836,27.564,2.3515,-1.5039,0.1106
54.5,PUSHBACK,-17.869,33.7514,2.8783,-11.7942,27.471,2.3425,-1.5039,0.1108
54.6,PUSHBACK,-17.724,33.7117,2.8694,-11.7056,27.3771,2.3335,-1.5039,0.111
54.7,PUSHBACK,-17.5792,33.6707,2.8605,-11.6179,27.2825,2.3246,-1.5039,0.1112
54.8,PUSHBACK,-17.4349,33.6285,2.8516,-11.5311,27.1871,2.3156,-1.5039,0.1114
54.9,PUSHBACK,-17.291,33.585,2.8427,-11.4451,27.0909,2.3066,-1.5039,0.1116
55.0,PUSHBACK,-17.1474,33.5402,2.8337,-11.36,26.994,2.2977,-1.5039,0.1118
55.1,PUSHBACK,-17.0043,33.4941,2.8248,-11.2758,26.8963,2.2887,-1.5039,0.1119
55.2,PUSHBACK,-16.8615,33.4468,2.8158,-11.1924,26.7978,2.2798,-1.5039,0.112
55.3,PUSHBACK,-16.7192,33.3981,2.8068,-11.11,26.6986,2.2708,-1.5039,0.1122
55.4,PUSHBACK,-16.5774,33.3482,2.7979,-11.0284,26.5987,2.2618,-1.5039,0.1122
55.5,PUSHBACK,-16.436,33.297,2.7889,-10.9477,26.498,2.2529,-1.5039,0.1123
55.6,PUSHBACK,-16.295,33.2445,2.7799,-10.868,26.3966,2.2439,-1.5039,0.1123
55.7,PUSHBACK,-16.1546,33.1908,2.7709,-10.7891,26.2945,2.2349,-1.5039,0.1123
55.8,PUSHBACK,-16.0146,33.1358,2.7619,-10.7112,26.1917,2.226,-1.5039,0.1123
55.9,PUSHBACK,-15.8751,33.0796,2.7529,-10.6342,26.0882,2.217,-1.5039,0.1123
56.0,PUSHBACK,-15.7361,33.0221,2.7439,-10.5581,25.984,2.208,-1.5039,0.1123
56.1,PUSHBACK,-15.5977,32.9634,2.7349,-10.483,25.8791,2.1991,-1.5039,0.1122
56.2,PUSHBACK,-15.4598,32.9034,2.7259,-10.4088,25.7736,2.1901,-1.5039,0.1122
56.3,PUSHBACK,-15.3224,32.8421,2.7169,-10.3355,25.6674,2.1811,-1.5039,0.1121
56.4,PUSHBACK,-15.1856,32.7797,2.708,-10.2632,25.5605,2.1722,-1.5039,0.1121
56.5,PUSHBACK,-15.0494,32.716,2.699,-10.1919,25.453,2.1632,-1.5039,0.1121
56.6,PUSHBACK,-14.9137,32.6511,2.69,-10.1215,25.3449,2.1542,-1.5039,0.112
56.7,PUSHBACK,-14.7787,32.585,2.681,-10.0521,25.2361,2.1453,-1.5039,0.112
56.8,PUSHBACK,-14.6442,32.5177,2.6721,-9.9837,25.1267,2.1363,-1.5039,0.1119
56.9,PUSHBACK,-14.5103,32.4492,2.6631,-9.9162,25.0167,2.1274,-1.5039,0.1119
57.0,PUSHBACK,-14.3771,32.3794,2.6542,-9.8498,24.9061,2.1184,-1.5039,0.1119
57.1,PUSHBACK,-14.2444,32.3085,2.6452,-9.7843,24.795,2.1094,-1.5039,0.1119
57.2,PUSHBACK,-14.1125,32.2364,2.6362,-9.7198,24.6832,2.1005,-1.5039,0.1119
57.3,PUSHBACK,-13.9811,32.1632,2.6273,-9.6564,24.5709,2.0915,-1.5039,0.1119
57.4,PUSHBACK,-13.8505,32.0887,2.6183,-9.5939,24.458,2.0826,-1.5039,0.1118
57.5,PUSHBACK,-13.7205,32.0131,2.6094,-9.5325,24.3445,2.0736,-1.5039,0.1118
57.6,PUSHBACK,-13.5912,31.9363,2.6004,-9.4721,24.2305,2.0646,-1.5039,0.1118
57.7,PUSHBACK,-13.4626,31.8584,2.5915,-9.4127,24.116,2.0557,-1.5039,0.1119
57.8,PUSHBACK,-13.3346,31.7793,2.5825,-9.3543,24.0009,2.0467,-1.5039,0.1119
57.9,PUSHBACK,-13.2074,31.6991,2.5735,-9.297,23.8853,2.0377,-1.5039,0.1119
58.0,PUSHBACK,-13.081,31.6177,2.5646,-9.2407,23.7692,2.0288,-1.5039,0.1119
58.1,PUSHBACK,-12.9552,31.5352,2.5556,-9.1855,23.6526,2.0198,-1.5039,0.1119
58.2,PUSHBACK,-12.8302,31.4516,2.5467,-9.1313,23.5355,2.0109,-1.5039,0.1119
58.3,PUSHBACK,-12.706,31.3669,2.5377,-9.0781,23.418,2.0019,-1.5039,0.1119
58.4,PUSHBACK,-12.5825,31.2811,2.5287,-9.026,23.2999,1.9929,-1.5039,0.1119
58.5,PUSHBACK,-12.4598,31.1941,2.5198,-8.975,23.1814,1.984,-1.5039,0.1119
58.6,PUSHBACK,-12.3379,31.1061,2.5108,-8.925,23.0625,1.975,-1.5039,0.1119
58.7,PUSHBACK,-12.2167,31.017,2.5019,-8.8761,22.9431,1.966,-1.5039,0.1119
58.8,PUSHBACK,-12.0964,30.9268,2.4929,-8.8283,22.8233,1.9571,-1.5039,0.1119
58.9,PUSHBACK,-11.9769,30.8355,2.4839,-8.7815,22.703,1.9481,-1.5039,0.1119
59.0,PUSHBACK,-11.8582,30.7431,2.475,-8.7359,22.5824,1.9392,-1.5039,0.1119
59.1,PUSHBACK,-11.7403,30.6497,2.466,-8.6913,22.4613,1.9302,-1.5039,0.1119
59.2,PUSHBACK,-11.6233,30.5552,2.457,-8.6478,22.3398,1.9212,-1.5039,0.1119
59.3,PUSHBACK,-11.5072,30.4597,2.4481,-8.6053,22.218,1.9123,-1.5039,0.1119
59.4,PUSHBACK,-11.3919,30.3632,2.4391,-8.564,22.0958,1.9033,-1.5039,0.1119
59.5,PUSHBACK,-11.2774,30.2656,2.4302,-8.5238,21.9732,1.8943,-1.5039,0.1119
59.6,PUSHBACK,-11.1639,30.167,2.4212,-8.4847,21.8502,1.8854,-1.5039,0.1119
59.7,PUSHBACK,-11.0512,30.0674,2.4122,-8.4467,21.7269,1.8764,-1.5039,0.1119
59.8,PUSHBACK,-10.9395,29.9668,2.4033,-8.4098,21.6033,1.8675,-1.5039,0.1119
59.9,PUSHBACK,-10.8286,29.8652,2.3943,-8.374,21.4794,1.8585,-1.5039,0.1119
60.0,PUSHBACK,-10.7186,29.7626,2.3853,-8.3393,21.3551,1.8495,-1.5039,0.1119
60.1,PUSHBACK,-10.6096,29.659,2.3764,-8.3057,21.2305,1.8406,-1.5039,0.1119
60.2,PUSHBACK,-10.5015,29.5544,2.3674,-8.2732,21.1057,1.8316,-1.5039,0.1119
60.3,PUSHBACK,-10.3944,29.4489,2.3584,-8.2419,20.9805,1.8226,-1.5039,0.1119
60.4,PUSHBACK,-10.2882,29.3424,2.3495,-8.2117,20.8551,1.8137,-1.5039,0.1119
60.5,PUSHBACK,-10.183,29.235,2.3405,-8.1826,20.7294,1.8047,-1.5039,0.1119
60.6,PUSHBACK,-10.0787,29.1266,2.3316,-8.1546,20.6034,1.7958,-1.5039,0.1119
60.7,PUSHBACK,-9.9754,29.0173,2.3226,-8.1278,20.4772,1.7868,-1.5039,0.1119
60.8,PUSHBACK,-9.8731,28.9071,2.3136,-8.1021,20.3508,1.7778,-1.5039,0.1119
60.9,PUSHBACK,-9.7718,28.796,2.3047,-8.0775,20.2241,1.7689,-1.5039,0.1119
61.0,PUSHBACK,-9.6714,28.6839,2.2957,-8.0541,20.0972,1.7599,-1.5039,0.1119
61.1,PUSHBACK,-9.5721,28.571,2.2867,-8.0318,19.9702,1.7509,-1.5039,0.1119
61.2,PUSHBACK,-9.4738,28.4572,2.2778,-8.0107,19.8429,1.742,-1.5039,0.1119
61.3,PUSHBACK,-9.3766,28.3425,2.2688,-7.9907,19.7154,1.733,-1.5039,0.1119
61.4,PUSHBACK,-9.2803,28.2269,2.2599,-7.9718,19.5878,1.7241,-1.5039,0.1119
61.5,PUSHBACK,-9.1851,28.1105,2.2509,-7.9541,19.46,1.7151,-1.5039,0.1119
61.6,PUSHBACK,-9.091,27.9933,2.2419,-7.9375,19.3321,1.7061,-1.5039,0.1119
61.7,PUSHBACK,-8.9979,27.8752,2.233,-7.9221,19.204,1.6972,-1.5039,0.1119
61.8,PUSHBACK,-8.9058,27.7562,2.224,-7.9078,19.0757,1.6882,-1.5039,0.1119
61.9,PUSHBACK,-8.8149,27.6365,2.215,-7.8947,18.9474,1.6792,-1.5039,0.1119
62.0,PUSHBACK,-8.725,27.5159,2.2061,-7.8827,18.8189,1.6703,-1.5039,0.1119
62.1,PUSHBACK,-8.6362,27.3945,2.1971,-7.8719,18.6904,1.6613,-1.5039,0.1119
62.2,PUSHBACK,-8.5484,27.2724,2.1882,-7.8622,18.5617,1.6524,-1.5039,0.1119
62.3,PUSHBACK,-8.4618,27.1494,2.1792,-7.8537,18.433,1.6434,-1.5039,0.1119
62.4,PUSHBACK,-8.3763,27.0257,2.1702,-7.8463,18.3042,1.6344,-1.5039,0.1119
62.5,PUSHBACK,-8.2919,26.9013,2.1613,-7.8401,18.1753,1.6255,-1.5039,0.1119
62.6,PUSHBACK,-8.2086,26.776,2.1523,-7.835,18.0464,1.6165,-1.5039,0.1119
62.7,PUSHBACK,-8.1265,26.6501,2.1433,-7.8311,17.9174,1.6075,-1.5039,0.1119
62.8,PUSHBACK,-8.0455,26.5234,2.1344,-7.8284,17.7884,1.5986,-1.5039,0.1119
62.9,PUSHBACK,-7.9656,26.396,2.1254,-7.8268,17.6594,1.5896,-1.5039,0.1119
63.0,PUSHBACK,-7.8868,26.2678,2.1165,-7.8264,17.5304,1.5807,-1.5039,0.1119
63.1,PUSHBACK,-7.8092,26.139,2.1075,-7.8271,17.4014,1.5717,-1.5039,0.1119
63.2,PUSHBACK,-7.7328,26.0095,2.0985,-7.829,17.2724,1.5627,-1.5039,0.1119
63.3,PUSHBACK,-7.6576,25.8793,2.0896,-7.832,17.1434,1.5538,-1.5039,0.1119
63.4,PUSHBACK,-7.5835,25.7484,2.0806,-7.8362,17.0144,1.5448,-1.5039,0.1119
63.5,PUSHBACK,-7.5105,25.6169,2.0716,-7.8416,16.8855,1.5358,-1.5039,0.1119
63.6,PUSHBACK,-7.4388,25.4847,2.0627,-7.8481,16.7567,1.5269,-1.5039,0.1119
63.7,PUSHBACK,-7.3683,25.3519,2.0537,-7.8557,16.6279,1.5179,-1.5039,0.1119
63.8,PUSHBACK,-7.2989,25.2185,2.0448,-7.8645,16.4992,1.509,-1.5039,0.1119
63.9,PUSHBACK,-7.2307,25.0844,2.0358,-7.8745,16.3705,1.5,-1.5039,0.1119
64.0,PUSHBACK,-7.1638,24.9498,2.0268,-7.8856,16.242,1.491,-1.5039,0.1119
64.1,PUSHBACK,-7.098,24.8145,2.0179,-7.8979,16.1136,1.4821,-1.5039,0.1119
64.2,PUSHBACK,-7.0335,24.6787,2.0089,-7.9113,15.9852,1.4731,-1.5039,0.1119
64.3,PUSHBACK,-6.9702,24.5423,1.9999,-7.9259,15.857,1.4641,-1.5039,0.1119
64.4,PUSHBACK,-6.9081,24.4053,1.991,-7.9416,15.729,1.4552,-1.5039,0.1119
64.5,PUSHBACK,-6.8473,24.2678,1.982,-7.9585,15.6011,1.4462,-1.5039,0.1119
64.6,PUSHBACK,-6.7876,24.1297,1.9731,-7.9765,15.4733,1.4373,-1.5039,0.1119
64.7,PUSHBACK,-6.7293,23.9911,1.9641,-7.9956,15.3457,1.4283,-1.5039,0.1119
64.8,PUSHBACK,-6.6721,23.852,1.9551,-8.0159,15.2183,1.4193,-1.5039,0.1119
64.9,PUSHBACK,-6.6162,23.7124,1.9462,-8.0374,15.0911,1.4104,-1.5039,0.1119
65.0,PUSHBACK,-6.5616,23.5723,1.9372,-8.0599,14.9641,1.4014,-1.5039,0.1119
65.1,PUSHBACK,-6.5082,23.4317,1.9282,-8.0837,14.8372,1.3924,-1.5039,0.1119
65.2,PUSHBACK,-6.4561,23.2906,1.9193,-8.1085,14.7106,1.3835,-1.5039,0.1119
65.3,PUSHBACK,-6.4053,23.1491,1.9103,-8.1345,14.5843,1.3745,-1.5039,0.1119
65.4,PUSHBACK,-6.3557,23.0071,1.9014,-8.1616,14.4581,1.3656,-1.5039,0.1119
65.5,PUSHBACK,-6.3074,22.8647,1.8924,-8.1898,14.3322,1.3566,-1.5039,0.1119
65.6,PUSHBACK,-6.2604,22.7219,1.8834,-8.2192,14.2066,1.3476,-1.5039,0.1119
65.7,PUSHBACK,-6.2146,22.5786,1.8745,-8.2497,14.0812,1.3387,-1.5039,0.1119
65.8,PUSHBACK,-6.1702,22.4349,1.8655,-8.2813,13.9562,1.3297,-1.5039,0.1119
65.9,PUSHBACK,-6.127,22.2909,1.8565,-8.3141,13.8314,1.3207,-1.5039,0.1119
66.0,PUSHBACK,-6.0851,22.1464,1.8476,-8.3479,13.7069,1.3118,-1.5039,0.1119
66.1,PUSHBACK,-6.0446,22.0016,1.8386,-8.3829,13.5827,1.3028,-1.5039,0.1119
66.2,PUSHBACK,-6.0053,21.8565,1.8297,-8.419,13.4588,1.2938,-1.5039,0.1119
66.3,PUSHBACK,-5.9673,21.711,1.8207,-8.4562,13.3353,1.2849,-1.5039,0.1119
66.4,PUSHBACK,-5.9306,21.5651,1.8117,-8.4945,13.2121,1.2759,-1.5039,0.1119
66.5,PUSHBACK,-5.8953,21.4189,1.8028,-8.5339,13.0892,1.267,-1.5039,0.1119
66.6,PUSHBACK,-5.8612,21.2725,1.7938,-8.5744,12.9667,1.258,-1.5039,0.1119
66.7,PUSHBACK,-5.8285,21.1257,1.7848,-8.616,12.8446,1.249,-1.5039,0.1119
66.8,PUSHBACK,-5.7971,20.9786,1.7759,-8.6587,12.7228,1.2401,-1.5039,0.1119
66.9,PUSHBACK,-5.767,20.8313,1.7669,-8.7024,12.6015,1.2311,-1.5039,0.1119
67.0,PUSHBACK,-5.7382,20.6837,1.758,-8.7473,12.4805,1.2221,-1.5039,0.1119
67.1,PUSHBACK,-5.7107,20.5358,1.749,-8.7933,12.3599,1.2132,-1.5039,0.1119
67.2,PUSHBACK,-5.6846,20.3877,1.74,-8.8403,12.2398,1.2042,-1.5039,0.1119
67.3,PUSHBACK,-5.6598,20.2394,1.7311,-8.8884,12.1201,1.1953,-1.5039,0.1119
67.4,PUSHBACK,-5.6364,20.0908,1.7221,-8.9376,12.0008,1.1863,-1.5039,0.1119
67.5,PUSHBACK,-5.6142,19.9421,1.7131,-8.9878,11.8819,1.1773,-1.5039,0.1119
67.6,PUSHBACK,-5.5934,19.7931,1.7042,-9.0391,11.7636,1.1684,-1.5039,0.1119
67.7,PUSHBACK,-5.574,19.644,1.6952,-9.0915,11.6456,1.1594,-1.5039,0.1119
67.8,PUSHBACK,-5.5558,19.4947,1.6863,-9.1449,11.5282,1.1504,-1.5039,0.1119
67.9,PUSHBACK,-5.539,19.3453,1.6773,-9.1993,11.4112,1.1415,-1.5039,0.1119
68.0,PUSHBACK,-5.5236,19.1957,1.6683,-9.2549,11.2948,1.1325,-1.5039,0.1119
68.1,PUSHBACK,-5.5095,19.046,1.6594,-9.3114,11.1788,1.1236,-1.5039,0.1119
68.2,PUSHBACK,-5.4967,18.8961,1.6504,-9.369,11.0634,1.1146,-1.5039,0.1119
68.3,PUSHBACK,-5.4853,18.7462,1.6414,-9.4276,10.9484,1.1056,-1.5039,0.1119
68.4,PUSHBACK,-5.4752,18.5961,1.6325,-9.4873,10.834,1.0967,-1.5039,0.1119
68.5,PUSHBACK,-5.4665,18.446,1.6235,-9.5479,10.7202,1.0877,-1.5039,0.1119
68.6,PUSHBACK,-5.4591,18.2958,1.6146,-9.6096,10.6069,1.0787,-1.5039,0.1119
68.7,PUSHBACK,-5.4531,18.1455,1.6056,-9.6723,10.4941,1.0698,-1.5039,0.1119
68.8,PUSHBACK,-5.4484,17.9952,1.5966,-9.736,10.3819,1.0608,-1.5039,0.1119
68.9,PUSHBACK,-5.445,17.8449,1.5877,-9.8008,10.2703,1.0519,-1.5039,0.1119
69.0,PUSHBACK,-5.443,17.6945,1.5787,-9.8665,10.1593,1.0429,-1.5039,0.1119
69.1,PUSHBACK,-5.4424,17.5441,1.5697,-9.9332,10.0488,1.0339,-1.5039,0.1119
69.2,PUSHBACK,-5.4431,17.3937,1.5608,-10.0009,9.939,1.025,-1.5039,0.1119
69.3,PUSHBACK,-5.4451,17.2434,1.5518,-10.0696,9.8298,1.016,-1.5039,0.1119
69.4,PUSHBACK,-5.4485,17.093,1.5429,-10.1392,9.7212,1.007,-1.5039,0.1119
69.5,PUSHBACK,-5.4532,16.9427,1.5339,-10.2098,9.6132,0.9981,-1.5039,0.1119
69.6,PUSHBACK,-5.4593,16.7924,1.5249,-10.2814,9.5059,0.9891,-1.5039,0.1119
69.7,PUSHBACK,-5.4668,16.6422,1.516,-10.354,9.3992,0.9802,-1.5039,0.1119
69.8,PUSHBACK,-5.4755,16.4921,1.507,-10.4275,9.2931,0.9712,-1.5039,0.1119
69.9,PUSHBACK,-5.4857,16.3421,1.498,-10.5019,9.1877,0.9622,-1.5039,0.1119
70.0,PUSHBACK,-5.4971,16.1921,1.4891,-10.5773,9.083,0.9533,-1.5039,0.1119
70.1,PUSHBACK,-5.5099,16.0423,1.4801,-10.6536,8.979,0.9443,-1.5039,0.1119
70.2,PUSHBACK,-5.5241,15.8926,1.4712,-10.7309,8.8757,0.9353,-1.5039,0.1119
70.3,PUSHBACK,-5.5396,15.743,1.4622,-10.809,8.773,0.9264,-1.5039,0.1119
70.4,PUSHBACK,-5.5564,15.5935,1.4532,-10.8881,8.6711,0.9174,-1.5039,0.1119
70.5,PUSHBACK,-5.5746,15.4442,1.4443,-10.9681,8.5699,0.9085,-1.5039,0.1119
70.6,PUSHBACK,-5.5941,15.2951,1.4353,-11.049,8.4694,0.8995,-1.5039,0.1119
70.7,PUSHBACK,-5.615,15.1462,1.4263,-11.1308,8.3696,0.8905,-1.5039,0.1119
70.8,PUSHBACK,-5.6371,14.9975,1.4174,-11.2135,8.2706,0.8816,-1.5039,0.1119
70.9,PUSHBACK,-5.6607,14.8489,1.4084,-11.2971,8.1723,0.8726,-1.5039,0.1119
71.0,PUSHBACK,-5.6855,14.7006,1.3995,-11.3816,8.0748,0.8636,-1.5039,0.1119
71.1,PUSHBACK,-5.7117,14.5525,1.3905,-11.4669,7.978,0.8547,-1.5039,0.1119
71.2,PUSHBACK,-5.7392,14.4047,1.3815,-11.5531,7.882,0.8457,-1.5039,0.1119
71.3,PUSHBACK,-5.768,14.2571,1.3726,-11.6401,7.7868,0.8368,-1.5039,0.1119
71.4,PUSHBACK,-5.7981,14.1097,1.3636,-11.728,7.6923,0.8278,-1.5039,0.1119
71.5,PUSHBACK,-5.8296,13.9627,1.3546,-11.8168,7.5987,0.8188,-1.5039,0.1119
71.6,PUSHBACK,-5.8624,13.8159,1.3457,-11.9064,7.5058,0.8099,-1.5039,0.1119
71.7,PUSHBACK,-5.8965,13.6694,1.3367,-11.9968,7.4138,0.8009,-1.5039,0.1119
71.8,PUSHBACK,-5.9319,13.5233,1.3278,-12.088,7.3225,0.7919,-1.5039,0.1119
71.9,PUSHBACK,-5.9686,13.3774,1.3188,-12.18,7.2321,0.783,-1.5039,0.1119
72.0,PUSHBACK,-6.0066,13.2319,1.3098,-12.2729,7.1425,0.774,-1.5039,0.1119
72.1,PUSHBACK,-6.0459,13.0868,1.3009,-12.3665,7.0538,0.7651,-1.5039,0.1119
72.2,PUSHBACK,-6.0866,12.942,1.2919,-12.461,6.9659,0.7561,-1.5039,0.1119
72.3,PUSHBACK,-6.1285,12.7976,1.2829,-12.5562,6.8788,0.7471,-1.5039,0.1119
72.4,PUSHBACK,-6.1717,12.6535,1.274,-12.6522,6.7926,0.7382,-1.5039,0.1119
72.5,PUSHBACK,-6.2158,12.5112,1.2649,-12.7489,6.7073,0.7292,-1.481,0.1188
72.6,PUSHBACK,-6.2604,12.3717,1.2552,-12.8456,6.6236,0.7203,-1.4518,0.1311
72.7,PUSHBACK,-6.3057,12.2349,1.2447,-12.9414,6.5423,0.7116,-1.4307,0.1472
72.8,PUSHBACK,-6.3519,12.1003,1.2329,-13.0367,6.4631,0.703,-1.4144,0.1658
72.9,PUSHBACK,-6.3993,11.9677,1.2198,-13.1318,6.3857,0.6946,-1.4016,0.1856
73.0,PUSHBACK,-6.4481,11.8367,1.2053,-13.227,6.3099,0.6862,-1.392,0.2057
73.1,PUSHBACK,-6.4986,11.7073,1.1893,-13.3226,6.2353,0.678,-1.3856,0.2251
73.2,PUSHBACK,-6.551,11.5791,1.1719,-13.4188,6.1619,0.67,-1.3826,0.243
73.3,PUSHBACK,-6.6057,11.452,1.1532,-13.5159,6.0893,0.662,-1.3832,0.259
73.4,PUSHBACK,-6.6628,11.3258,1.1333,-13.6143,6.0173,0.6542,-1.3879,0.2726
73.5,PUSHBACK,-6.7229,11.2002,1.1124,-13.7142,5.9456,0.6465,-1.3974,0.2835
73.6,PUSHBACK,-6.7861,11.0748,1.0904,-13.8158,5.874,0.6389,-1.4126,0.2915
73.7,PUSHBACK,-6.853,10.9492,1.0676,-13.9198,5.8021,0.6315,-1.4355,0.2967
73.8,PUSHBACK,-6.9242,10.8227,1.044,-14.0265,5.7296,0.6242,-1.4713,0.2989
73.9,PUSHBACK,-7.0006,10.6944,1.0196,-14.1366,5.656,0.617,-1.5035,0.2984
74.0,PUSHBACK,-7.0805,10.5671,0.9952,-14.2515,5.5805,0.6098,-1.5035,0.2951
74.1,PUSHBACK,-7.1636,10.4417,0.9712,-14.3684,5.5048,0.6028,-1.5035,0.2893
74.2,PUSHBACK,-7.2496,10.3184,0.9477,-14.4866,5.4293,0.5961,-1.5035,0.2814
74.3,BRAKING,-7.3385,10.1971,0.925,-14.606,5.3541,0.5897,-1.5035,0.2717
74.4,BRAKING,-7.43,10.0778,0.9047,-14.7265,5.279,0.5836,-1.5035,0.2174
74.5,BRAKING,-7.5237,9.9602,0.8885,-14.8478,5.2039,0.5777,-1.5035,0.1739
74.6,BRAKING,-7.6191,9.8441,0.8756,-14.9695,5.1286,0.5721,-1.5035,0.1391
74.7,BRAKING,-7.7159,9.729,0.8654,-15.0916,5.0533,0.5667,-1.5035,0.1113
74.8,BRAKING,-7.8138,9.6149,0.8572,-15.2139,4.9781,0.5614,-1.5035,0.089
74.9,BRAKING,-7.9125,9.5015,0.8506,-15.3366,4.9032,0.5562,-1.5035,0.0712
75.0,BRAKING,-8.0119,9.3887,0.8454,-15.4595,4.8286,0.5511,-1.5035,0.057
75.1,BRAKING,-8.1119,9.2764,0.8412,-15.5827,4.7544,0.546,-1.5035,0.0456
75.2,BRAKING,-8.2122,9.1644,0.8379,-15.7061,4.6807,0.5409,-1.5035,0.0365
75.3,BRAKING,-8.3129,9.0528,0.8352,-15.8298,4.6075,0.5358,-1.5035,0.0292
75.4,BRAKING,-8.4139,8.9414,0.8331,-15.9536,4.5349,0.5306,-1.5035,0.0233
75.5,BRAKING,-8.5151,8.8302,0.8313,-16.0777,4.4629,0.5254,-1.5035,0.0187
75.6,BRAKING,-8.6165,8.7192,0.83,-16.2019,4.3916,0.5202,-1.5035,0.0149
75.7,BRAKING,-8.7181,8.6083,0.8289,-16.3264,4.321,0.5149,-1.5035,0.0119
75.8,BRAKING,-8.8197,8.4975,0.828,-16.451,4.2511,0.5096,-1.5035,0.0096
75.9,BRAKING,-8.9214,8.3868,0.8273,-16.5757,4.1819,0.5042,-1.5035,0.0076
76.0,BRAKING,-9.0232,8.2761,0.8267,-16.7007,4.1135,0.4987,-1.5035,0.0061
76.1,BRAKING,-9.1251,8.1655,0.8263,-16.8258,4.0458,0.4931,-1.5035,0.0049
76.2,BRAKING,-9.227,8.055,0.8259,-16.951,3.979,0.4875,-1.5035,0.0039
76.3,BRAKING,-9.3289,7.9444,0.8256,-17.0764,3.913,0.4817,-1.5035,0.0031
76.4,BRAKING,-9.4308,7.8339,0.8254,-17.2018,3.8478,0.4759,-1.5035,0.0025
76.5,BRAKING,-9.5328,7.7235,0.8252,-17.3274,3.7835,0.47,-1.5035,0.002
76.6,BRAKING,-9.6348,7.613,0.8251,-17.4531,3.72,0.464,-1.5035,0.0016
76.7,BRAKING,-9.7369,7.5026,0.825,-17.579,3.6575,0.4579,-1.5035,0.0013
76.8,BRAKING,-9.8389,7.3921,0.8249,-17.7048,3.5958,0.4518,-1.5035,0.001
76.9,BRAKING,-9.9409,7.2817,0.8248,-17.8308,3.5351,0.4455,-1.5035,0.0008
77.0,BRAKING,-10.043,7.1713,0.8247,-17.9568,3.4754,0.4391,-1.5035,0.0007
77.1,BRAKING,-10.145,7.0609,0.8247,-18.0829,3.4165,0.4326,-1.5035,0.0005
77.2,BRAKING,-10.2471,6.9505,0.8247,-18.2091,3.3587,0.426,-1.5035,0.0004
77.3,BRAKING,-10.3492,6.8401,0.8246,-18.3352,3.3019,0.4193,-1.5035,0.0003
77.4,BRAKING,-10.4512,6.7297,0.8246,-18.4614,3.2461,0.4125,-1.5035,0.0003
77.5,BRAKING,-10.5533,6.6193,0.8246,-18.5876,3.1913,0.4056,-1.5035,0.0002
77.6,BRAKING,-10.6554,6.5089,0.8246,-18.7137,3.1375,0.3986,-1.5035,0.0002
77.7,BRAKING,-10.7574,6.3985,0.8245,-18.8398,3.0848,0.3915,-1.5035,0.0001
77.8,BRAKING,-10.8595,6.2881,0.8245,-18.9659,3.0332,0.3843,-1.5035,0.0001
77.9,BRAKING,-10.9616,6.1777,0.8245,-19.092,2.9826,0.3769,-1.5035,0.0001
78.0,BRAKING,-11.0637,6.0673,0.8245,-19.2179,2.9332,0.3695,-1.5035,0.0001
78.1,BRAKING,-11.1657,5.9569,0.8245,-19.3438,2.8849,0.3619,-1.5035,0.0001
78.2,BRAKING,-11.2678,5.8465,0.8245,-19.4695,2.8378,0.3542,-1.5035,0.0
78.3,BRAKING,-11.3699,5.7361,0.8245,-19.5951,2.7918,0.3464,-1.5035,0.0
78.4,BRAKING,-11.472,5.6257,0.8245,-19.7205,2.7469,0.3385,-1.5035,0.0
78.5,BRAKING,-11.574,5.5153,0.8245,-19.8458,2.7033,0.3304,-1.5035,0.0
78.6,BRAKING,-11.6761,5.4049,0.8245,-19.9709,2.6608,0.3223,-1.5035,0.0
78.7,BRAKING,-11.7782,5.2945,0.8245,-20.0957,2.6196,0.314,-1.5035,0.0
78.8,BRAKING,-11.8803,5.1841,0.8245,-20.2204,2.5796,0.3056,-1.5035,0.0
78.9,BRAKING,-11.9824,5.0738,0.8245,-20.3447,2.5408,0.297,-1.5035,0.0
79.0,BRAKING,-12.0844,4.9634,0.8245,-20.4687,2.5033,0.2883,-1.5035,0.0
79.1,BRAKING,-12.1865,4.853,0.8245,-20.5925,2.4671,0.2795,-1.5035,0.0
79.2,BRAKING,-12.2886,4.7426,0.8245,-20.7158,2.4322,0.2706,-1.5035,0.0
79.3,BRAKING,-12.3907,4.6322,0.8245,-20.8388,2.3985,0.2616,-1.5035,0.0
79.4,BRAKING,-12.4927,4.5218,0.8245,-20.9614,2.3662,0.2524,-1.5035,0.0
79.5,BRAKING,-12.5948,4.4114,0.8245,-21.0836,2.3352,0.243,-1.5035,0.0
79.6,BRAKING,-12.6969,4.301,0.8245,-21.2052,2.3055,0.2336,-1.5035,0.0
79.7,BRAKING,-12.799,4.1906,0.8245,-21.3264,2.2772,0.224,-1.5035,0.0
79.8,BRAKING,-12.9011,4.0802,0.8245,-21.4471,2.2502,0.2143,-1.5035,0.0
79.9,BRAKING,-13.0031,3.9699,0.8245,-21.5672,2.2245,0.2044,-1.5035,0.0
80.0,BRAKING,-13.1052,3.8595,0.8245,-21.6866,2.2003,0.1944,-1.5035,0.0
80.1,BRAKING,-13.2073,3.7491,0.8245,-21.8055,2.1774,0.1842,-1.5035,0.0
80.2,BRAKING,-13.3094,3.6387,0.8245,-21.9237,2.1558,0.174,-1.5035,0.0
80.3,BRAKING,-13.4115,3.5283,0.8245,-22.0411,2.1357,0.1635,-1.5035,0.0
80.4,BRAKING,-13.5135,3.4179,0.8245,-22.1578,2.1169,0.153,-1.5035,0.0
80.5,BRAKING,-13.6156,3.3075,0.8245,-22.2737,2.0996,0.1423,-1.5035,0.0
80.6,BRAKING,-13.7177,3.1971,0.8245,-22.3888,2.0836,0.1314,-1.5035,0.0
80.7,BRAKING,-13.8198,3.0867,0.8245,-22.503,2.069,0.1204,-1.5035,0.0
80.8,BRAKING,-13.9218,2.9763,0.8245,-22.6163,2.0558,0.1093,-1.5035,0.0
80.9,BRAKING,-14.0239,2.866,0.8245,-22.7286,2.044,0.098,-1.5035,0.0
81.0,BRAKING,-14.126,2.7556,0.8245,-22.84,2.0336,0.0865,-1.5035,0.0
81.1,BRAKING,-14.2281,2.6452,0.8245,-22.9502,2.0245,0.075,-1.5035,0.0
81.2,BRAKING,-14.3302,2.5348,0.8245,-23.0594,2.0168,0.0632,-1.5035,0.0
81.3,BRAKING,-14.4322,2.4244,0.8245,-23.1675,2.0105,0.0514,-1.5035,0.0
81.4,BRAKING,-14.5343,2.314,0.8245,-23.2743,2.0055,0.0394,-1.5035,0.0
81.5,BRAKING,-14.6364,2.2036,0.8245,-23.38,2.0019,0.0272,-1.5035,0.0
81.6,BRAKING,-14.7385,2.0932,0.8245,-23.4843,1.9996,0.0149,-1.5035,0.0
81.7,BRAKING,-14.8406,1.9828,0.8245,-23.5873,1.9985,0.0024,-1.5035,0.0
81.8,BRAKING,-14.9426,1.8724,0.8245,-23.689,1.9988,-0.0102,-1.5035,0.0
81.9,BRAKING,-15.0447,1.7621,0.8245,-23.7892,2.0003,-0.0229,-1.5035,0.0
82.0,BRAKING,-15.1468,1.6517,0.8245,-23.888,2.0031,-0.0358,-1.5035,0.0
82.1,BRAKING,-15.2489,1.5413,0.8245,-23.9852,2.0071,-0.0489,-1.5035,0.0
82.2,BRAKING,-15.3509,1.4309,0.8245,-24.0809,2.0123,-0.062,-1.5035,0.0
82.3,BRAKING,-15.453,1.3205,0.8245,-24.1749,2.0186,-0.0754,-1.5035,0.0
82.4,BRAKING,-15.5551,1.2101,0.8245,-24.2673,2.0261,-0.0888,-1.5035,0.0
82.5,BRAKING,-15.6572,1.0997,0.8245,-24.358,2.0346,-0.1024,-1.5035,0.0
82.6,BRAKING,-15.7593,0.9893,0.8245,-24.4469,2.0443,-0.1162,-1.5035,0.0
82.7,BRAKING,-15.8613,0.8789,0.8245,-24.534,2.0549,-0.1301,-1.5035,0.0
82.8,BRAKING,-15.9634,0.7685,0.8245,-24.6192,2.0666,-0.1441,-1.5035,0.0
82.9,BRAKING,-16.0655,0.6582,0.8245,-24.7026,2.0791,-0.1583,-1.5035,0.0
83.0,BRAKING,-16.1676,0.5478,0.8245,-24.784,2.0926,-0.1726,-1.5035,0.0
83.1,BRAKING,-16.2697,0.4374,0.8245,-24.8634,2.1069,-0.187,-1.5035,0.0
83.2,BRAKING,-16.3717,0.327,0.8245,-24.9407,2.122,-0.2016,-1.5035,0.0
83.3,BRAKING,-16.4738,0.2166,0.8245,-25.0161,2.1379,-0.2163,-1.5035,0.0
83.4,BRAKING,-16.5759,0.1062,0.8245,-25.0893,2.1544,-0.2311,-1.5035,0.0
83.5,BRAKING,-16.678,-0.0042,0.8245,-25.1603,2.1716,-0.246,-1.5035,0.0
83.6,BRAKING,-16.78,-0.1146,0.8245,-25.2292,2.1893,-0.2611,-1.5035,0.0
83.7,BRAKING,-16.8821,-0.225,0.8245,-25.2959,2.2076,-0.2763,-1.5035,0.0
83.8,BRAKING,-16.9842,-0.3354,0.8245,-25.3603,2.2262,-0.2916,-1.5035,0.0
83.9,BRAKING,-17.0863,-0.4457,0.8245,-25.4224,2.2453,-0.3071,-1.5035,0.0
84.0,BRAKING,-17.1884,-0.5561,0.8245,-25.4822,2.2647,-0.3226,-1.5035,0.0
84.1,BRAKING,-17.2904,-0.6665,0.8245,-25.5397,2.2843,-0.3382,-1.5035,0.0
84.2,BRAKING,-17.3925,-0.7769,0.8245,-25.5948,2.3041,-0.354,-1.5035,0.0
84.3,BRAKING,-17.4946,-0.8873,0.8245,-25.6476,2.324,-0.3699,-1.5035,0.0
84.4,BRAKING,-17.5967,-0.9977,0.8245,-25.698,2.3438,-0.3858,-1.5035,0.0
84.5,BRAKING,-17.6988,-1.1081,0.8245,-25.7459,2.3637,-0.4019,-1.5035,0.0
84.6,BRAKING,-17.8008,-1.2185,0.8245,-25.7915,2.3834,-0.418,-1.5035,0.0
84.7,BRAKING,-17.9029,-1.3289,0.8245,-25.8346,2.4029,-0.4343,-1.5035,0.0
84.8,BRAKING,-18.005,-1.4393,0.8245,-25.8753,2.4221,-0.4506,-1.5035,0.0
84.9,BRAKING,-18.1071,-1.5496,0.8245,-25.9135,2.4409,-0.467,-1.5035,0.0
85.0,BRAKING,-18.2091,-1.66,0.8245,-25.9493,2.4592,-0.4835,-1.5035,0.0
85.1,BRAKING,-18.3112,-1.7704,0.8245,-25.9827,2.477,-0.5001,-1.5035,0.0
85.2,BRAKING,-18.4133,-1.8808,0.8245,-26.0137,2.4942,-0.5167,-1.5035,0.0
85.3,BRAKING,-18.5154,-1.9912,0.8245,-26.0423,2.5107,-0.5334,-1.5035,0.0
85.4,BRAKING,-18.6175,-2.1016,0.8245,-26.0685,2.5264,-0.5502,-1.5035,0.0
85.5,BRAKING,-18.7195,-2.212,0.8245,-26.0923,2.5413,-0.567,-1.5035,0.0
85.6,BRAKING,-18.8216,-2.3224,0.8245,-26.1138,2.5551,-0.5839,-1.5035,0.0
85.7,BRAKING,-18.9237,-2.4328,0.8245,-26.1329,2.568,-0.6008,-1.5035,0.0
85.8,BRAKING,-19.0258,-2.5432,0.8245,-26.1498,2.5797,-0.6177,-1.5035,0.0
85.9,BRAKING,-19.1279,-2.6535,0.8245,-26.1644,2.5902,-0.6347,-1.5035,0.0
86.0,BRAKING,-19.2299,-2.7639,0.8245,-26.1768,2.5995,-0.6518,-1.5035,0.0
86.1,BRAKING,-19.332,-2.8743,0.8245,-26.187,2.6074,-0.6688,-1.5035,0.0
86.2,BRAKING,-19.4341,-2.9847,0.8245,-26.1951,2.6138,-0.6859,-1.5035,0.0
86.3,BRAKING,-19.5362,-3.0951,0.8245,-26.2011,2.6188,-0.703,-1.5035,0.0
86.4,BRAKING,-19.6382,-3.2055,0.8245,-26.2051,2.6222,-0.7201,-1.5035,0.0
86.5,BRAKING,-19.7403,-3.3159,0.8245,-26.207,2.624,-0.7372,-1.5035,0.0
86.6,BRAKING,-19.8424,-3.4263,0.8245,-26.2071,2.624,-0.7543,-1.5035,0.0
86.7,BRAKING,-19.9445,-3.5367,0.8245,-26.2053,2.6223,-0.7715,-1.5035,0.0
86.8,BRAKING,-20.0466,-3.6471,0.8245,-26.2017,2.6187,-0.7886,-1.5035,0.0
86.9,BRAKING,-20.1486,-3.7574,0.8245,-26.1963,2.6133,-0.8057,-1.5035,0.0
87.0,BRAKING,-20.2507,-3.8678,0.8245,-26.1893,2.6059,-0.8228,-1.5035,0.0
87.1,BRAKING,-20.3528,-3.9782,0.8245,-26.1807,2.5965,-0.8398,-1.5035,0.0
87.2,BRAKING,-20.4549,-4.0886,0.8245,-26.1706,2.585,-0.8569,-1.5035,0.0
87.3,BRAKING,-20.557,-4.199,0.8245,-26.159,2.5714,-0.8739,-1.5035,0.0
87.4,BRAKING,-20.659,-4.3094,0.8245,-26.146,2.5557,-0.8908,-1.5035,0.0
87.5,BRAKING,-20.7611,-4.4198,0.8245,-26.1317,2.5378,-0.9078,-1.5035,0.0
87.6,BRAKING,-20.8632,-4.5302,0.8245,-26.1162,2.5176,-0.9246,-1.5035,0.0
87.7,BRAKING,-20.9653,-4.6406,0.8245,-26.0995,2.4952,-0.9415,-1.5035,0.0
87.8,BRAKING,-21.0673,-4.751,0.8245,-26.0818,2.4705,-0.9583,-1.5035,0.0
87.9,BRAKING,-21.1694,-4.8613,0.8245,-26.0631,2.4435,-0.975,-1.5035,0.0
88.0,BRAKING,-21.2715,-4.9717,0.8245,-26.0435,2.4141,-0.9916,-1.5035,0.0
88.1,BRAKING,-21.3736,-5.0821,0.8245,-26.0231,2.3824,-1.0082,-1.5035,0.0
88.2,BRAKING,-21.4757,-5.1925,0.8245,-26.0019,2.3484,-1.0247,-1.5035,0.0
88.3,BRAKING,-21.5777,-5.3029,0.8245,-25.9801,2.3119,-1.0411,-1.5035,0.0
88.4,BRAKING,-21.6798,-5.4133,0.8245,-25.9576,2.273,-1.0575,-1.5035,0.0
88.5,BRAKING,-21.7819,-5.5237,0.8245,-25.9347,2.2318,-1.0738,-1.5035,0.0
88.6,BRAKING,-21.884,-5.6341,0.8245,-25.9114,2.1881,-1.0899,-1.5035,0.0
88.7,BRAKING,-21.9861,-5.7445,0.8245,-25.8878,2.142,-1.106,-1.5035,0.0
88.8,BRAKING,-22.0881,-5.8549,0.8245,-25.8638,2.0935,-1.122,-1.5035,0.0
88.9,BRAKING,-22.1902,-5.9652,0.8245,-25.8398,2.0427,-1.1379,-1.5035,0.0
89.0,BRAKING,-22.2923,-6.0756,0.8245,-25.8156,1.9894,-1.1537,-1.5035,0.0
89.1,BRAKING,-22.3944,-6.186,0.8245,-25.7913,1.9338,-1.1694,-1.5035,0.0
89.2,BRAKING,-22.4964,-6.2964,0.8245,-25.7672,1.8759,-1.1849,-1.5035,0.0
89.3,BRAKING,-22.5985,-6.4068,0.8245,-25.7431,1.8156,-1.2004,-1.5035,0.0
89.4,BRAKING,-22.7006,-6.5172,0.8245,-25.7193,1.753,-1.2157,-1.5035,0.0
89.5,BRAKING,-22.8027,-6.6276,0.8245,-25.6957,1.6881,-1.2309,-1.5035,0.0
89.6,BRAKING,-22.9048,-6.738,0.8245,-25.6724,1.621,-1.246,-1.5035,0.0
89.7,BRAKING,-23.0068,-6.8484,0.8245,-25.6495,1.5516,-1.261,-1.5035,0.0
89.8,BRAKING,-23.1089,-6.9588,0.8245,-25.6271,1.4801,-1.2759,-1.5035,0.0
89.9,BRAKING,-23.211,-7.0691,0.8245,-25.6051,1.4064,-1.2906,-1.5035,0.0
90.0,BRAKING,-23.3131,-7.1795,0.8245,-25.5838,1.3305,-1.3052,-1.5035,0.0
90.1,BRAKING,-23.4152,-7.2899,0.8245,-25.5631,1.2526,-1.3197,-1.5035,0.0
90.2,BRAKING,-23.5172,-7.4003,0.8245,-25.5431,1.1726,-1.334,-1.5035,0.0
90.3,BRAKING,-23.6193,-7.5107,0.8245,-25.5238,1.0906,-1.3482,-1.5035,0.0
90.4,BRAKING,-23.7214,-7.6211,0.8245,-25.5052,1.0066,-1.3622,-1.5035,0.0
90.5,BRAKING,-23.8235,-7.7315,0.8245,-25.4876,0.9207,-1.3762,-1.5035,0.0
90.6,BRAKING,-23.9255,-7.8419,0.8245,-25.4708,0.8329,-1.3899,-1.5035,0.0
90.7,BRAKING,-24.0276,-7.9523,0.8245,-25.4549,0.7432,-1.4036,-1.5035,0.0
90.8,BRAKING,-24.1297,-8.0627,0.8245,-25.4399,0.6518,-1.4171,-1.5035,0.0
90.9,BRAKING,-24.2318,-8.173,0.8245,-25.426,0.5586,-1.4304,-1.5035,0.0
91.0,BRAKING,-24.3339,-8.2834,0.8245,-25.4131,0.4637,-1.4437,-1.5035,0.0
91.1,BRAKING,-24.4359,-8.3938,0.8245,-25.4013,0.3671,-1.4567,-1.5035,0.0
91.2,BRAKING,-24.538,-8.5042,0.8245,-25.3906,0.2689,-1.4696,-1.5035,0.0
91.3,BRAKING,-24.6401,-8.6146,0.8245,-25.3809,0.1691,-1.4824,-1.5035,0.0
91.4,BRAKING,-24.7422,-8.725,0.8245,-25.3725,0.0678,-1.495,-1.5035,0.0
91.5,BRAKING,-24.8443,-8.8354,0.8245,-25.3652,-0.035,-1.5075,-1.5035,0.0
91.6,BRAKING,-24.9463,-8.9458,0.8245,-25.3591,-0.1392,-1.5199,-1.5035,0.0
91.7,BRAKING,-25.0484,-9.0562,0.8245,-25.3543,-0.2448,-1.5321,-1.5035,0.0
91.8,BRAKING,-25.1505,-9.1666,0.8245,-25.3506,-0.3517,-1.5441,-1.5035,0.0
91.9,BRAKING,-25.2526,-9.2769,0.8245,-25.3483,-0.4599,-1.556,-1.5035,0.0
92.0,BRAKING,-25.3546,-9.3873,0.8245,-25.3472,-0.5694,-1.5678,-1.5035,0.0
92.1,BRAKING,-25.4567,-9.4977,0.8245,-25.3473,-0.6801,-1.5794,-1.5035,0.0
92.2,BRAKING,-25.5588,-9.6081,0.8245,-25.3488,-0.7919,-1.5908,-1.5035,0.0
92.3,BRAKING,-25.6609,-9.7185,0.8245,-25.3516,-0.9049,-1.6021,-1.5035,0.0
92.4,BRAKING,-25.763,-9.8289,0.8245,-25.3557,-1.0189,-1.6133,-1.5035,0.0
92.5,BRAKING,-25.865,-9.9393,0.8245,-25.3611,-1.1339,-1.6243,-1.5035,0.0
92.6,BRAKING,-25.9671,-10.0497,0.8245,-25.3678,-1.2499,-1.6352,-1.5035,0.0
92.7,BRAKING,-26.0692,-10.1601,0.8245,-25.3759,-1.3669,-1.6459,-1.5035,0.0
92.8,BRAKING,-26.1713,-10.2705,0.8245,-25.3852,-1.4847,-1.6565,-1.5035,0.0
92.9,BRAKING,-26.2734,-10.3808,0.8245,-25.3959,-1.6035,-1.667,-1.5035,0.0
93.0,BRAKING,-26.3754,-10.4912,0.8245,-25.408,-1.723,-1.6773,-1.5035,0.0
93.1,BRAKING,-26.4775,-10.6016,0.8245,-25.4213,-1.8433,-1.6874,-1.5035,0.0
93.2,BRAKING,-26.5796,-10.712,0.8245,-25.436,-1.9644,-1.6975,-1.5035,0.0
93.3,BRAKING,-26.6817,-10.8224,0.8245,-25.452,-2.0862,-1.7074,-1.5035,0.0
93.4,BRAKING,-26.7838,-10.9328,0.8245,-25.4693,-2.2087,-1.7171,-1.5035,0.0
93.5,BRAKING,-26.8858,-11.0432,0.8245,-25.488,-2.3318,-1.7267,-1.5035,0.0
93.6,BRAKING,-26.9879,-11.1536,0.8245,-25.5079,-2.4555,-1.7362,-1.5035,0.0
93.7,BRAKING,-27.09,-11.264,0.8245,-25.5291,-2.5797,-1.7455,-1.5035,0.0
93.8,BRAKING,-27.1921,-11.3744,0.8245,-25.5516,-2.7046,-1.7548,-1.5035,0.0
93.9,BRAKING,-27.2941,-11.4848,0.8245,-25.5754,-2.8299,-1.7638,-1.5035,0.0
94.0,BRAKING,-27.3962,-11.5951,0.8245,-25.6005,-2.9557,-1.7728,-1.5035,0.0
94.1,BRAKING,-27.4983,-11.7055,0.8245,-25.6268,-3.0819,-1.7816,-1.5035,0.0
94.2,BRAKING,-27.6004,-11.8159,0.8245,-25.6544,-3.2086,-1.7903,-1.5035,0.0
94.3,BRAKING,-27.7025,-11.9263,0.8245,-25.6832,-3.3357,-1.7988,-1.5035,0.0
94.4,BRAKING,-27.8045,-12.0367,0.8245,-25.7132,-3.4631,-1.8073,-1.5035,0.0
94.5,BRAKING,-27.9066,-12.1471,0.8245,-25.7444,-3.5909,-1.8156,-1.5035,0.0
94.6,BRAKING,-28.0087,-12.2575,0.8245,-25.7769,-3.719,-1.8238,-1.5035,0.0
94.7,BRAKING,-28.1108,-12.3679,0.8245,-25.8105,-3.8473,-1.8318,-1.5035,0.0
94.8,BRAKING,-28.2129,-12.4783,0.8245,-25.8453,-3.976,-1.8398,-1.5035,0.0
94.9,BRAKING,-28.3149,-12.5887,0.8245,-25.8813,-4.1049,-1.8476,-1.5035,0.0
95.0,BRAKING,-28.417,-12.699,0.8245,-25.9184,-4.234,-1.8553,-1.5035,0.0
95.1,BRAKING,-28.5191,-12.8094,0.8245,-25.9566,-4.3633,-1.8629,-1.5035,0.0
95.2,BRAKING,-28.6212,-12.9198,0.8245,-25.996,-4.4928,-1.8703,-1.5035,0.0
95.3,BRAKING,-28.7232,-13.0302,0.8245,-26.0365,-4.6225,-1.8777,-1.5035,0.0
95.4,BRAKING,-28.8253,-13.1406,0.8245,-26.078,-4.7523,-1.8849,-1.5035,0.0
95.5,BRAKING,-28.9274,-13.251,0.8245,-26.1206,-4.8822,-1.892,-1.5035,0.0
95.6,BRAKING,-29.0295,-13.3614,0.8245,-26.1643,-5.0123,-1.8991,-1.5035,0.0
95.7,BRAKING,-29.1316,-13.4718,0.8245,-26.209,-5.1424,-1.906,-1.5035,0.0
95.8,BRAKING,-29.2336,-13.5822,0.8245,-26.2548,-5.2726,-1.9128,-1.5035,0.0
95.9,BRAKING,-29.3357,-13.6926,0.8245,-26.3016,-5.4029,-1.9195,-1.5035,0.0
96.0,BRAKING,-29.4378,-13.8029,0.8245,-26.3493,-5.5333,-1.926,-1.5035,0.0
96.1,BRAKING,-29.5399,-13.9133,0.8245,-26.3981,-5.6636,-1.9325,-1.5035,0.0
96.2,BRAKING,-29.642,-14.0237,0.8245,-26.4478,-5.794,-1.9389,-1.5035,0.0
96.3,BRAKING,-29.744,-14.1341,0.8245,-26.4985,-5.9244,-1.9452,-1.5035,0.0
96.4,BRAKING,-29.8461,-14.2445,0.8245,-26.5501,-6.0548,-1.9514,-1.5035,0.0
96.5,BRAKING,-29.9482,-14.3549,0.8245,-26.6026,-6.1852,-1.9575,-1.5035,0.0
96.6,BRAKING,-30.0503,-14.4653,0.8245,-26.6561,-6.3156,-1.9635,-1.5035,0.0
96.7,BRAKING,-30.1523,-14.5757,0.8245,-26.7104,-6.4459,-1.9693,-1.5035,0.0
96.8,BRAKING,-30.2544,-14.6861,0.8245,-26.7656,-6.5762,-1.9751,-1.5035,0.0
96.9,BRAKING,-30.3565,-14.7965,0.8245,-26.8217,-6.7064,-1.9808,-1.5035,0.0
97.0,BRAKING,-30.4586,-14.9068,0.8245,-26.8787,-6.8366,-1.9865,-1.5035,0.0
97.1,BRAKING,-30.5607,-15.0172,0.8245,-26.9364,-6.9667,-1.992,-1.5035,0.0
97.2,BRAKING,-30.6627,-15.1276,0.8245,-26.995,-7.0967,-1.9974,-1.5035,0.0
97.3,BRAKING,-30.7648,-15.238,0.8245,-27.0544,-7.2266,-2.0028,-1.5035,0.0
97.4,BRAKING,-30.8669,-15.3484,0.8245,-27.1146,-7.3565,-2.008,-1.5035,0.0
97.5,BRAKING,-30.969,-15.4588,0.8245,-27.1756,-7.4862,-2.0132,-1.5035,0.0
97.6,BRAKING,-31.0711,-15.5692,0.8245,-27.2373,-7.6158,-2.0183,-1.5035,0.0
97.7,BRAKING,-31.1731,-15.6796,0.8245,-27.2998,-7.7453,-2.0233,-1.5035,0.0
97.8,BRAKING,-31.2752,-15.79,0.8245,-27.363,-7.8747,-2.0282,-1.5035,0.0
97.9,BRAKING,-31.3773,-15.9004,0.8245,-27.4269,-8.004,-2.0331,-1.5035,0.0
98.0,BRAKING,-31.4794,-16.0107,0.8245,-27.4916,-8.1332,-2.0378,-1.5035,0.0
98.1,BRAKING,-31.5814,-16.1211,0.8245,-27.557,-8.2622,-2.0425,-1.5035,0.0
98.2,BRAKING,-31.6835,-16.2315,0.8245,-27.623,-8.3911,-2.0471,-1.5035,0.0
98.3,BRAKING,-31.7856,-16.3419,0.8245,-27.6897,-8.5198,-2.0517,-1.5035,0.0
98.4,BRAKING,-31.8877,-16.4523,0.8245,-27.7571,-8.6484,-2.0561,-1.5035,0.0
98.5,BRAKING,-31.9898,-16.5627,0.8245,-27.8251,-8.7768,-2.0605,-1.5035,0.0
98.6,BRAKING,-32.0918,-16.6731,0.8245,-27.8938,-8.9051,-2.0648,-1.5035,0.0
98.7,BRAKING,-32.1939,-16.7835,0.8245,-27.9631,-9.0333,-2.0691,-1.5035,0.0
98.8,BRAKING,-32.296,-16.8939,0.8245,-28.033,-9.1612,-2.0733,-1.5035,0.0
98.9,BRAKING,-32.3981,-17.0043,0.8245,-28.1035,-9.2891,-2.0774,-1.5035,0.0
99.0,BRAKING,-32.5002,-17.1146,0.8245,-28.1746,-9.4167,-2.0814,-1.5035,0.0
99.1,BRAKING,-32.6022,-17.225,0.8245,-28.2463,-9.5442,-2.0854,-1.5035,0.0
99.2,BRAKING,-32.7043,-17.3354,0.8245,-28.3186,-9.6715,-2.0893,-1.5035,0.0
99.3,BRAKING,-32.8064,-17.4458,0.8245,-28.3914,-9.7987,-2.0931,-1.5035,0.0
99.4,BRAKING,-32.9085,-17.5562,0.8245,-28.4647,-9.9257,-2.0969,-1.5035,0.0
99.5,BRAKING,-33.0105,-17.6666,0.8245,-28.5386,-10.0525,-2.1006,-1.5035,0.0
99.6,BRAKING,-33.1126,-17.777,0.8245,-28.6131,-10.1792,-2.1043,-1.5035,0.0
99.7,BRAKING,-33.2147,-17.8874,0.8245,-28.688,-10.3056,-2.1079,-1.5035,0.0
99.8,BRAKING,-33.3168,-17.9978,0.8245,-28.7635,-10.432,-2.1114,-1.5035,0.0
99.9,BRAKING,-33.4189,-18.1082,0.8245,-28.8394,-10.5581,-2.1149,-1.5035,0.0
100.0,BRAKING,-33.5209,-18.2185,0.8245,-28.9159,-10.6841,-2.1183,-1.5035,0.0
100.1,BRAKING,-33.623,-18.3289,0.8245,-28.9928,-10.8098,-2.1216,-1.5035,0.0
100.2,BRAKING,-33.7251,-18.4393,0.8245,-29.0702,-10.9354,-2.1249,-1.5035,0.0
100.3,BRAKING,-33.8272,-18.5497,0.8245,-29.148,-11.0609,-2.1282,-1.5035,0.0
100.4,BRAKING,-33.9293,-18.6601,0.8245,-29.2263,-11.1861,-2.1314,-1.5035,0.0
100.5,BRAKING,-34.0313,-18.7705,0.8245,-29.3051,-11.3112,-2.1345,-1.5035,0.0
100.6,BRAKING,-34.1334,-18.8809,0.8245,-29.3842,-11.4362,-2.1376,-1.5035,0.0
100.7,BRAKING,-34.2355,-18.9913,0.8245,-29.4639,-11.5609,-2.1407,-1.5035,0.0
100.8,BRAKING,-34.3376,-19.1017,0.8245,-29.5439,-11.6855,-2.1436,-1.5035,0.0
100.9,BRAKING,-34.4396,-19.2121,0.8245,-29.6243,-11.8098,-2.1466,-1.5035,0.0
101.0,PUSHBACK,-34.5403,-19.3209,0.8223,-29.7052,-11.9341,-2.1495,-1.4415,0.07
101.1,PUSHBACK,-34.6372,-19.4246,0.8149,-29.7856,-12.0561,-2.1522,-1.3873,0.14
101.2,PUSHBACK,-34.7315,-19.5237,0.8026,-29.8637,-12.172,-2.1549,-1.3412,0.21
101.3,PUSHBACK,-34.8241,-19.6184,0.7856,-29.94,-12.2828,-2.1574,-1.2996,0.28
101.4,PUSHBACK,-34.9159,-19.7088,0.764,-30.0148,-12.389,-2.1601,-1.2712,0.344
101.5,PUSHBACK,-35.0085,-19.7957,0.7384,-30.0883,-12.4912,-2.1628,-1.263,0.3952
101.6,PUSHBACK,-35.103,-19.8797,0.7091,-30.1613,-12.5905,-2.1657,-1.2652,0.4362
101.7,PUSHBACK,-35.2005,-19.9612,0.6766,-30.2345,-12.6882,-2.1689,-1.2743,0.4689
101.8,PUSHBACK,-35.3014,-20.04,0.6413,-30.3081,-12.7849,-2.1725,-1.288,0.4951
101.9,PUSHBACK,-35.4064,-20.116,0.6034,-30.3824,-12.8808,-2.1765,-1.3047,0.5161
102.0,PUSHBACK,-35.5157,-20.1888,0.5633,-30.4573,-12.9762,-2.1809,-1.3232,0.5329
102.1,PUSHBACK,-35.6295,-20.258,0.5211,-30.5329,-13.0708,-2.1859,-1.3424,0.5463
102.2,PUSHBACK,-35.7479,-20.3232,0.4771,-30.6091,-13.1648,-2.1915,-1.3616,0.5571
102.3,PUSHBACK,-35.8707,-20.3839,0.4315,-30.6856,-13.2577,-2.1977,-1.3802,0.5656
102.4,PUSHBACK,-35.9979,-20.4396,0.3845,-30.7624,-13.3494,-2.2044,-1.3977,0.5725
102.5,PUSHBACK,-36.1291,-20.4898,0.3362,-30.8391,-13.4395,-2.2119,-1.4141,0.578
102.6,PUSHBACK,-36.2642,-20.534,0.2869,-30.9156,-13.5277,-2.2199,-1.4291,0.5824
102.7,PUSHBACK,-36.4026,-20.5719,0.2366,-30.9915,-13.6136,-2.2286,-1.4428,0.5859
102.8,PUSHBACK,-36.5441,-20.6029,0.1855,-31.0666,-13.6971,-2.2379,-1.4553,0.5887
102.9,PUSHBACK,-36.6882,-20.6269,0.1337,-31.1407,-13.7776,-2.2479,-1.4665,0.591
103.0,PUSHBACK,-36.8344,-20.6435,0.0813,-31.2135,-13.8551,-2.2585,-1.4766,0.5928
103.1,PUSHBACK,-36.9822,-20.6523,0.0283,-31.2847,-13.9292,-2.2697,-1.4858,0.5942
103.2,PUSHBACK,-37.1312,-20.6534,-0.0251,-31.3541,-13.9997,-2.2814,-1.494,0.5954
103.3,PUSHBACK,-37.2808,-20.6464,-0.079,-31.4215,-14.0665,-2.2938,-1.5007,0.5963
103.4,PUSHBACK,-37.4301,-20.6313,-0.133,-31.4866,-14.1294,-2.3066,-1.5007,0.597
103.5,PUSHBACK,-37.5783,-20.6082,-0.1871,-31.5491,-14.1881,-2.32,-1.5007,0.5976
103.6,PUSHBACK,-37.7251,-20.5771,-0.2413,-31.6086,-14.2426,-2.3337,-1.5007,0.5981
103.7,PUSHBACK,-37.87,-20.5381,-0.2955,-31.665,-14.2927,-2.3479,-1.5007,0.5985
103.8,PUSHBACK,-38.0126,-20.4913,-0.3498,-31.7182,-14.3385,-2.3624,-1.5007,0.5988
103.9,PUSHBACK,-38.1524,-20.4368,-0.4041,-31.7679,-14.3801,-2.3773,-1.5007,0.599
104.0,PUSHBACK,-38.289,-20.3748,-0.4585,-31.8142,-14.4176,-2.3925,-1.5007,0.5992
104.1,PUSHBACK,-38.4221,-20.3055,-0.5128,-31.8567,-14.451,-2.4079,-1.5007,0.5994
104.2,PUSHBACK,-38.5512,-20.2291,-0.5672,-31.8955,-14.4803,-2.4237,-1.5007,0.5995
104.3,PUSHBACK,-38.676,-20.1457,-0.6216,-31.9302,-14.5058,-2.4397,-1.5007,0.5996
104.4,PUSHBACK,-38.796,-20.0557,-0.676,-31.9609,-14.5274,-2.4559,-1.5007,0.5997
104.5,PUSHBACK,-38.911,-19.9593,-0.7304,-31.9873,-14.5453,-2.4723,-1.5007,0.5997
104.6,PUSHBACK,-39.0206,-19.8568,-0.7848,-32.0094,-14.5597,-2.4889,-1.5007,0.5998
104.7,PUSHBACK,-39.1244,-19.7485,-0.8392,-32.027,-14.5707,-2.5056,-1.5007,0.5998
104.8,PUSHBACK,-39.2222,-19.6347,-0.8936,-32.04,-14.5784,-2.5225,-1.5007,0.5999
104.9,PUSHBACK,-39.3137,-19.5157,-0.948,-32.0483,-14.583,-2.5394,-1.5007,0.5999
105.0,PUSHBACK,-39.3985,-19.392,-1.0024,-32.0519,-14.5846,-2.5565,-1.5007,0.5999
105.1,PUSHBACK,-39.4765,-19.2638,-1.0569,-32.0505,-14.5835,-2.5735,-1.5007,0.5999
105.2,PUSHBACK,-39.5474,-19.1315,-1.1113,-32.0441,-14.5797,-2.5906,-1.5007,0.5999
105.3,PUSHBACK,-39.611,-18.9956,-1.1657,-32.0327,-14.5735,-2.6077,-1.5007,0.6
105.4,PUSHBACK,-39.6671,-18.8565,-1.2202,-32.0162,-14.5651,-2.6248,-1.5007,0.6
105.5,PUSHBACK,-39.7156,-18.7145,-1.2746,-31.9945,-14.5545,-2.6418,-1.5007,0.6
105.6,PUSHBACK,-39.7563,-18.57,-1.329,-31.9675,-14.5421,-2.6588,-1.5007,0.6
105.7,PUSHBACK,-39.789,-18.4236,-1.3835,-31.9353,-14.528,-2.6757,-1.5007,0.6
105.8,PUSHBACK,-39.8137,-18.2756,-1.4379,-31.8977,-14.5123,-2.6924,-1.5007,0.6
105.9,PUSHBACK,-39.8304,-18.1265,-1.4923,-31.8548,-14.4954,-2.709,-1.5007,0.6
106.0,PUSHBACK,-39.8389,-17.9767,-1.5468,-31.8066,-14.4772,-2.7255,-1.5007,0.6
106.1,PUSHBACK,-39.8392,-17.8266,-1.6012,-31.7531,-14.4581,-2.7417,-1.5007,0.6
106.2,PUSHBACK,-39.8314,-17.6768,-1.6556,-31.6942,-14.4382,-2.7577,-1.5007,0.6
106.3,PUSHBACK,-39.8154,-17.5276,-1.7101,-31.63,-14.4177,-2.7735,-1.5007,0.6
106.4,PUSHBACK,-39.7914,-17.3795,-1.7645,-31.5606,-14.3967,-2.7891,-1.5007,0.6
106.5,PUSHBACK,-39.7593,-17.2329,-1.8189,-31.4859,-14.3754,-2.8043,-1.5007,0.6
106.6,PUSHBACK,-39.7193,-17.0883,-1.8734,-31.4061,-14.3539,-2.8192,-1.5007,0.6
106.7,PUSHBACK,-39.6715,-16.9461,-1.9278,-31.3212,-14.3325,-2.8338,-1.5007,0.6
106.8,PUSHBACK,-39.616,-16.8067,-1.9822,-31.2313,-14.3112,-2.848,-1.5007,0.6
106.9,BRAKING,-39.553,-16.6705,-2.0367,-31.1364,-14.2901,-2.8618,-1.5007,0.6
107.0,BRAKING,-39.4828,-16.5379,-2.0879,-31.0368,-14.2695,-2.8752,-1.5007,0.53
107.1,BRAKING,-39.4062,-16.4088,-2.1316,-30.9329,-14.2489,-2.8881,-1.5007,0.46
107.2,BRAKING,-39.3245,-16.283,-2.1683,-30.8259,-14.2282,-2.9006,-1.5007,0.39
107.3,BRAKING,-39.2385,-16.16,-2.1985,-30.7164,-14.2073,-2.9126,-1.5007,0.32
107.4,BRAKING,-39.1496,-16.04,-2.2225,-30.6051,-14.1865,-2.9244,-1.4613,0.256
107.5,BRAKING,-39.0615,-15.9263,-2.2408,-30.4933,-14.1661,-2.9358,-1.4076,0.2048
107.6,BRAKING,-38.9744,-15.8176,-2.2549,-30.3847,-14.1467,-2.9466,-1.3703,0.1638
107.7,BRAKING,-38.888,-15.7127,-2.2659,-30.2793,-14.1286,-2.957,-1.3431,0.1311
107.8,BRAKING,-38.8021,-15.6105,-2.2744,-30.1763,-14.1115,-2.9671,-1.3228,0.1049
107.9,BRAKING,-38.7166,-15.5103,-2.2812,-30.0751,-14.0954,-2.977,-1.3073,0.0839
108.0,BRAKING,-38.6315,-15.4118,-2.2865,-29.9755,-14.0803,-2.9867,-1.2954,0.0671
108.1,BRAKING,-38.5466,-15.3145,-2.2908,-29.8772,-14.0661,-2.9964,-1.2862,0.0537
108.2,BRAKING,-38.4618,-15.2181,-2.2941,-29.7801,-14.053,-3.0061,-1.2789,0.0429
108.3,BRAKING,-38.3772,-15.1225,-2.2968,-29.6841,-14.0408,-3.0157,-1.2733,0.0344
108.4,BRAKING,-38.2927,-15.0275,-2.2989,-29.589,-14.0295,-3.0254,-1.2688,0.0275
108.5,BRAKING,-38.2083,-14.9329,-2.3006,-29.4949,-14.0192,-3.0351,-1.2654,0.022
108.6,BRAKING,-38.1239,-14.8388,-2.302,-29.4017,-14.0099,-3.0448,-1.2626,0.0176
108.7,BRAKING,-38.0396,-14.7449,-2.3031,-29.3094,-14.0015,-3.0546,-1.2604,0.0141
108.8,BRAKING,-37.9554,-14.6512,-2.304,-29.2179,-13.994,-3.0645,-1.2587,0.0113
108.9,BRAKING,-37.8712,-14.5578,-2.3046,-29.1273,-13.9875,-3.0744,-1.2573,0.009
109.0,BRAKING,-37.787,-14.4645,-2.3052,-29.0375,-13.9819,-3.0844,-1.2562,0.0072
109.1,BRAKING,-37.7028,-14.3713,-2.3056,-28.9487,-13.9773,-3.0945,-1.2554,0.0058
109.2,BRAKING,-37.6186,-14.2781,-2.306,-28.8607,-13.9735,-3.1047,-1.2547,0.0046
109.3,BRAKING,-37.5345,-14.1851,-2.3063,-28.7736,-13.9707,-3.115,-1.2542,0.0037
109.4,BRAKING,-37.4503,-14.0921,-2.3065,-28.6875,-13.9688,-3.1254,-1.2537,0.003
109.5,BRAKING,-37.3662,-13.9992,-2.3067,-28.6023,-13.9679,-3.1359,-1.2534,0.0024
109.6,BRAKING,-37.282,-13.9063,-2.3068,-28.5182,-13.9678,3.1367,-1.2531,0.0019
109.7,BRAKING,-37.1979,-13.8134,-2.3069,-28.435,-13.9685,3.1261,-1.2529,0.0015
109.8,BRAKING,-37.1138,-13.7206,-2.307,-28.3528,-13.9702,3.1153,-1.2528,0.0012
109.9,BRAKING,-37.0297,-13.6278,-2.3071,-28.2717,-13.9727,3.1044,-1.2526,0.001
110.0,BRAKING,-36.9455,-13.535,-2.3072,-28.1917,-13.976,3.0935,-1.2525,0.0008
110.1,BRAKING,-36.8614,-13.4422,-2.3072,-28.1128,-13.9802,3.0824,-1.2524,0.0006
110.2,BRAKING,-36.7773,-13.3494,-2.3072,-28.035,-13.9851,3.0713,-1.2524,0.0005
110.3,BRAKING,-36.6932,-13.2566,-2.3073,-27.9583,-13.9909,3.06,-1.2523,0.0004
110.4,BRAKING,-36.6091,-13.1638,-2.3073,-27.8829,-13.9974,3.0487,-1.2523,0.0003
110.5,BRAKING,-36.525,-13.0711,-2.3073,-27.8087,-14.0046,3.0372,-1.2522,0.0003
110.6,BRAKING,-36.4408,-12.9783,-2.3073,-27.7357,-14.0126,3.0257,-1.2522,0.0002
110.7,BRAKING,-36.3567,-12.8855,-2.3074,-27.664,-14.0213,3.014,-1.2522,0.0002
110.8,BRAKING,-36.2726,-12.7928,-2.3074,-27.5936,-14.0307,3.0023,-1.2522,0.0001
110.9,BRAKING,-36.1885,-12.7,-2.3074,-27.5245,-14.0407,2.9905,-1.2522,0.0001
111.0,BRAKING,-36.1044,-12.6073,-2.3074,-27.4568,-14.0513,2.9785,-1.2521,0.0001
111.1,BRAKING,-36.0203,-12.5145,-2.3074,-27.3904,-14.0626,2.9665,-1.2521,0.0001
111.2,BRAKING,-35.9362,-12.4217,-2.3074,-27.3255,-14.0744,2.9544,-1.2521,0.0001
111.3,BRAKING,-35.852,-12.329,-2.3074,-27.2619,-14.0868,2.9422,-1.2521,0.0
111.4,BRAKING,-35.7679,-12.2362,-2.3074,-27.1998,-14.0996,2.9299,-1.2521,0.0
111.5,BRAKING,-35.6838,-12.1435,-2.3074,-27.1392,-14.113,2.9176,-1.2521,0.0
111.6,BRAKING,-35.5997,-12.0507,-2.3074,-27.0801,-14.1267,2.9051,-1.2521,0.0
111.7,BRAKING,-35.5156,-11.958,-2.3074,-27.0224,-14.1409,2.8926,-1.2521,0.0
111.8,BRAKING,-35.4315,-11.8652,-2.3074,-26.9663,-14.1555,2.8799,-1.2521,0.0
111.9,BRAKING,-35.3474,-11.7725,-2.3074,-26.9118,-14.1704,2.8672,-1.2521,0.0
112.0,BRAKING,-35.2633,-11.6797,-2.3074,-26.8588,-14.1856,2.8544,-1.2521,0.0
112.1,BRAKING,-35.1791,-11.587,-2.3074,-26.8074,-14.2011,2.8415,-1.2521,0.0
112.2,BRAKING,-35.095,-11.4942,-2.3074,-26.7576,-14.2168,2.8286,-1.2521,0.0
112.3,BRAKING,-35.0109,-11.4015,-2.3074,-26.7094,-14.2326,2.8156,-1.2521,0.0
112.4,BRAKING,-34.9268,-11.3087,-2.3074,-26.6629,-14.2486,2.8025,-1.2521,0.0
112.5,BRAKING,-34.8427,-11.216,-2.3074,-26.618,-14.2647,2.7893,-1.2521,0.0
112.6,BRAKING,-34.7586,-11.1232,-2.3074,-26.5747,-14.2809,2.776,-1.2521,0.0
112.7,BRAKING,-34.6745,-11.0305,-2.3074,-26.5331,-14.2971,2.7627,-1.2521,0.0
112.8,BRAKING,-34.5903,-10.9377,-2.3074,-26.4932,-14.3132,2.7493,-1.2521,0.0
112.9,BRAKING,-34.5062,-10.845,-2.3074,-26.455,-14.3293,2.7359,-1.2521,0.0
113.0,BRAKING,-34.4221,-10.7522,-2.3074,-26.4184,-14.3452,2.7224,-1.2521,0.0
113.1,BRAKING,-34.338,-10.6595,-2.3074,-26.3836,-14.361,2.7088,-1.2521,0.0
113.2,BRAKING,-34.2539,-10.5667,-2.3074,-26.3504,-14.3765,2.6952,-1.2521,0.0
113.3,BRAKING,-34.1698,-10.474,-2.3074,-26.3189,-14.3918,2.6815,-1.2521,0.0
113.4,BRAKING,-34.0857,-10.3812,-2.3074,-26.2891,-14.4068,2.6677,-1.2521,0.0
113.5,BRAKING,-34.0016,-10.2885,-2.3074,-26.261,-14.4214,2.654,-1.2521,0.0
113.6,BRAKING,-33.9174,-10.1957,-2.3074,-26.2345,-14.4356,2.6401,-1.2521,0.0
113.7,BRAKING,-33.8333,-10.103,-2.3074,-26.2098,-14.4493,2.6262,-1.2521,0.0
113.8,BRAKING,-33.7492,-10.0102,-2.3074,-26.1867,-14.4626,2.6123,-1.2521,0.0
113.9,BRAKING,-33.6651,-9.9175,-2.3074,-26.1652,-14.4753,2.5983,-1.2521,0.0
114.0,BRAKING,-33.581,-9.8247,-2.3074,-26.1455,-14.4874,2.5843,-1.2521,0.0
114.1,BRAKING,-33.4969,-9.732,-2.3074,-26.1273,-14.4989,2.5703,-1.2521,0.0
114.2,BRAKING,-33.4128,-9.6392,-2.3074,-26.1108,-14.5096,2.5562,-1.2521,0.0
114.3,BRAKING,-33.3286,-9.5465,-2.3074,-26.0958,-14.5196,2.5421,-1.2521,0.0
114.4,BRAKING,-33.2445,-9.4537,-2.3074,-26.0825,-14.5289,2.528,-1.2521,0.0
114.5,BRAKING,-33.1604,-9.361,-2.3074,-26.0707,-14.5373,2.5138,-1.2521,0.0
114.6,BRAKING,-33.0763,-9.2682,-2.3074,-26.0604,-14.5448,2.4996,-1.2521,0.0
114.7,BRAKING,-32.9922,-9.1755,-2.3074,-26.0517,-14.5514,2.4854,-1.2521,0.0
114.8,BRAKING,-32.9081,-9.0827,-2.3074,-26.0445,-14.557,2.4712,-1.2521,0.0
114.9,BRAKING,-32.824,-8.99,-2.3074,-26.0387,-14.5617,2.457,-1.2521,0.0
115.0,BRAKING,-32.7399,-8.8972,-2.3074,-26.0344,-14.5652,2.4427,-1.2521,0.0
115.1,BRAKING,-32.6557,-8.8045,-2.3074,-26.0314,-14.5677,2.4285,-1.2521,0.0
115.2,BRAKING,-32.5716,-8.7117,-2.3074,-26.0299,-14.5691,2.4142,-1.2521,0.0
115.3,BRAKING,-32.4875,-8.619,-2.3074,-26.0297,-14.5692,2.3999,-1.2521,0.0
115.4,BRAKING,-32.4034,-8.5262,-2.3074,-26.0308,-14.5682,2.3857,-1.2521,0.0
115.5,BRAKING,-32.3193,-8.4335,-2.3074,-26.0332,-14.5659,2.3714,-1.2521,0.0
115.6,BRAKING,-32.2352,-8.3407,-2.3074,-26.0368,-14.5623,2.3572,-1.2521,0.0
115.7,BRAKING,-32.1511,-8.248,-2.3074,-26.0417,-14.5575,2.3429,-1.2521,0.0
115.8,BRAKING,-32.0669,-8.1552,-2.3074,-26.0477,-14.5512,2.3287,-1.2521,0.0
115.9,BRAKING,-31.9828,-8.0625,-2.3074,-26.0548,-14.5436,2.3145,-1.2521,0.0
116.0,BRAKING,-31.8987,-7.9697,-2.3074,-26.063,-14.5346,2.3003,-1.2521,0.0
116.1,BRAKING,-31.8146,-7.877,-2.3074,-26.0723,-14.5241,2.2861,-1.2521,0.0
116.2,BRAKING,-31.7305,-7.7842,-2.3074,-26.0825,-14.5122,2.272,-1.2521,0.0
116.3,BRAKING,-31.6464,-7.6915,-2.3074,-26.0937,-14.4988,2.2579,-1.2521,0.0
116.4,BRAKING,-31.5623,-7.5987,-2.3074,-26.1058,-14.4838,2.2438,-1.2521,0.0
116.5,BRAKING,-31.4782,-7.506,-2.3074,-26.1188,-14.4674,2.2297,-1.2521,0.0
116.6,BRAKING,-31.394,-7.4132,-2.3074,-26.1326,-14.4493,2.2157,-1.2521,0.0
116.7,BRAKING,-31.3099,-7.3205,-2.3074,-26.1471,-14.4297,2.2017,-1.2521,0.0
116.8,BRAKING,-31.2258,-7.2277,-2.3074,-26.1624,-14.4086,2.1878,-1.2521,0.0
116.9,BRAKING,-31.1417,-7.135,-2.3074,-26.1784,-14.3858,2.1738,-1.2521,0.0
117.0,BRAKING,-31.0576,-7.0422,-2.3074,-26.195,-14.3613,2.16,-1.2521,0.0
117.1,BRAKING,-30.9735,-6.9495,-2.3074,-26.2122,-14.3353,2.1462,-1.2521,0.0
117.2,BRAKING,-30.8894,-6.8567,-2.3074,-26.23,-14.3076,2.1324,-1.2521,0.0
117.3,BRAKING,-30.8052,-6.764,-2.3074,-26.2482,-14.2783,2.1187,-1.2521,0.0
117.4,BRAKING,-30.7211,-6.6712,-2.3074,-26.2669,-14.2473,2.105,-1.2521,0.0
117.5,BRAKING,-30.637,-6.5785,-2.3074,-26.2859,-14.2147,2.0914,-1.2521,0.0
117.6,BRAKING,-30.5529,-6.4857,-2.3074,-26.3054,-14.1803,2.0779,-1.2521,0.0
117.7,BRAKING,-30.4688,-6.393,-2.3074,-26.3251,-14.1444,2.0644,-1.2521,0.0
117.8,BRAKING,-30.3847,-6.3002,-2.3074,-26.3451,-14.1067,2.051,-1.2521,0.0
117.9,BRAKING,-30.3006,-6.2075,-2.3074,-26.3653,-14.0674,2.0377,-1.2521,0.0
118.0,BRAKING,-30.2165,-6.1147,-2.3074,-26.3856,-14.0265,2.0244,-1.2521,0.0
118.1,BRAKING,-30.1323,-6.022,-2.3074,-26.4061,-13.9839,2.0112,-1.2521,0.0
118.2,BRAKING,-30.0482,-5.9292,-2.3074,-26.4267,-13.9396,1.998,-1.2521,0.0
118.3,BRAKING,-29.9641,-5.8365,-2.3074,-26.4473,-13.8937,1.985,-1.2521,0.0
118.4,BRAKING,-29.88,-5.7437,-2.3074,-26.4679,-13.8462,1.972,-1.2521,0.0
118.5,BRAKING,-29.7959,-5.651,-2.3074,-26.4885,-13.797,1.9591,-1.2521,0.0
118.6,BRAKING,-29.7118,-5.5582,-2.3074,-26.5089,-13.7463,1.9462,-1.2521,0.0
118.7,BRAKING,-29.6277,-5.4655,-2.3074,-26.5292,-13.6939,1.9335,-1.2521,0.0
118.8,BRAKING,-29.5435,-5.3727,-2.3074,-26.5494,-13.64,1.9208,-1.2521,0.0
118.9,BRAKING,-29.4594,-5.28,-2.3074,-26.5693,-13.5845,1.9082,-1.2521,0.0
119.0,BRAKING,-29.3753,-5.1872,-2.3074,-26.589,-13.5274,1.8957,-1.2521,0.0
119.1,BRAKING,-29.2912,-5.0945,-2.3074,-26.6084,-13.4688,1.8833,-1.2521,0.0
119.2,BRAKING,-29.2071,-5.0017,-2.3074,-26.6275,-13.4087,1.871,-1.2521,0.0
119.3,BRAKING,-29.123,-4.909,-2.3074,-26.6463,-13.3471,1.8587,-1.2521,0.0
119.4,BRAKING,-29.0389,-4.8162,-2.3074,-26.6646,-13.284,1.8466,-1.2521,0.0
119.5,BRAKING,-28.9548,-4.7235,-2.3074,-26.6825,-13.2195,1.8345,-1.2521,0.0
119.6,BRAKING,-28.8706,-4.6307,-2.3074,-26.7,-13.1535,1.8226,-1.2521,0.0
119.7,BRAKING,-28.7865,-4.538,-2.3074,-26.717,-13.0862,1.8107,-1.2521,0.0
119.8,BRAKING,-28.7024,-4.4452,-2.3074,-26.7335,-13.0174,1.7989,-1.2521,0.0
119.9,BRAKING,-28.6183,-4.3525,-2.3074,-26.7494,-12.9473,1.7872,-1.2521,0.0
120.0,BRAKING,-28.5342,-4.2597,-2.3074,-26.7648,-12.8758,1.7757,-1.2521,0.0
120.1,BRAKING,-28.4501,-4.167,-2.3074,-26.7796,-12.803,1.7642,-1.2521,0.0
120.2,BRAKING,-28.366,-4.0742,-2.3074,-26.7937,-12.7289,1.7528,-1.2521,0.0
120.3,BRAKING,-28.2818,-3.9815,-2.3074,-26.8072,-12.6535,1.7415,-1.2521,0.0
120.4,BRAKING,-28.1977,-3.8887,-2.3074,-26.8201,-12.5769,1.7303,-1.2521,0.0
120.5,BRAKING,-28.1136,-3.796,-2.3074,-26.8322,-12.4991,1.7192,-1.2521,0.0
120.6,BRAKING,-28.0295,-3.7032,-2.3074,-26.8437,-12.4201,1.7082,-1.2521,0.0
120.7,BRAKING,-27.9454,-3.6105,-2.3074,-26.8544,-12.34,1.6973,-1.2521,0.0
120.8,BRAKING,-27.8613,-3.5177,-2.3074,-26.8644,-12.2587,1.6865,-1.2521,0.0
120.9,BRAKING,-27.7772,-3.425,-2.3074,-26.8736,-12.1763,1.6758,-1.2521,0.0
121.0,BRAKING,-27.6931,-3.3322,-2.3074,-26.8821,-12.0928,1.6652,-1.2521,0.0
121.1,BRAKING,-27.6089,-3.2395,-2.3074,-26.8897,-12.0082,1.6547,-1.2521,0.0
121.2,BRAKING,-27.5248,-3.1467,-2.3074,-26.8966,-11.9227,1.6443,-1.2521,0.0
121.3,BRAKING,-27.4407,-3.054,-2.3074,-26.9026,-11.8361,1.6341,-1.2521,0.0
121.4,BRAKING,-27.3566,-2.9612,-2.3074,-26.9078,-11.7485,1.6239,-1.2521,0.0
121.5,BRAKING,-27.2725,-2.8685,-2.3074,-26.9121,-11.66,1.6138,-1.2521,0.0
121.6,BRAKING,-27.1884,-2.7757,-2.3074,-26.9156,-11.5706,1.6038,-1.2521,0.0
121.7,BRAKING,-27.1043,-2.683,-2.3074,-26.9182,-11.4803,1.5939,-1.2521,0.0
121.8,BRAKING,-27.0201,-2.5902,-2.3074,-26.92,-11.3891,1.5841,-1.2521,0.0
121.9,BRAKING,-26.936,-2.4975,-2.3074,-26.9208,-11.2971,1.5745,-1.2521,0.0
122.0,BRAKING,-26.8519,-2.4047,-2.3074,-26.9208,-11.2042,1.5649,-1.2521,0.0
122.1,BRAKING,-26.7678,-2.312,-2.3074,-26.9199,-11.1106,1.5554,-1.2521,0.0
122.2,BRAKING,-26.6837,-2.2192,-2.3074,-26.9181,-11.0162,1.546,-1.2521,0.0
122.3,BRAKING,-26.5996,-2.1265,-2.3074,-26.9154,-10.9211,1.5368,-1.2521,0.0
122.4,BRAKING,-26.5155,-2.0337,-2.3074,-26.9118,-10.8252,1.5276,-1.2521,0.0
122.5,BRAKING,-26.4314,-1.941,-2.3074,-26.9072,-10.7286,1.5185,-1.2521,0.0
122.6,BRAKING,-26.3472,-1.8482,-2.3074,-26.9018,-10.6314,1.5095,-1.2521,0.0
122.7,BRAKING,-26.2631,-1.7555,-2.3074,-26.8954,-10.5335,1.5007,-1.2521,0.0
122.8,BRAKING,-26.179,-1.6627,-2.3074,-26.8882,-10.4351,1.4919,-1.2521,0.0
122.9,BRAKING,-26.0949,-1.57,-2.3074,-26.88,-10.336,1.4832,-1.2521,0.0
123.0,BRAKING,-26.0108,-1.4772,-2.3074,-26.8709,-10.2363,1.4746,-1.2521,0.0
123.1,BRAKING,-25.9267,-1.3845,-2.3074,-26.8609,-10.1361,1.4661,-1.2521,0.0
123.2,BRAKING,-25.8426,-1.2917,-2.3074,-26.85,-10.0353,1.4578,-1.2521,0.0
123.3,BRAKING,-25.7584,-1.199,-2.3074,-26.8381,-9.9341,1.4495,-1.2521,0.0
123.4,BRAKING,-25.6743,-1.1062,-2.3074,-26.8254,-9.8323,1.4413,-1.2521,0.0
123.5,BRAKING,-25.5902,-1.0135,-2.3074,-26.8117,-9.7301,1.4332,-1.2521,0.0
123.6,BRAKING,-25.5061,-0.9207,-2.3074,-26.7972,-9.6275,1.4252,-1.2521,0.0
123.7,BRAKING,-25.422,-0.828,-2.3074,-26.7817,-9.5244,1.4173,-1.2521,0.0
123.8,BRAKING,-25.3379,-0.7352,-2.3074,-26.7654,-9.4209,1.4095,-1.2521,0.0
123.9,BRAKING,-25.2538,-0.6425,-2.3074,-26.7481,-9.317,1.4017,-1.2521,0.0
124.0,BRAKING,-25.1696,-0.5497,-2.3074,-26.73,-9.2127,1.3941,-1.2521,0.0
124.1,BRAKING,-25.0855,-0.457,-2.3074,-26.711,-9.1081,1.3866,-1.2521,0.0
124.2,BRAKING,-25.0014,-0.3642,-2.3074,-26.6911,-9.0031,1.3791,-1.2521,0.0
124.3,BRAKING,-24.9173,-0.2715,-2.3074,-26.6704,-8.8978,1.3718,-1.2521,0.0
124.4,BRAKING,-24.8332,-0.1787,-2.3074,-26.6487,-8.7922,1.3645,-1.2521,0.0
124.5,BRAKING,-24.7491,-0.086,-2.3074,-26.6263,-8.6863,1.3573,-1.2521,0.0
124.6,BRAKING,-24.665,0.0068,-2.3074,-26.6029,-8.5802,1.3502,-1.2521,0.0
124.7,BRAKING,-24.5809,0.0995,-2.3074,-26.5788,-8.4738,1.3432,-1.2521,0.0
124.8,BRAKING,-24.4967,0.1923,-2.3074,-26.5538,-8.3671,1.3363,-1.2521,0.0
124.9,BRAKING,-24.4126,0.285,-2.3074,-26.5279,-8.2602,1.3295,-1.2521,0.0
125.0,BRAKING,-24.3285,0.3778,-2.3074,-26.5013,-8.1531,1.3228,-1.2521,0.0
125.1,BRAKING,-24.2444,0.4705,-2.3074,-26.4738,-8.0458,1.3161,-1.2521,0.0
125.2,BRAKING,-24.1603,0.5633,-2.3074,-26.4455,-7.9384,1.3095,-1.2521,0.0
125.3,BRAKING,-24.0762,0.656,-2.3074,-26.4164,-7.8307,1.303,-1.2521,0.0
125.4,BRAKING,-23.9921,0.7488,-2.3074,-26.3865,-7.7229,1.2966,-1.2521,0.0
125.5,BRAKING,-23.9079,0.8415,-2.3074,-26.3559,-7.6149,1.2903,-1.2521,0.0
125.6,BRAKING,-23.8238,0.9343,-2.3074,-26.3244,-7.5068,1.284,-1.2521,0.0
125.7,BRAKING,-23.7397,1.027,-2.3074,-26.2922,-7.3986,1.2779,-1.2521,0.0
125.8,BRAKING,-23.6556,1.1198,-2.3074,-26.2592,-7.2902,1.2718,-1.2521,0.0
125.9,BRAKING,-23.5715,1.2125,-2.3074,-26.2255,-7.1818,1.2658,-1.2521,0.0
126.0,BRAKING,-23.4874,1.3053,-2.3074,-26.1911,-7.0732,1.2598,-1.2521,0.0
126.1,BRAKING,-23.4033,1.398,-2.3074,-26.1559,-6.9646,1.254,-1.2521,0.0
126.2,BRAKING,-23.3192,1.4908,-2.3074,-26.12,-6.8559,1.2482,-1.2521,0.0
126.3,BRAKING,-23.235,1.5835,-2.3074,-26.0833,-6.7471,1.2425,-1.2521,0.0
126.4,BRAKING,-23.1509,1.6763,-2.3074,-26.046,-6.6383,1.2369,-1.2521,0.0
126.5,BRAKING,-23.0668,1.769,-2.3074,-26.0079,-6.5294,1.2313,-1.2521,0.0
126.6,BRAKING,-22.9827,1.8618,-2.3074,-25.9692,-6.4205,1.2258,-1.2521,0.0
126.7,BRAKING,-22.8986,1.9545,-2.3074,-25.9298,-6.3116,1.2204,-1.2521,0.0
126.8,BRAKING,-22.8145,2.0473,-2.3074,-25.8897,-6.2026,1.2151,-1.2521,0.0
126.9,BRAKING,-22.7304,2.14,-2.3074,-25.8489,-6.0936,1.2098,-1.2521,0.0
127.0,BRAKING,-22.6462,2.2328,-2.3074,-25.8075,-5.9846,1.2046,-1.2521,0.0
127.1,BRAKING,-22.5621,2.3255,-2.3074,-25.7654,-5.8756,1.1994,-1.2521,0.0
127.2,BRAKING,-22.478,2.4183,-2.3074,-25.7227,-5.7666,1.1944,-1.2521,0.0
127.3,BRAKING,-22.3939,2.511,-2.3074,-25.6794,-5.6576,1.1894,-1.2521,0.0
127.4,BRAKING,-22.3098,2.6038,-2.3074,-25.6355,-5.5487,1.1845,-1.2521,0.0
127.5,BRAKING,-22.2257,2.6965,-2.3074,-25.5909,-5.4397,1.1796,-1.2521,0.0
127.6,BRAKING,-22.1416,2.7893,-2.3074,-25.5457,-5.3308,1.1748,-1.2521,0.0
127.7,BRAKING,-22.0575,2.882,-2.3074,-25.5,-5.2219,1.17,-1.2521,0.0
127.8,BRAKING,-21.9733,2.9748,-2.3074,-25.4536,-5.113,1.1654,-1.2521,0.0
127.9,BRAKING,-21.8892,3.0675,-2.3074,-25.4067,-5.0042,1.1608,-1.2521,0.0
128.0,BRAKING,-21.8051,3.1603,-2.3074,-25.3591,-4.8955,1.1562,-1.2521,0.0
128.1,BRAKING,-21.721,3.253,-2.3074,-25.3111,-4.7868,1.1517,-1.2521,0.0
128.2,BRAKING,-21.6369,3.3458,-2.3074,-25.2624,-4.6781,1.1473,-1.2521,0.0
128.3,BRAKING,-21.5528,3.4385,-2.3074,-25.2133,-4.5695,1.1429,-1.2521,0.0
128.4,BRAKING,-21.4687,3.5313,-2.3074,-25.1635,-4.461,1.1386,-1.2521,0.0
128.5,BRAKING,-21.3845,3.624,-2.3074,-25.1133,-4.3525,1.1344,-1.2521,0.0
128.6,BRAKING,-21.3004,3.7168,-2.3074,-25.0625,-4.2442,1.1302,-1.2521,0.0
128.7,BRAKING,-21.2163,3.8095,-2.3074,-25.0112,-4.1359,1.126,-1.2521,0.0
128.8,BRAKING,-21.1322,3.9023,-2.3074,-24.9594,-4.0276,1.122,-1.2521,0.0
128.9,BRAKING,-21.0481,3.995,-2.3074,-24.9071,-3.9195,1.1179,-1.2521,0.0
129.0,BRAKING,-20.964,4.0878,-2.3074,-24.8543,-3.8114,1.114,-1.2521,0.0
129.1,BRAKING,-20.8799,4.1806,-2.3074,-24.801,-3.7034,1.11,-1.2521,0.0
129.2,BRAKING,-20.7958,4.2733,-2.3074,-24.7473,-3.5955,1.1062,-1.2521,0.0
129.3,BRAKING,-20.7116,4.3661,-2.3074,-24.693,-3.4877,1.1024,-1.2521,0.0
129.4,BRAKING,-20.6275,4.4588,-2.3074,-24.6383,-3.38,1.0986,-1.2521,0.0
129.5,BRAKING,-20.5434,4.5516,-2.3074,-24.5832,-3.2724,1.0949,-1.2521,0.0
129.6,BRAKING,-20.4593,4.6443,-2.3074,-24.5276,-3.1649,1.0913,-1.2521,0.0
129.7,BRAKING,-20.3752,4.7371,-2.3074,-24.4715,-3.0575,1.0876,-1.2521,0.0
129.8,BRAKING,-20.2911,4.8298,-2.3074,-24.415,-2.9502,1.0841,-1.2521,0.0
129.9,BRAKING,-20.207,4.9226,-2.3074,-24.3581,-2.843,1.0806,-1.2521,0.0
130.0,BRAKING,-20.1228,5.0153,-2.3074,-24.3008,-2.7359,1.0771,-1.2521,0.0
130.1,BRAKING,-20.0387,5.1081,-2.3074,-24.243,-2.6289,1.0737,-1.2521,0.0
130.2,BRAKING,-19.9546,5.2008,-2.3074,-24.1848,-2.522,1.0704,-1.2521,0.0
130.3,BRAKING,-19.8705,5.2936,-2.3074,-24.1263,-2.4153,1.067,-1.2521,0.0
130.4,BRAKING,-19.7864,5.3863,-2.3074,-24.0673,-2.3086,1.0638,-1.2521,0.0
130.5,BRAKING,-19.7023,5.4791,-2.3074,-24.0079,-2.2021,1.0605,-1.2521,0.0
130.6,BRAKING,-19.6182,5.5718,-2.3074,-23.9482,-2.0956,1.0574,-1.2521,0.0
130.7,BRAKING,-19.5341,5.6646,-2.3074,-23.888,-1.9893,1.0542,-1.2521,0.0
130.8,BRAKING,-19.4499,5.7573,-2.3074,-23.8275,-1.8831,1.0511,-1.2521,0.0
130.9,BRAKING,-19.3658,5.8501,-2.3074,-23.7667,-1.777,1.0481,-1.2521,0.0
131.0,BRAKING,-19.2817,5.9428,-2.3074,-23.7054,-1.671,1.0451,-1.2521,0.0
131.1,BRAKING,-19.1976,6.0356,-2.3074,-23.6438,-1.5652,1.0421,-1.2521,0.0
131.2,BRAKING,-19.1135,6.1283,-2.3074,-23.5819,-1.4594,1.0392,-1.2521,0.0
131.3,BRAKING,-19.0294,6.2211,-2.3074,-23.5196,-1.3538,1.0363,-1.2521,0.0
131.4,BRAKING,-18.9453,6.3138,-2.3074,-23.457,-1.2483,1.0334,-1.2521,0.0
131.5,BRAKING,-18.8611,6.4066,-2.3074,-23.394,-1.1429,1.0306,-1.2521,0.0
131.6,BRAKING,-18.777,6.4993,-2.3074,-23.3307,-1.0376,1.0279,-1.2521,0.0
131.7,BRAKING,-18.6929,6.5921,-2.3074,-23.2671,-0.9324,1.0251,-1.2521,0.0
131.8,BRAKING,-18.6088,6.6848,-2.3074,-23.2032,-0.8274,1.0224,-1.2521,0.0
131.9,BRAKING,-18.5247,6.7776,-2.3074,-23.1389,-0.7225,1.0198,-1.2521,0.0
132.0,BRAKING,-18.4406,6.8703,-2.3074,-23.0744,-0.6177,1.0172,-1.2521,0.0
132.1,BRAKING,-18.3565,6.9631,-2.3074,-23.0095,-0.513,1.0146,-1.2521,0.0
132.2,BRAKING,-18.2724,7.0558,-2.3074,-22.9444,-0.4084,1.012,-1.2521,0.0
132.3,BRAKING,-18.1882,7.1486,-2.3074,-22.8789,-0.304,1.0095,-1.2521,0.0
132.4,BRAKING,-18.1041,7.2413,-2.3074,-22.8132,-0.1996,1.0071,-1.2521,0.0
132.5,BRAKING,-18.02,7.3341,-2.3074,-22.7471,-0.0954,1.0046,-1.2521,0.0
132.6,BRAKING,-17.9359,7.4268,-2.3074,-22.6808,0.0087,1.0022,-1.2521,0.0
132.7,BRAKING,-17.8518,7.5196,-2.3074,-22.6143,0.1127,0.9998,-1.2521,0.0
132.8,BRAKING,-17.7677,7.6123,-2.3074,-22.5474,0.2165,0.9975,-1.2521,0.0
132.9,BRAKING,-17.6836,7.7051,-2.3074,-22.4803,0.3203,0.9952,-1.2521,0.0
133.0,BRAKING,-17.5994,7.7978,-2.3074,-22.4129,0.4239,0.9929,-1.2521,0.0
133.1,BRAKING,-17.5153,7.8906,-2.3074,-22.3453,0.5274,0.9907,-1.2521,0.0
133.2,BRAKING,-17.4312,7.9833,-2.3074,-22.2774,0.6308,0.9885,-1.2521,0.0
133.3,BRAKING,-17.3471,8.0761,-2.3074,-22.2092,0.7341,0.9863,-1.2521,0.0
133.4,BRAKING,-17.263,8.1688,-2.3074,-22.1408,0.8373,0.9841,-1.2521,0.0
133.5,BRAKING,-17.1789,8.2616,-2.3074,-22.0722,0.9404,0.982,-1.2521,0.0
133.6,BRAKING,-17.0948,8.3543,-2.3074,-22.0033,1.0433,0.9799,-1.2521,0.0
133.7,BRAKING,-17.0107,8.4471,-2.3074,-21.9342,1.1462,0.9779,-1.2521,0.0
133.8,BRAKING,-16.9265,8.5398,-2.3074,-21.8649,1.2489,0.9759,-1.2521,0.0
133.9,BRAKING,-16.8424,8.6326,-2.3074,-21.7953,1.3515,0.9739,-1.2521,0.0
134.0,BRAKING,-16.7583,8.7253,-2.3074,-21.7255,1.454,0.9719,-1.2521,0.0
134.1,BRAKING,-16.6742,8.8181,-2.3074,-21.6555,1.5564,0.9699,-1.2521,0.0
134.2,BRAKING,-16.5901,8.9108,-2.3074,-21.5853,1.6587,0.968,-1.2521,0.0
134.3,BRAKING,-16.506,9.0036,-2.3074,-21.5149,1.7609,0.9661,-1.2521,0.0
134.4,BRAKING,-16.4219,9.0963,-2.3074,-21.4442,1.8629,0.9643,-1.2521,0.0
134.5,BRAKING,-16.3377,9.1891,-2.3074,-21.3734,1.9649,0.9624,-1.2521,0.0
134.6,BRAKING,-16.2536,9.2818,-2.3074,-21.3023,2.0668,0.9606,-1.2521,0.0
134.7,BRAKING,-16.1695,9.3746,-2.3074,-21.231,2.1685,0.9588,-1.2521,0.0
134.8,BRAKING,-16.0854,9.4673,-2.3074,-21.1596,2.2702,0.9571,-1.2521,0.0
134.9,BRAKING,-16.0013,9.5601,-2.3074,-21.0879,2.3717,0.9553,-1.2521,0.0
135.0,BRAKING,-15.9172,9.6528,-2.3074,-21.0161,2.4732,0.9536,-1.2521,0.0
135.1,BRAKING,-15.8331,9.7456,-2.3074,-20.9441,2.5745,0.9519,-1.2521,0.0
135.2,BRAKING,-15.749,9.8383,-2.3074,-20.8719,2.6758,0.9502,-1.2521,0.0
135.3,BRAKING,-15.6648,9.9311,-2.3074,-20.7995,2.7769,0.9486,-1.2521,0.0
135.4,BRAKING,-15.5807,10.0238,-2.3074,-20.7269,2.878,0.947,-1.2521,0.0
135.5,BRAKING,-15.4966,10.1166,-2.3074,-20.6542,2.9789,0.9454,-1.2521,0.0
135.6,BRAKING,-15.4125,10.2093,-2.3074,-20.5812,3.0797,0.9438,-1.2521,0.0
135.7,BRAKING,-15.3284,10.3021,-2.3074,-20.5082,3.1805,0.9423,-1.2521,0.0
135.8,BRAKING,-15.2443,10.3948,-2.3074,-20.4349,3.2811,0.9407,-1.2521,0.0
135.9,BRAKING,-15.1602,10.4876,-2.3074,-20.3615,3.3817,0.9392,-1.2521,0.0
136.0,BRAKING,-15.076,10.5803,-2.3074,-20.2879,3.4822,0.9377,-1.2521,0.0
136.1,BRAKING,-14.9919,10.6731,-2.3074,-20.2142,3.5825,0.9363,-1.2521,0.0
136.2,BRAKING,-14.9078,10.7658,-2.3074,-20.1403,3.6828,0.9348,-1.2521,0.0
136.3,BRAKING,-14.8237,10.8586,-2.3074,-20.0662,3.783,0.9334,-1.2521,0.0
136.4,BRAKING,-14.7396,10.9513,-2.3074,-19.992,3.8831,0.932,-1.2521,0.0
136.5,BRAKING,-14.6555,11.0441,-2.3074,-19.9176,3.9831,0.9306,-1.2521,0.0
136.6,BRAKING,-14.5714,11.1368,-2.3074,-19.8431,4.083,0.9293,-1.2521,0.0
136.7,BRAKING,-14.4873,11.2296,-2.3074,-19.7685,4.1829,0.9279,-1.2521,0.0
136.8,BRAKING,-14.4031,11.3223,-2.3074,-19.6937,4.2826,0.9266,-1.2521,0.0
136.9,BRAKING,-14.319,11.4151,-2.3074,-19.6187,4.3823,0.9253,-1.2521,0.0
137.0,BRAKING,-14.2349,11.5078,-2.3074,-19.5437,4.4818,0.924,-1.2521,0.0
137.1,BRAKING,-14.1508,11.6006,-2.3074,-19.4685,4.5813,0.9227,-1.2521,0.0
137.2,BRAKING,-14.0667,11.6933,-2.3074,-19.3931,4.6807,0.9215,-1.2521,0.0
137.3,BRAKING,-13.9826,11.7861,-2.3074,-19.3177,4.78,0.9202,-1.2521,0.0
137.4,BRAKING,-13.8985,11.8788,-2.3074,-19.242,4.8793,0.919,-1.2521,0.0
137.5,BRAKING,-13.8143,11.9716,-2.3074,-19.1663,4.9784,0.9178,-1.2521,0.0
137.6,BRAKING,-13.7302,12.0643,-2.3074,-19.0905,5.0775,0.9166,-1.2521,0.0
137.7,BRAKING,-13.6461,12.1571,-2.3074,-19.0145,5.1765,0.9155,-1.2521,0.0
137.8,BRAKING,-13.562,12.2498,-2.3074,-18.9384,5.2754,0.9143,-1.2521,0.0
137.9,BRAKING,-13.4779,12.3426,-2.3074,-18.8621,5.3742,0.9132,-1.2521,0.0
138.0,BRAKING,-13.3938,12.4353,-2.3074,-18.7858,5.473,0.912,-1.2521,0.0
138.1,BRAKING,-13.3097,12.5281,-2.3074,-18.7093,5.5717,0.9109,-1.2521,0.0
138.2,BRAKING,-13.2256,12.6208,-2.3074,-18.6328,5.6703,0.9099,-1.2521,0.0
138.3,BRAKING,-13.1414,12.7136,-2.3074,-18.5561,5.7688,0.9088,-1.2521,0.0
138.4,BRAKING,-13.0573,12.8063,-2.3074,-18.4793,5.8673,0.9077,-1.2521,0.0
138.5,BRAKING,-12.9732,12.8991,-2.3074,-18.4024,5.9656,0.9067,-1.2521,0.0
138.6,BRAKING,-12.8891,12.9918,-2.3074,-18.3254,6.064,0.9057,-1.2521,0.0
138.7,BRAKING,-12.805,13.0846,-2.3074,-18.2482,6.1622,0.9046,-1.2521,0.0
138.8,BRAKING,-12.7209,13.1773,-2.3074,-18.171,6.2604,0.9037,-1.2521,0.0
138.9,BRAKING,-12.6368,13.2701,-2.3074,-18.0937,6.3585,0.9027,-1.2521,0.0
139.0,BRAKING,-12.5526,13.3628,-2.3074,-18.0163,6.4565,0.9017,-1.2521,0.0
139.1,BRAKING,-12.4685,13.4556,-2.3074,-17.9387,6.5545,0.9007,-1.2521,0.0
139.2,BRAKING,-12.3844,13.5483,-2.3074,-17.8611,6.6524,0.8998,-1.2521,0.0
139.3,BRAKING,-12.3003,13.6411,-2.3074,-17.7834,6.7502,0.8989,-1.2521,0.0
139.4,BRAKING,-12.2162,13.7338,-2.3074,-17.7056,6.8479,0.898,-1.2521,0.0
139.5,BRAKING,-12.1321,13.8266,-2.3074,-17.6276,6.9456,0.897,-1.2521,0.0
139.6,BRAKING,-12.048,13.9193,-2.3074,-17.5496,7.0433,0.8962,-1.2521,0.0
139.7,BRAKING,-11.9639,14.0121,-2.3074,-17.4715,7.1408,0.8953,-1.2521,0.0
139.8,BRAKING,-11.8797,14.1048,-2.3074,-17.3934,7.2383,0.8944,-1.2521,0.0
139.9,BRAKING,-11.7956,14.1976,-2.3074,-17.3151,7.3358,0.8936,-1.2521,0.0
140.0,BRAKING,-11.7115,14.2903,-2.3074,-17.2367,7.4332,0.8927,-1.2521,0.0
140.1,BRAKING,-11.6274,14.3831,-2.3074,-17.1583,7.5305,0.8919,-1.2521,0.0
140.2,BRAKING,-11.5433,14.4758,-2.3074,-17.0798,7.6278,0.8911,-1.2521,0.0
140.3,BRAKING,-11.4592,14.5686,-2.3074,-17.0012,7.725,0.8903,-1.2521,0.0
140.4,BRAKING,-11.3751,14.6613,-2.3074,-16.9225,7.8221,0.8895,-1.2521,0.0
140.5,BRAKING,-11.2909,14.7541,-2.3074,-16.8437,7.9192,0.8887,-1.2521,0.0
140.6,BRAKING,-11.2068,14.8468,-2.3074,-16.7648,8.0162,0.8879,-1.2521,0.0
140.7,BRAKING,-11.1227,14.9396,-2.3074,-16.6859,8.1132,0.8872,-1.2521,0.0
140.8,BRAKING,-11.0386,15.0323,-2.3074,-16.6069,8.2101,0.8864,-1.2521,0.0
140.9,BRAKING,-10.9545,15.1251,-2.3074,-16.5278,8.307,0.8857,-1.2521,0.0
141.0,BRAKING,-10.8704,15.2178,-2.3074,-16.4487,8.4038,0.8849,-1.2521,0.0
141.1,BRAKING,-10.7863,15.3106,-2.3074,-16.3694,8.5005,0.8842,-1.2521,0.0
141.2,BRAKING,-10.7022,15.4033,-2.3074,-16.2901,8.5972,0.8835,-1.2521,0.0
141.3,BRAKING,-10.618,15.4961,-2.3074,-16.2108,8.6939,0.8828,-1.2521,0.0
141.4,BRAKING,-10.5339,15.5888,-2.3074,-16.1313,8.7904,0.8821,-1.2521,0.0
141.5,BRAKING,-10.4498,15.6816,-2.3074,-16.0518,8.887,0.8814,-1.2521,0.0
141.6,BRAKING,-10.3657,15.7743,-2.3074,-15.9722,8.9835,0.8808,-1.2521,0.0
141.7,BRAKING,-10.2816,15.8671,-2.3074,-15.8926,9.0799,0.8801,-1.2521,0.0
141.8,BRAKING,-10.1975,15.9598,-2.3074,-15.8129,9.1763,0.8795,-1.2521,0.0
141.9,BRAKING,-10.1134,16.0526,-2.3074,-15.7331,9.2727,0.8788,-1.2521,0.0
142.0,BRAKING,-10.0292,16.1453,-2.3074,-15.6533,9.369,0.8782,-1.2521,0.0
142.1,BRAKING,-9.9451,16.2381,-2.3074,-15.5734,9.4652,0.8776,-1.2521,0.0
142.2,BRAKING,-9.861,16.3308,-2.3074,-15.4934,9.5614,0.8769,-1.2521,0.0
142.3,BRAKING,-9.7769,16.4236,-2.3074,-15.4134,9.6576,0.8763,-1.2521,0.0
142.4,BRAKING,-9.6928,16.5163,-2.3074,-15.3333,9.7537,0.8757,-1.2521,0.0
142.5,BRAKING,-9.6087,16.6091,-2.3074,-15.2532,9.8497,0.8752,-1.2521,0.0
142.6,BRAKING,-9.5246,16.7018,-2.3074,-15.173,9.9457,0.8746,-1.2521,0.0
142.7,BRAKING,-9.4405,16.7946,-2.3074,-15.0927,10.0417,0.874,-1.2521,0.0
142.8,BRAKING,-9.3563,16.8873,-2.3074,-15.0124,10.1377,0.8734,-1.2521,0.0
142.9,BRAKING,-9.2722,16.9801,-2.3074,-14.932,10.2335,0.8729,-1.2521,0.0
143.0,BRAKING,-9.1881,17.0728,-2.3074,-14.8516,10.3294,0.8723,-1.2521,0.0
143.1,BRAKING,-9.104,17.1656,-2.3074,-14.7711,10.4252,0.8718,-1.2521,0.0
143.2,BRAKING,-9.0199,17.2583,-2.3074,-14.6906,10.521,0.8713,-1.2521,0.0
143.3,BRAKING,-8.9358,17.3511,-2.3074,-14.61,10.6167,0.8707,-1.2521,0.0
143.4,BRAKING,-8.8517,17.4438,-2.3074,-14.5294,10.7124,0.8702,-1.2521,0.0
143.5,BRAKING,-8.7675,17.5366,-2.3074,-14.4487,10.808,0.8697,-1.2521,0.0
143.6,BRAKING,-8.6834,17.6293,-2.3074,-14.3679,10.9036,0.8692,-1.2521,0.0
143.7,BRAKING,-8.5993,17.7221,-2.3074,-14.2872,10.9992,0.8687,-1.2521,0.0
143.8,BRAKING,-8.5152,17.8148,-2.3074,-14.2063,11.0947,0.8682,-1.2521,0.0
143.9,BRAKING,-8.4311,17.9076,-2.3074,-14.1254,11.1902,0.8677,-1.2521,0.0
144.0,BRAKING,-8.347,18.0003,-2.3074,-14.0445,11.2856,0.8673,-1.2521,0.0
144.1,BRAKING,-8.2629,18.0931,-2.3074,-13.9635,11.381,0.8668,-1.2521,0.0
144.2,BRAKING,-8.1788,18.1858,-2.3074,-13.8825,11.4764,0.8663,-1.2521,0.0
144.3,BRAKING,-8.0946,18.2786,-2.3074,-13.8015,11.5718,0.8659,-1.2521,0.0
144.4,BRAKING,-8.0105,18.3713,-2.3074,-13.7203,11.6671,0.8654,-1.2521,0.0
144.5,BRAKING,-7.9264,18.4641,-2.3074,-13.6392,11.7623,0.865,-1.2521,0.0
144.6,BRAKING,-7.8423,18.5568,-2.3074,-13.558,11.8576,0.8645,-1.2521,0.0
144.7,BRAKING,-7.7582,18.6496,-2.3074,-13.4767,11.9528,0.8641,-1.2521,0.0
144.8,BRAKING,-7.6741,18.7423,-2.3074,-13.3955,12.0479,0.8637,-1.2521,0.0
144.9,BRAKING,-7.59,18.8351,-2.3074,-13.3141,12.1431,0.8633,-1.2521,0.0
145.0,BRAKING,-7.5058,18.9278,-2.3074,-13.2328,12.2382,0.8629,-1.2521,0.0
145.1,BRAKING,-7.4217,19.0206,-2.3074,-13.1514,12.3333,0.8625,-1.2521,0.0
145.2,BRAKING,-7.3376,19.1133,-2.3074,-13.0699,12.4283,0.8621,-1.2521,0.0
145.3,BRAKING,-7.2535,19.2061,-2.3074,-12.9885,12.5233,0.8617,-1.2521,0.0
145.4,BRAKING,-7.1694,19.2988,-2.3074,-12.9069,12.6183,0.8613,-1.2521,0.0
145.5,BRAKING,-7.0853,19.3916,-2.3074,-12.8254,12.7132,0.8609,-1.2521,0.0
145.6,BRAKING,-7.0012,19.4843,-2.3074,-12.7438,12.8081,0.8605,-1.2521,0.0
145.7,BRAKING,-6.9171,19.5771,-2.3074,-12.6622,12.903,0.8601,-1.2521,0.0
145.8,BRAKING,-6.8329,19.6698,-2.3074,-12.5805,12.9979,0.8598,-1.2521,0.0
145.9,BRAKING,-6.7488,19.7626,-2.3074,-12.4988,13.0927,0.8594,-1.2521,0.0
146.0,BRAKING,-6.6647,19.8553,-2.3074,-12.4171,13.1875,0.859,-1.2521,0.0
146.1,BRAKING,-6.5806,19.9481,-2.3074,-12.3353,13.2823,0.8587,-1.2521,0.0
146.2,BRAKING,-6.4965,20.0408,-2.3074,-12.2535,13.377,0.8583,-1.2521,0.0
146.3,BRAKING,-6.4124,20.1336,-2.3074,-12.1716,13.4717,0.858,-1.2521,0.0
146.4,BRAKING,-6.3283,20.2263,-2.3074,-12.0898,13.5664,0.8577,-1.2521,0.0
146.5,BRAKING,-6.2441,20.3191,-2.3074,-12.0079,13.6611,0.8573,-1.2521,0.0
146.6,BRAKING,-6.16,20.4118,-2.3074,-11.9259,13.7557,0.857,-1.2521,0.0
146.7,BRAKING,-6.0759,20.5046,-2.3074,-11.844,13.8503,0.8567,-1.2521,0.0
146.8,BRAKING,-5.9918,20.5973,-2.3074,-11.762,13.9449,0.8564,-1.2521,0.0
146.9,BRAKING,-5.9077,20.6901,-2.3074,-11.6799,14.0395,0.856,-1.2521,0.0
147.0,BRAKING,-5.8236,20.7828,-2.3074,-11.5979,14.134,0.8557,-1.2521,0.0
147.1,BRAKING,-5.7395,20.8756,-2.3074,-11.5158,14.2285,0.8554,-1.2521,0.0
147.2,BRAKING,-5.6554,20.9683,-2.3074,-11.4337,14.323,0.8551,-1.2521,0.0
147.3,BRAKING,-5.5712,21.0611,-2.3074,-11.3515,14.4175,0.8548,-1.2521,0.0
147.4,BRAKING,-5.4871,21.1538,-2.3074,-11.2693,14.5119,0.8545,-1.2521,0.0
147.5,BRAKING,-5.403,21.2466,-2.3074,-11.1871,14.6063,0.8543,-1.2521,0.0
147.6,BRAKING,-5.3189,21.3393,-2.3074,-11.1049,14.7007,0.854,-1.2521,0.0
147.7,BRAKING,-5.2348,21.4321,-2.3074,-11.0227,14.7951,0.8537,-1.2521,0.0
147.8,BRAKING,-5.1507,21.5248,-2.3074,-10.9404,14.8894,0.8534,-1.2521,0.0
147.9,BRAKING,-5.0666,21.6176,-2.3074,-10.8581,14.9838,0.8531,-1.2521,0.0
148.0,BRAKING,-4.9824,21.7103,-2.3074,-10.7757,15.0781,0.8529,-1.2521,0.0
148.1,BRAKING,-4.8983,21.8031,-2.3074,-10.6934,15.1723,0.8526,-1.2521,0.0
148.2,BRAKING,-4.8142,21.8958,-2.3074,-10.611,15.2666,0.8523,-1.2521,0.0
148.3,BRAKING,-4.7301,21.9886,-2.3074,-10.5286,15.3608,0.8521,-1.2521,0.0
148.4,BRAKING,-4.646,22.0813,-2.3074,-10.4461,15.455,0.8518,-1.2521,0.0
148.5,BRAKING,-4.5619,22.1741,-2.3074,-10.3637,15.5492,0.8516,-1.2521,0.0
148.6,BRAKING,-4.4778,22.2668,-2.3074,-10.2812,15.6434,0.8513,-1.2521,0.0
148.7,BRAKING,-4.3937,22.3596,-2.3074,-10.1987,15.7376,0.8511,-1.2521,0.0
148.8,BRAKING,-4.3095,22.4523,-2.3074,-10.1161,15.8317,0.8509,-1.2521,0.0
148.9,BRAKING,-4.2254,22.5451,-2.3074,-10.0336,15.9258,0.8506,-1.2521,0.0
149.0,BRAKING,-4.1413,22.6378,-2.3074,-9.951,16.0199,0.8504,-1.2521,0.0
149.1,BRAKING,-4.0572,22.7306,-2.3074,-9.8684,16.114,0.8502,-1.2521,0.0
149.2,BRAKING,-3.9731,22.8233,-2.3074,-9.7858,16.2081,0.8499,-1.2521,0.0
149.3,BRAKING,-3.889,22.9161,-2.3074,-9.7032,16.3021,0.8497,-1.2521,0.0
149.4,BRAKING,-3.8049,23.0088,-2.3074,-9.6205,16.3961,0.8495,-1.2521,0.0
149.5,BRAKING,-3.7207,23.1016,-2.3074,-9.5378,16.4902,0.8493,-1.2521,0.0
149.6,BRAKING,-3.6366,23.1943,-2.3074,-9.4551,16.5841,0.8491,-1.2521,0.0
149.7,BRAKING,-3.5525,23.2871,-2.3074,-9.3724,16.6781,0.8488,-1.2521,0.0
149.8,BRAKING,-3.4684,23.3798,-2.3074,-9.2896,16.7721,0.8486,-1.2521,0.0
149.9,BRAKING,-3.3843,23.4726,-2.3074,-9.2069,16.866,0.8484,-1.2521,0.0
150.0,BRAKING,-3.3002,23.5653,-2.3074,-9.1241,16.9599,0.8482,-1.2521,0.0
150.1,BRAKING,-3.2161,23.6581,-2.3074,-9.0413,17.0538,0.848,-1.2521,0.0
150.2,BRAKING,-3.132,23.7508,-2.3074,-8.9585,17.1477,0.8478,-1.2521,0.0
150.3,BRAKING,-3.0478,23.8436,-2.3074,-8.8756,17.2416,0.8476,-1.2521,0.0
150.4,BRAKING,-2.9637,23.9363,-2.3074,-8.7928,17.3355,0.8475,-1.2521,0.0
150.5,BRAKING,-2.8796,24.0291,-2.3074,-8.7099,17.4293,0.8473,-1.2521,0.0
150.6,BRAKING,-2.7955,24.1218,-2.3074,-8.627,17.5231,0.8471,-1.2521,0.0
150.7,BRAKING,-2.7114,24.2146,-2.3074,-8.5441,17.6169,0.8469,-1.2521,0.0
150.8,BRAKING,-2.6273,24.3073,-2.3074,-8.4612,17.7107,0.8467,-1.2521,0.0
150.9,BRAKING,-2.5432,24.4001,-2.3074,-8.3782,17.8045,0.8465,-1.2521,0.0
151.0,BRAKING,-2.459,24.4928,-2.3074,-8.2952,17.8983,0.8464,-1.2521,0.0
151.1,BRAKING,-2.3749,24.5856,-2.3074,-8.2123,17.992,0.8462,-1.2521,0.0
151.2,BRAKING,-2.2908,24.6783,-2.3074,-8.1293,18.0858,0.846,-1.2521,0.0
151.3,BRAKING,-2.2067,24.7711,-2.3074,-8.0463,18.1795,0.8459,-1.2521,0.0
151.4,BRAKING,-2.1226,24.8638,-2.3074,-7.9632,18.2732,0.8457,-1.2521,0.0
151.5,BRAKING,-2.0385,24.9566,-2.3074,-7.8802,18.3669,0.8455,-1.2521,0.0
151.6,BRAKING,-1.9544,25.0493,-2.3074,-7.7971,18.4606,0.8454,-1.2521,0.0
151.7,BRAKING,-1.8702,25.1421,-2.3074,-7.7141,18.5543,0.8452,-1.2521,0.0
151.8,BRAKING,-1.7861,25.2348,-2.3074,-7.631,18.6479,0.845,-1.2521,0.0
151.9,BRAKING,-1.702,25.3276,-2.3074,-7.5479,18.7416,0.8449,-1.2521,0.0
152.0,BRAKING,-1.6179,25.4203,-2.3074,-7.4648,18.8352,0.8447,-1.2521,0.0
152.1,BRAKING,-1.5338,25.5131,-2.3074,-7.3816,18.9289,0.8446,-1.2521,0.0
152.2,BRAKING,-1.4497,25.6058,-2.3074,-7.2985,19.0225,0.8444,-1.2521,0.0
152.3,BRAKING,-1.3656,25.6986,-2.3074,-7.2153,19.1161,0.8443,-1.2521,0.0
152.4,BRAKING,-1.2815,25.7913,-2.3074,-7.1321,19.2096,0.8442,-1.2521,0.0
152.5,BRAKING,-1.1973,25.8841,-2.3074,-7.049,19.3032,0.844,-1.2521,0.0
152.6,BRAKING,-1.1132,25.9768,-2.3074,-6.9658,19.3968,0.8439,-1.2521,0.0
152.7,BRAKING,-1.0291,26.0696,-2.3074,-6.8825,19.4903,0.8437,-1.2521,0.0
152.8,BRAKING,-0.945,26.1623,-2.3074,-6.7993,19.5839,0.8436,-1.2521,0.0
152.9,BRAKING,-0.8609,26.2551,-2.3074,-6.7161,19.6774,0.8435,-1.2521,0.0
153.0,BRAKING,-0.7768,26.3478,-2.3074,-6.6328,19.7709,0.8433,-1.2521,0.0
153.1,BRAKING,-0.6927,26.4406,-2.3074,-6.5496,19.8644,0.8432,-1.2521,0.0
153.2,BRAKING,-0.6085,26.5333,-2.3074,-6.4663,19.9579,0.8431,-1.2521,0.0
153.3,BRAKING,-0.5244,26.6261,-2.3074,-6.383,20.0514,0.843,-1.2521,0.0
153.4,BRAKING,-0.4403,26.7188,-2.3074,-6.2997,20.1449,0.8428,-1.2521,0.0
153.5,BRAKING,-0.3562,26.8116,-2.3074,-6.2164,20.2384,0.8427,-1.2521,0.0
153.6,BRAKING,-0.2721,26.9043,-2.3074,-6.1331,20.3318,0.8426,-1.2521,0.0
153.7,BRAKING,-0.188,26.9971,-2.3074,-6.0497,20.4253,0.8425,-1.2521,0.0
153.8,BRAKING,-0.1039,27.0898,-2.3074,-5.9664,20.5187,0.8424,-1.2521,0.0
153.9,BRAKING,-0.0198,27.1826,-2.3074,-5.883,20.6121,0.8422,-1.2521,0.0
154.0,BRAKING,0.0644,27.2753,-2.3074,-5.7997,20.7055,0.8421,-1.2521,0.0
154.1,BRAKING,0.1485,27.3681,-2.3074,-5.7163,20.7989,0.842,-1.2521,0.0
154.2,BRAKING,0.2326,27.4608,-2.3074,-5.6329,20.8923,0.8419,-1.2521,0.0
154.3,BRAKING,0.3167,27.5536,-2.3074,-5.5495,20.9857,0.8418,-1.2521,0.0
154.4,BRAKING,0.4008,27.6463,-2.3074,-5.4661,21.0791,0.8417,-1.2521,0.0
154.5,BRAKING,0.4849,27.7391,-2.3074,-5.3827,21.1725,0.8416,-1.2521,0.0
154.6,BRAKING,0.569,27.8318,-2.3074,-5.2993,21.2658,0.8415,-1.2521,0.0
154.7,BRAKING,0.6532,27.9246,-2.3074,-5.2158,21.3592,0.8414,-1.2521,0.0
154.8,BRAKING,0.7373,28.0173,-2.3074,-5.1324,21.4525,0.8413,-1.2521,0.0
154.9,BRAKING,0.8214,28.1101,-2.3074,-5.0489,21.5459,0.8412,-1.2521,0.0
155.0,BRAKING,0.9055,28.2029,-2.3074,-4.9655,21.6392,0.8411,-1.2521,0.0
155.1,BRAKING,0.9896,28.2956,-2.3074,-4.882,21.7325,0.841,-1.2521,0.0
155.2,BRAKING,1.0737,28.3884,-2.3074,-4.7985,21.8258,0.8409,-1.2521,0.0
155.3,BRAKING,1.1578,28.4811,-2.3074,-4.715,21.9192,0.8408,-1.2521,0.0
155.4,BRAKING,1.2419,28.5739,-2.3074,-4.6315,22.0124,0.8407,-1.2521,0.0
155.5,BRAKING,1.3261,28.6666,-2.3074,-4.548,22.1057,0.8406,-1.2521,0.0
155.6,BRAKING,1.4102,28.7594,-2.3074,-4.4645,22.199,0.8405,-1.2521,0.0
155.7,BRAKING,1.4943,28.8521,-2.3074,-4.3809,22.2923,0.8404,-1.2521,0.0
155.8,BRAKING,1.5784,28.9449,-2.3074,-4.2974,22.3856,0.8403,-1.2521,0.0
155.9,BRAKING,1.6625,29.0376,-2.3074,-4.2139,22.4788,0.8402,-1.2521,0.0
156.0,BRAKING,1.7466,29.1304,-2.3074,-4.1303,22.5721,0.8402,-1.2521,0.0
156.1,BRAKING,1.8307,29.2231,-2.3074,-4.0467,22.6653,0.8401,-1.2521,0.0
156.2,BRAKING,1.9149,29.3159,-2.3074,-3.9632,22.7586,0.84,-1.2521,0.0
156.3,BRAKING,1.999,29.4086,-2.3074,-3.8796,22.8518,0.8399,-1.2521,0.0
156.4,BRAKING,2.0831,29.5014,-2.3074,-3.796,22.945,0.8398,-1.2521,0.0
156.5,BRAKING,2.1672,29.5941,-2.3074,-3.7124,23.0382,0.8397,-1.2521,0.0
156.6,BRAKING,2.2513,29.6869,-2.3074,-3.6288,23.1314,0.8397,-1.2521,0.0
156.7,BRAKING,2.3354,29.7796,-2.3074,-3.5452,23.2246,0.8396,-1.2521,0.0
156.8,BRAKING,2.4195,29.8724,-2.3074,-3.4616,23.3178,0.8395,-1.2521,0.0
156.9,BRAKING,2.5036,29.9651,-2.3074,-3.378,23.411,0.8394,-1.2521,0.0
157.0,BRAKING,2.5878,30.0579,-2.3074,-3.2944,23.5042,0.8394,-1.2521,0.0
157.1,BRAKING,2.6719,30.1506,-2.3074,-3.2107,23.5974,0.8393,-1.2521,0.0
157.2,BRAKING,2.756,30.2434,-2.3074,-3.1271,23.6906,0.8392,-1.2521,0.0
157.3,BRAKING,2.8401,30.3361,-2.3074,-3.0434,23.7837,0.8391,-1.2521,0.0
157.4,BRAKING,2.9242,30.4289,-2.3074,-2.9598,23.8769,0.8391,-1.2521,0.0
157.5,BRAKING,3.0083,30.5216,-2.3074,-2.8761,23.9701,0.839,-1.2521,0.0
157.6,BRAKING,3.0924,30.6144,-2.3074,-2.7924,24.0632,0.8389,-1.2521,0.0
157.7,BRAKING,3.1766,30.7071,-2.3074,-2.7088,24.1564,0.8389,-1.2521,0.0
157.8,BRAKING,3.2607,30.7999,-2.3074,-2.6251,24.2495,0.8388,-1.2521,0.0
157.9,BRAKING,3.3448,30.8926,-2.3074,-2.5414,24.3426,0.8387,-1.2521,0.0
158.0,BRAKING,3.4289,30.9854,-2.3074,-2.4577,24.4358,0.8387,-1.2521,0.0
158.1,BRAKING,3.513,31.0781,-2.3074,-2.374,24.5289,0.8386,-1.2521,0.0
158.2,BRAKING,3.5971,31.1709,-2.3074,-2.2903,24.622,0.8385,-1.2521,0.0
158.3,BRAKING,3.6812,31.2636,-2.3074,-2.2066,24.7151,0.8385,-1.2521,0.0
158.4,BRAKING,3.7653,31.3564,-2.3074,-2.1229,24.8082,0.8384,-1.2521,0.0
158.5,BRAKING,3.8495,31.4491,-2.3074,-2.0392,24.9013,0.8384,-1.2521,0.0
158.6,BRAKING,3.9336,31.5419,-2.3074,-1.9554,24.9944,0.8383,-1.2521,0.0
158.7,BRAKING,4.0177,31.6346,-2.3074,-1.8717,25.0875,0.8382,-1.2521,0.0
158.8,BRAKING,4.1018,31.7274,-2.3074,-1.788,25.1806,0.8382,-1.2521,0.0
158.9,BRAKING,4.1859,31.8201,-2.3074,-1.7042,25.2737,0.8381,-1.2521,0.0
159.0,BRAKING,4.27,31.9129,-2.3074,-1.6205,25.3668,0.8381,-1.2521,0.0
159.1,BRAKING,4.3541,32.0056,-2.3074,-1.5367,25.4598,0.838,-1.2521,0.0
159.2,BRAKING,4.4383,32.0984,-2.3074,-1.453,25.5529,0.838,-1.2521,0.0
159.3,BRAKING,4.5224,32.1911,-2.3074,-1.3692,25.646,0.8379,-1.2521,0.0
159.4,BRAKING,4.6065,32.2839,-2.3074,-1.2854,25.739,0.8379,-1.2521,0.0
159.5,BRAKING,4.6906,32.3766,-2.3074,-1.2017,25.8321,0.8378,-1.2521,0.0
159.6,BRAKING,4.7747,32.4694,-2.3074,-1.1179,25.9251,0.8378,-1.2521,0.0
159.7,BRAKING,4.8588,32.5621,-2.3074,-1.0341,26.0182,0.8377,-1.2521,0.0
159.8,BRAKING,4.9429,32.6549,-2.3074,-0.9503,26.1112,0.8377,-1.2521,0.0
159.9,BRAKING,5.027,32.7476,-2.3074,-0.8665,26.2043,0.8376,-1.2521,0.0
160.0,BRAKING,5.1112,32.8404,-2.3074,-0.7827,26.2973,0.8376,-1.2521,0.0
160.1,BRAKING,5.1953,32.9331,-2.3074,-0.6989,26.3903,0.8375,-1.2521,0.0
160.2,BRAKING,5.2794,33.0259,-2.3074,-0.6151,26.4834,0.8375,-1.2521,0.0
160.3,BRAKING,5.3635,33.1186,-2.3074,-0.5313,26.5764,0.8374,-1.2521,0.0
160.4,BRAKING,5.4476,33.2114,-2.3074,-0.4475,26.6694,0.8374,-1.2521,0.0
160.5,BRAKING,5.5317,33.3041,-2.3074,-0.3637,26.7624,0.8373,-1.2521,0.0
160.6,BRAKING,5.6158,33.3969,-2.3074,-0.2798,26.8554,0.8373,-1.2521,0.0
160.7,BRAKING,5.7,33.4896,-2.3074,-0.196,26.9484,0.8372,-1.2521,0.0
160.8,BRAKING,5.7841,33.5824,-2.3074,-0.1122,27.0414,0.8372,-1.2521,0.0
160.9,BRAKING,5.8682,33.6751,-2.3074,-0.0283,27.1344,0.8372,-1.2521,0.0
161.0,BRAKING,5.9523,33.7679,-2.3074,0.0555,27.2274,0.8371,-1.2521,0.0
161.1,BRAKING,6.0364,33.8606,-2.3074,0.1393,27.3204,0.8371,-1.2521,0.0
161.2,BRAKING,6.1205,33.9534,-2.3074,0.2232,27.4134,0.837,-1.2521,0.0
161.3,BRAKING,6.2046,34.0461,-2.3074,0.307,27.5064,0.837,-1.2521,0.0
161.4,BRAKING,6.2887,34.1389,-2.3074,0.3909,27.5994,0.8369,-1.2521,0.0
161.5,BRAKING,6.3729,34.2316,-2.3074,0.4748,27.6924,0.8369,-1.2521,0.0
161.6,BRAKING,6.457,34.3244,-2.3074,0.5586,27.7853,0.8369,-1.2521,0.0
161.7,BRAKING,6.5411,34.4171,-2.3074,0.6425,27.8783,0.8368,-1.2521,0.0
161.8,BRAKING,6.6252,34.5099,-2.3074,0.7264,27.9713,0.8368,-1.2521,0.0
161.9,BRAKING,6.7093,34.6026,-2.3074,0.8102,28.0643,0.8368,-1.2521,0.0
162.0,BRAKING,6.7934,34.6954,-2.3074,0.8941,28.1572,0.8367,-1.2521,0.0
162.1,BRAKING,6.8775,34.7881,-2.3074,0.978,28.2502,0.8367,-1.2521,0.0
162.2,BRAKING,6.9617,34.8809,-2.3074,1.0619,28.3431,0.8367,-1.2521,0.0
162.3,BRAKING,7.0458,34.9736,-2.3074,1.1458,28.4361,0.8366,-1.2521,0.0
162.4,BRAKING,7.1299,35.0664,-2.3074,1.2296,28.529,0.8366,-1.2521,0.0
162.5,BRAKING,7.214,35.1591,-2.3074,1.3135,28.622,0.8365,-1.2521,0.0
162.6,BRAKING,7.2981,35.2519,-2.3074,1.3974,28.7149,0.8365,-1.2521,0.0
162.7,BRAKING,7.3822,35.3446,-2.3074,1.4813,28.8079,0.8365,-1.2521,0.0
162.8,BRAKING,7.4663,35.4374,-2.3074,1.5652,28.9008,0.8364,-1.2521,0.0
162.9,BRAKING,7.5504,35.5301,-2.3074,1.6491,28.9938,0.8364,-1.2521,0.0
163.0,BRAKING,7.6346,35.6229,-2.3074,1.733,29.0867,0.8364,-1.2521,0.0
163.1,BRAKING,7.7187,35.7156,-2.3074,1.817,29.1796,0.8364,-1.2521,0.0
163.2,BRAKING,7.8028,35.8084,-2.3074,1.9009,29.2726,0.8363,-1.2521,0.0
163.3,BRAKING,7.8869,35.9011,-2.3074,1.9848,29.3655,0.8363,-1.2521,0.0
163.4,BRAKING,7.971,35.9939,-2.3074,2.0687,29.4584,0.8363,-1.2521,0.0
163.5,BRAKING,8.0551,36.0866,-2.3074,2.1526,29.5513,0.8362,-1.2521,0.0
163.6,BRAKING,8.1392,36.1794,-2.3074,2.2365,29.6443,0.8362,-1.2521,0.0
163.7,BRAKING,8.2234,36.2721,-2.3074,2.3205,29.7372,0.8362,-1.2521,0.0
163.8,BRAKING,8.3075,36.3649,-2.3074,2.4044,29.8301,0.8361,-1.2521,0.0
163.9,BRAKING,8.3916,36.4576,-2.3074,2.4883,29.923,0.8361,-1.2521,0.0
164.0,BRAKING,8.4757,36.5504,-2.3074,2.5723,30.0159,0.8361,-1.2521,0.0
164.1,BRAKING,8.5598,36.6431,-2.3074,2.6562,30.1088,0.8361,-1.2521,0.0
164.2,BRAKING,8.6439,36.7359,-2.3074,2.7402,30.2017,0.836,-1.2521,0.0
164.3,BRAKING,8.728,36.8286,-2.3074,2.8241,30.2946,0.836,-1.2521,0.0
164.4,BRAKING,8.8121,36.9214,-2.3074,2.908,30.3875,0.836,-1.2521,0.0
164.5,BRAKING,8.8963,37.0141,-2.3074,2.992,30.4804,0.836,-1.2521,0.0
164.6,BRAKING,8.9804,37.1069,-2.3074,3.0759,30.5733,0.8359,-1.2521,0.0
164.7,BRAKING,9.0645,37.1996,-2.3074,3.1599,30.6662,0.8359,-1.2521,0.0
164.8,BRAKING,9.1486,37.2924,-2.3074,3.2438,30.7591,0.8359,-1.2521,0.0
164.9,BRAKING,9.2327,37.3851,-2.3074,3.3278,30.852,0.8359,-1.2521,0.0
165.0,BRAKING,9.3168,37.4779,-2.3074,3.4118,30.9449,0.8358,-1.2521,0.0
165.1,BRAKING,9.4009,37.5706,-2.3074,3.4957,31.0378,0.8358,-1.2521,0.0
165.2,BRAKING,9.4851,37.6634,-2.3074,3.5797,31.1307,0.8358,-1.2521,0.0
165.3,BRAKING,9.5692,37.7561,-2.3074,3.6636,31.2236,0.8358,-1.2521,0.0
165.4,BRAKING,9.6533,37.8489,-2.3074,3.7476,31.3165,0.8357,-1.2521,0.0
165.5,BRAKING,9.7374,37.9416,-2.3074,3.8316,31.4093,0.8357,-1.2521,0.0
165.6,BRAKING,9.8215,38.0344,-2.3074,3.9156,31.5022,0.8357,-1.2521,0.0
165.7,BRAKING,9.9056,38.1271,-2.3074,3.9995,31.5951,0.8357,-1.2521,0.0
165.8,BRAKING,9.9897,38.2199,-2.3074,4.0835,31.688,0.8357,-1.2521,0.0
165.9,BRAKING,10.0738,38.3126,-2.3074,4.1675,31.7808,0.8356,-1.2521,0.0
166.0,BRAKING,10.158,38.4054,-2.3074,4.2515,31.8737,0.8356,-1.2521,0.0
