time,tug_x,tug_y,tug_yaw,ac_x,ac_y,ac_yaw
0.0,-0.0022,0.0,0.0,-0.6022,-2.5,0.0
0.04,-0.0067,0.0,0.0,-0.6067,-2.5,0.0
0.08,-0.0134,0.0,0.0,-0.6134,-2.5,0.0
0.12,-0.0224,0.0,0.0,-0.6224,-2.5,0.0
0.16,-0.0336,0.0,0.0,-0.6336,-2.5,0.0
0.2,-0.047,0.0,0.0,-0.647,-2.5,0.0
0.24,-0.0627,0.0,0.0,-0.6627,-2.5,0.0
0.28,-0.0806,0.0,0.0,-0.6806,-2.5,0.0
0.32,-0.1008,0.0,0.0,-0.7008,-2.5,0.0
0.36,-0.1232,0.0,0.0,-0.7232,-2.5,0.0
0.4,-0.1478,0.0,0.0,-0.7478,-2.5,0.0
0.44,-0.1747,0.0,0.0,-0.7747,-2.5,0.0
0.48,-0.2038,0.0,0.0,-0.8038,-2.5,0.0
0.52,-0.2352,0.0,0.0,-0.8352,-2.5,0.0
0.56,-0.2688,0.0,0.0,-0.8688,-2.5,0.0
0.6,-0.3046,0.0,0.0,-0.9046,-2.5,0.0
0.64,-0.3427,0.0,0.0,-0.9427,-2.5,0.0
0.68,-0.383,0.0,0.0,-0.983,-2.5,0.0
0.72,-0.4256,0.0,0.0,-1.0256,-2.5,0.0
0.76,-0.4704,0.0,0.0,-1.0704,-2.5,0.0
0.8,-0.5174,0.0,0.0,-1.1174,-2.5,0.0
0.84,-0.5667,0.0,0.0,-1.1667,-2.5,0.0
0.88,-0.6182,0.0,0.0,-1.2182,-2.5,0.0
0.92,-0.672,0.0,0.0,-1.272,-2.5,0.0
0.96,-0.728,0.0,0.0,-1.328,-2.5,0.0
1.0,-0.7862,0.0,0.0,-1.3862,-2.5,0.0
1.04,-0.8467,0.0,0.0,-1.4467,-2.5,0.0
1.08,-0.9067,0.0,0.0,-1.5067,-2.5,0.0
1.12,-0.9667,0.0,0.0,-1.5667,-2.5,0.0
1.16,-1.0267,0.0,0.0,-1.6267,-2.5,0.0
1.2,-1.0867,0.0,0.0,-1.6867,-2.5,0.0
1.24,-1.1467,0.0,0.0,-1.7467,-2.5,0.0
1.28,-1.2067,0.0,0.0,-1.8067,-2.5,0.0
1.32,-1.2667,0.0,0.0,-1.8667,-2.5,0.0
1.36,-1.3267,0.0,0.0,-1.9267,-2.5,0.0
1.4,-1.3867,0.0,0.0,-1.9867,-2.5,0.0
1.44,-1.4467,0.0,0.0,-2.0467,-2.5,0.0
1.48,-1.5067,0.0,0.0,-2.1067,-2.5,0.0
1.52,-1.5667,0.0,0.0,-2.1667,-2.5,0.0
1.56,-1.6267,0.0,0.0,-2.2267,-2.5,0.0
1.6,-1.6867,0.0,0.0,-2.2867,-2.5,0.0
1.64,-1.7467,0.0,0.0,-2.3467,-2.5,0.0
1.68,-1.8067,0.0,0.0,-2.4067,-2.5,0.0
1.72,-1.8667,0.0,0.0,-2.4667,-2.5,0.0
1.76,-1.9267,0.0,0.0,-2.5267,-2.5,0.0
1.8,-1.9867,0.0,0.0,-2.5867,-2.5,0.0
1.84,-2.0467,0.0,0.0,-2.6467,-2.5,0.0
1.88,-2.1067,0.0,0.0,-2.7067,-2.5,0.0
1.92,-2.1667,0.0,0.0,-2.7667,-2.5,0.0
1.96,-2.2267,0.0,0.0,-2.8267,-2.5,0.0
2.0,-2.2867,0.0,0.0,-2.8867,-2.5,0.0
2.04,-2.3467,0.0,0.0,-2.9467,-2.5,0.0
2.08,-2.4067,0.0,0.0,-3.0067,-2.5,0.0
2.12,-2.4667,0.0,0.0,-3.0667,-2.5,0.0
2.16,-2.5267,0.0,0.0,-3.1267,-2.5,0.0
2.2,-2.5867,0.0,0.0,-3.1867,-2.5,0.0
2.24,-2.6467,0.0,0.0,-3.2467,-2.5,0.0
2.28,-2.7067,0.0,0.0,-3.3067,-2.5,0.0
2.32,-2.7667,0.0,0.0,-3.3667,-2.5,0.0
2.36,-2.8267,0.0,0.0,-3.4267,-2.5,0.0
2.4,-2.8867,0.0,0.0,-3.4867,-2.5,0.0
2.44,-2.9467,0.0,0.0,-3.5467,-2.5,0.0
2.48,-3.0067,0.0,0.0,-3.6067,-2.5,0.0
2.52,-3.0667,0.0,0.0,-3.6667,-2.5,0.0
2.56,-3.1267,0.0,0.0,-3.7267,-2.5,0.0
2.6,-3.1867,0.0,0.0,-3.7867,-2.5,0.0
2.64,-3.2467,0.0,0.0,-3.8467,-2.5,0.0
2.68,-3.3067,0.0,0.0,-3.9067,-2.5,0.0
2.72,-3.3667,0.0,0.0,-3.9667,-2.5,0.0
2.76,-3.4267,0.0,0.0,-4.0267,-2.5,0.0
2.8,-3.4867,0.0,0.0,-4.0867,-2.5,0.0
2.84,-3.5467,0.0,0.0,-4.1467,-2.5,0.0
2.88,-3.6067,0.0,0.0,-4.2067,-2.5,0.0
2.92,-3.6667,0.0,0.0,-4.2667,-2.5,0.0
2.96,-3.7267,0.0,0.0,-4.3267,-2.5,0.0
3.0,-3.7867,0.0,0.0,-4.3867,-2.5,0.0
3.04,-3.8467,0.0,0.0,-4.4467,-2.5,0.0
3.08,-3.9067,0.0,0.0,-4.5067,-2.5,0.0
3.12,-3.9667,0.0,0.0,-4.5667,-2.5,0.0
3.16,-4.0267,0.0,0.0,-4.6267,-2.5,0.0
3.2,-4.0867,0.0,0.0,-4.6867,-2.5,0.0
3.24,-4.1467,0.0,0.0,-4.7467,-2.5,0.0
3.28,-4.2067,0.0,0.0,-4.8067,-2.5,0.0
3.32,-4.2667,0.0,0.0,-4.8667,-2.5,0.0
3.36,-4.3267,0.0,0.0,-4.9267,-2.5,0.0
3.4,-4.3867,0.0,0.0,-4.9867,-2.5,0.0
3.44,-4.4467,0.0,0.0,-5.0467,-2.5,0.0
3.48,-4.5067,0.0,0.0,-5.1067,-2.5,0.0
3.52,-4.5667,0.0,0.0,-5.1667,-2.5,0.0
3.56,-4.6267,0.0,0.0,-5.2267,-2.5,0.0
3.6,-4.6867,0.0,0.0,-5.2867,-2.5,0.0
3.64,-4.7467,0.0,0.0,-5.3467,-2.5,0.0
3.68,-4.8067,0.0,0.0,-5.4067,-2.5,0.0
3.72,-4.8667,0.0,0.0,-5.4667,-2.5,0.0
3.76,-4.9267,0.0,0.0,-5.5267,-2.5,0.0
3.8,-4.9867,0.0,0.0,-5.5867,-2.5,0.0
3.84,-5.0467,0.0,0.0,-5.6467,-2.5,0.0
3.88,-5.1067,0.0,0.0,-5.7067,-2.5,0.0
3.92,-5.1667,0.0,0.0,-5.7667,-2.5,0.0
3.96,-5.2267,0.0,0.0,-5.8267,-2.5,0.0
4.0,-5.2867,0.0,0.0,-5.8867,-2.5,0.0
4.04,-5.3467,0.0,0.0,-5.9467,-2.5,0.0
4.08,-5.4067,0.0,0.0,-6.0067,-2.5,0.0
4.12,-5.4667,0.0,0.0,-6.0667,-2.5,0.0
4.16,-5.5267,0.0,0.0,-6.1267,-2.5,0.0
4.2,-5.5867,0.0,0.0,-6.1867,-2.5,0.0
4.24,-5.6467,0.0,0.0,-6.2467,-2.5,0.0
4.28,-5.7067,0.0,0.0,-6.3067,-2.5,0.0
4.32,-5.7667,0.0,0.0,-6.3667,-2.5,0.0
4.36,-5.8267,0.0,0.0,-6.4267,-2.5,0.0
4.4,-5.8867,0.0,0.0,-6.4867,-2.5,0.0
4.44,-5.9467,0.0,0.0,-6.5467,-2.5,0.0
4.48,-6.0067,0.0,0.0,-6.6067,-2.5,0.0
4.52,-6.0667,0.0,0.0,-6.6667,-2.5,0.0
4.56,-6.1267,0.0,0.0,-6.7267,-2.5,0.0
4.6,-6.1867,0.0,0.0,-6.7867,-2.5,0.0
4.64,-6.2467,0.0,0.0,-6.8467,-2.5,0.0
4.68,-6.3067,0.0,0.0,-6.9067,-2.5,0.0
4.72,-6.3667,0.0,0.0,-6.9667,-2.5,0.0
4.76,-6.4267,0.0,0.0,-7.0267,-2.5,0.0
4.8,-6.4867,0.0,0.0,-7.0867,-2.5,0.0
4.84,-6.5467,0.0,0.0,-7.1467,-2.5,0.0
4.88,-6.6067,0.0,0.0,-7.2067,-2.5,0.0
4.92,-6.6667,0.0,0.0,-7.2667,-2.5,0.0
4.96,-6.7267,0.0,0.0,-7.3267,-2.5,0.0
5.0,-6.7867,0.0,0.0,-7.3867,-2.5,0.0
5.04,-6.8467,0.0,0.0,-7.4467,-2.5,0.0
5.08,-6.9067,0.0,0.0,-7.5067,-2.5,0.0
5.12,-6.9667,0.0,0.0,-7.5667,-2.5,0.0
5.16,-7.0267,0.0,0.0,-7.6267,-2.5,0.0
5.2,-7.0867,0.0,0.0,-7.6867,-2.5,0.0
5.24,-7.1467,0.0,0.0,-7.7467,-2.5,0.0
5.28,-7.2067,0.0,0.0,-7.8067,-2.5,0.0
5.32,-7.2667,0.0,0.0,-7.8667,-2.5,0.0
5.36,-7.3267,0.0,0.0,-7.9267,-2.5,0.0
5.4,-7.3867,0.0,0.0,-7.9867,-2.5,0.0
5.44,-7.4467,0.0,0.0,-8.0467,-2.5,0.0
5.48,-7.5067,0.0,0.0,-8.1067,-2.5,0.0
5.52,-7.5667,0.0,0.0,-8.1667,-2.5,0.0
5.56,-7.6267,0.0,0.0,-8.2267,-2.5,0.0
5.6,-7.6867,0.0,0.0,-8.2867,-2.5,0.0
5.64,-7.7467,0.0,0.0,-8.3467,-2.5,0.0
5.68,-7.8067,0.0,0.0,-8.4067,-2.5,0.0
5.72,-7.8667,0.0,0.0,-8.4667,-2.5,0.0
5.76,-7.9267,0.0,0.0,-8.5267,-2.5,0.0
5.8,-7.9867,0.0,0.0,-8.5867,-2.5,0.0
5.84,-8.0467,0.0,0.0,-8.6467,-2.5,0.0
5.88,-8.1067,0.0,0.0,-8.7067,-2.5,0.0
5.92,-8.1667,0.0,0.0,-8.7667,-2.5,0.0
5.96,-8.2267,0.0,0.0,-8.8267,-2.5,0.0
6.0,-8.2867,0.0,0.0,-8.8867,-2.5,0.0
6.04,-8.3467,0.0,0.0,-8.9467,-2.5,0.0
6.08,-8.4067,0.0,0.0,-9.0067,-2.5,0.0
6.12,-8.4667,0.0,0.0,-9.0667,-2.5,0.0
6.16,-8.5267,0.0,0.0,-9.1267,-2.5,0.0
6.2,-8.5867,0.0,0.0,-9.1867,-2.5,0.0
6.24,-8.6467,0.0,0.0,-9.2467,-2.5,0.0
6.28,-8.7067,0.0,0.0,-9.3067,-2.5,0.0
6.32,-8.7667,0.0,0.0,-9.3667,-2.5,0.0
6.36,-8.8267,0.0,0.0,-9.4267,-2.5,0.0
6.4,-8.8867,0.0,0.0,-9.4867,-2.5,0.0
6.44,-8.9467,0.0,0.0,-9.5467,-2.5,0.0
6.48,-9.0067,0.0,0.0,-9.6067,-2.5,0.0
6.52,-9.0667,0.0,0.0,-9.6667,-2.5,0.0
6.56,-9.1267,0.0,0.0,-9.7267,-2.5,0.0
6.6,-9.1867,0.0,0.0,-9.7867,-2.5,0.0
6.64,-9.2467,0.0,0.0,-9.8467,-2.5,0.0
6.68,-9.3067,0.0,0.0,-9.9067,-2.5,0.0
6.72,-9.3667,0.0,0.0,-9.9667,-2.5,0.0
6.76,-9.4267,0.0,0.0,-10.0267,-2.5,0.0
6.8,-9.4867,0.0,0.0,-10.0867,-2.5,0.0
6.84,-9.5467,0.0,0.0,-10.1467,-2.5,0.0
6.88,-9.6067,0.0,0.0,-10.2067,-2.5,0.0
6.92,-9.6667,0.0,0.0,-10.2667,-2.5,0.0
6.96,-9.7267,0.0,0.0,-10.3267,-2.5,0.0
7.0,-9.7867,0.0,0.0,-10.3867,-2.5,0.0
7.04,-9.8467,0.0,0.0,-10.4467,-2.5,0.0
7.08,-9.9067,0.0,0.0,-10.5067,-2.5,0.0
7.12,-9.9667,0.0,0.0,-10.5667,-2.5,0.0
7.16,-10.0267,0.0,0.0,-10.6267,-2.5,0.0
7.2,-10.0867,0.0,0.0,-10.6867,-2.5,0.0
7.24,-10.1467,0.0,0.0,-10.7467,-2.5,0.0
7.28,-10.2067,0.0,0.0,-10.8067,-2.5,0.0
7.32,-10.2667,0.0,0.0,-10.8667,-2.5,0.0
7.36,-10.3267,0.0,0.0,-10.9267,-2.5,0.0
7.4,-10.3867,0.0,0.0,-10.9867,-2.5,0.0
7.44,-10.4467,0.0,0.0,-11.0467,-2.5,0.0
7.48,-10.5067,0.0,0.0,-11.1067,-2.5,0.0
7.52,-10.5667,0.0,0.0,-11.1667,-2.5,0.0
7.56,-10.6267,0.0,0.0,-11.2267,-2.5,0.0
7.6,-10.6867,0.0,0.0,-11.2867,-2.5,0.0
7.64,-10.7467,0.0,0.0,-11.3467,-2.5,0.0
7.68,-10.8067,0.0,0.0,-11.4067,-2.5,0.0
7.72,-10.8667,0.0,0.0,-11.4667,-2.5,0.0
7.76,-10.9267,0.0,0.0,-11.5267,-2.5,0.0
7.8,-10.9867,0.0,0.0,-11.5867,-2.5,0.0
7.84,-11.0467,0.0,0.0,-11.6467,-2.5,0.0
7.88,-11.1067,0.0,0.0,-11.7067,-2.5,0.0
7.92,-11.1667,0.0,0.0,-11.7667,-2.5,0.0
7.96,-11.2267,0.0,0.0,-11.8267,-2.5,0.0
8.0,-11.2867,0.0,0.0,-11.8867,-2.5,0.0
8.04,-11.3467,0.0,0.0,-11.9467,-2.5,0.0
8.08,-11.4067,0.0,0.0,-12.0067,-2.5,0.0
8.12,-11.4667,0.0,0.0,-12.0667,-2.5,0.0
8.16,-11.5267,0.0,0.0,-12.1267,-2.5,0.0
8.2,-11.5867,0.0,0.0,-12.1867,-2.5,0.0
8.24,-11.6467,0.0,0.0,-12.2467,-2.5,0.0
8.28,-11.7067,0.0,0.0,-12.3067,-2.5,0.0
8.32,-11.7667,0.0,0.0,-12.3667,-2.5,0.0
8.36,-11.8267,0.0,0.0,-12.4267,-2.5,0.0
8.4,-11.8867,0.0,0.0,-12.4867,-2.5,0.0
8.44,-11.9467,0.0,0.0,-12.5467,-2.5,0.0
8.48,-12.0067,0.0,0.0,-12.6067,-2.5,0.0
8.52,-12.0667,0.0,0.0,-12.6667,-2.5,0.0
8.56,-12.1267,0.0,0.0,-12.7267,-2.5,0.0
8.6,-12.1867,0.0,0.0,-12.7867,-2.5,0.0
8.64,-12.2467,0.0,0.0,-12.8467,-2.5,0.0
8.68,-12.3067,0.0,0.0,-12.9067,-2.5,0.0
8.72,-12.3667,0.0,0.0,-12.9667,-2.5,0.0
8.76,-12.4267,0.0,0.0,-13.0267,-2.5,0.0
8.8,-12.4867,0.0,0.0,-13.0867,-2.5,0.0
8.84,-12.5467,0.0,0.0,-13.1467,-2.5,0.0
8.88,-12.6067,0.0,0.0,-13.2067,-2.5,0.0
8.92,-12.6667,0.0,0.0,-13.2667,-2.5,0.0
8.96,-12.7267,0.0,0.0,-13.3267,-2.5,0.0
9.0,-12.7867,0.0,0.0,-13.3867,-2.5,0.0
9.04,-12.8467,0.0,0.0,-13.4467,-2.5,0.0
9.08,-12.9067,0.0,0.0,-13.5067,-2.5,0.0
9.12,-12.9667,0.0,0.0,-13.5667,-2.5,0.0
9.16,-13.0267,0.0,0.0,-13.6267,-2.5,0.0
9.2,-13.0867,0.0,0.0,-13.6867,-2.5,0.0
9.24,-13.1467,0.0,0.0,-13.7467,-2.5,0.0
9.28,-13.2067,0.0,0.0,-13.8067,-2.5,0.0
9.32,-13.2667,0.0,0.0,-13.8667,-2.5,0.0
9.36,-13.3267,0.0,0.0,-13.9267,-2.5,0.0
9.4,-13.3867,0.0,0.0,-13.9867,-2.5,0.0
9.44,-13.4467,0.0,0.0,-14.0467,-2.5,0.0
9.48,-13.5067,0.0,0.0,-14.1067,-2.5,0.0
9.52,-13.5667,0.0,0.0,-14.1667,-2.5,0.0
9.56,-13.6267,0.0,0.0,-14.2267,-2.5,0.0
9.6,-13.6867,0.0,0.0,-14.2867,-2.5,0.0
9.64,-13.7467,0.0,0.0,-14.3467,-2.5,0.0
9.68,-13.8067,0.0,0.0,-14.4067,-2.5,0.0
9.72,-13.8667,0.0,0.0,-14.4667,-2.5,0.0
9.76,-13.9267,0.0,0.0,-14.5267,-2.5,0.0
9.8,-13.9867,0.0,0.0,-14.5867,-2.5,0.0
9.84,-14.0467,0.0,0.0,-14.6467,-2.5,0.0
9.88,-14.1067,0.0,0.0,-14.7067,-2.5,0.0
9.92,-14.1667,0.0,0.0,-14.7667,-2.5,0.0
9.96,-14.2267,0.0,0.0,-14.8267,-2.5,0.0
10.0,-14.2867,0.0,0.0,-14.8867,-2.5,0.0
10.04,-14.3467,0.0,0.0,-14.9467,-2.5,0.0
10.08,-14.4067,0.0,0.0,-15.0067,-2.5,0.0
10.12,-14.4667,0.0,0.0,-15.0667,-2.5,0.0
10.16,-14.5267,0.0,0.0,-15.1267,-2.5,0.0
10.2,-14.5867,0.0,0.0,-15.1867,-2.5,0.0
10.24,-14.6467,0.0,0.0,-15.2467,-2.5,0.0
10.28,-14.7067,0.0,0.0,-15.3067,-2.5,0.0
10.32,-14.7667,0.0,0.0,-15.3667,-2.5,0.0
10.36,-14.8267,0.0,0.0,-15.4267,-2.5,0.0
10.4,-14.8867,0.0,0.0,-15.4867,-2.5,0.0
10.44,-14.9467,0.0,0.0,-15.5467,-2.5,0.0
10.48,-15.0067,0.0,0.0,-15.6067,-2.5,0.0
10.52,-15.0667,0.0,0.0,-15.6667,-2.5,0.0
10.56,-15.1267,0.0,0.0,-15.7267,-2.5,0.0
10.6,-15.1867,0.0,0.0,-15.7867,-2.5,0.0
10.64,-15.2467,0.0,0.0,-15.8467,-2.5,0.0
10.68,-15.3067,0.0,0.0,-15.9067,-2.5,0.0
10.72,-15.3667,0.0,0.0,-15.9667,-2.5,0.0
10.76,-15.4267,0.0,0.0,-16.0267,-2.5,0.0
10.8,-15.4867,0.0,0.0,-16.0867,-2.5,0.0
10.84,-15.5467,0.0,0.0,-16.1467,-2.5,0.0
10.88,-15.6067,0.0,0.0,-16.2067,-2.5,0.0
10.92,-15.6667,0.0,0.0,-16.2667,-2.5,0.0
10.96,-15.7267,0.0,0.0,-16.3267,-2.5,0.0
11.0,-15.7867,0.0,0.0,-16.3867,-2.5,0.0
11.04,-15.8467,0.0,0.0,-16.4467,-2.5,0.0
11.08,-15.9067,0.0,0.0,-16.5067,-2.5,0.0
11.12,-15.9667,0.0,0.0,-16.5667,-2.5,0.0
11.16,-16.0267,0.0,0.0,-16.6267,-2.5,0.0
11.2,-16.0867,0.0,0.0,-16.6867,-2.5,0.0
11.24,-16.1467,0.0,0.0,-16.7467,-2.5,0.0
11.28,-16.2067,0.0,0.0,-16.8067,-2.5,0.0
11.32,-16.2667,0.0,0.0,-16.8667,-2.5,0.0
11.36,-16.3267,0.0,0.0,-16.9267,-2.5,0.0
11.4,-16.3867,0.0,0.0,-16.9867,-2.5,0.0
11.44,-16.4467,0.0,0.0,-17.0467,-2.5,0.0
11.48,-16.5067,0.0,0.0,-17.1067,-2.5,0.0
11.52,-16.5667,0.0,0.0,-17.1667,-2.5,0.0
11.56,-16.6267,0.0,0.0,-17.2267,-2.5,0.0
11.6,-16.6867,0.0,0.0,-17.2867,-2.5,0.0
11.64,-16.7467,0.0,0.0,-17.3467,-2.5,0.0
11.68,-16.8067,0.0,0.0,-17.4067,-2.5,0.0
11.72,-16.8667,0.0,0.0,-17.4667,-2.5,0.0
11.76,-16.9267,0.0,0.0,-17.5267,-2.5,0.0
11.8,-16.9867,0.0,0.0,-17.5867,-2.5,0.0
11.84,-17.0467,0.0,0.0,-17.6467,-2.5,0.0
11.88,-17.1067,0.0,0.0,-17.7067,-2.5,0.0
11.92,-17.1667,0.0,0.0,-17.7667,-2.5,0.0
11.96,-17.2267,0.0,0.0,-17.8267,-2.5,0.0
12.0,-17.2867,0.0,0.0,-17.8867,-2.5,0.0
12.04,-17.3467,0.0,0.0,-17.9467,-2.5,0.0
12.08,-17.4067,0.0,0.0,-18.0067,-2.5,0.0
12.12,-17.4667,0.0,0.0,-18.0667,-2.5,0.0
12.16,-17.5267,0.0,0.0,-18.1267,-2.5,0.0
12.2,-17.5867,0.0,0.0,-18.1867,-2.5,0.0
12.24,-17.6467,0.0,0.0,-18.2467,-2.5,0.0
12.28,-17.7067,0.0,0.0,-18.3067,-2.5,0.0
12.32,-17.7667,0.0,0.0,-18.3667,-2.5,0.0
12.36,-17.8267,0.0,0.0,-18.4267,-2.5,0.0
12.4,-17.8867,0.0,0.0,-18.4867,-2.5,0.0
12.44,-17.9467,0.0,0.0,-18.5467,-2.5,0.0
12.48,-18.0067,0.0,0.0,-18.6067,-2.5,0.0
12.52,-18.0667,0.0,0.0,-18.6667,-2.5,0.0
12.56,-18.1267,0.0,0.0,-18.7267,-2.5,0.0
12.6,-18.1867,0.0,0.0,-18.7867,-2.5,0.0
12.64,-18.2467,0.0,0.0,-18.8467,-2.5,0.0
12.68,-18.3067,0.0,0.0,-18.9067,-2.5,0.0
12.72,-18.3667,0.0,0.0,-18.9667,-2.5,0.0
12.76,-18.4267,0.0,0.0,-19.0267,-2.5,0.0
12.8,-18.4867,0.0,0.0,-19.0867,-2.5,0.0
12.84,-18.5467,0.0,0.0,-19.1467,-2.5,0.0
12.88,-18.6067,0.0,0.0,-19.2067,-2.5,0.0
12.92,-18.6667,0.0,0.0,-19.2667,-2.5,0.0
12.96,-18.7267,0.0,0.0,-19.3267,-2.5,0.0
13.0,-18.7867,0.0,0.0,-19.3867,-2.5,0.0
13.04,-18.8467,0.0,0.0,-19.4467,-2.5,0.0
13.08,-18.9067,0.0,0.0,-19.5067,-2.5,0.0
13.12,-18.9667,0.0,0.0,-19.5667,-2.5,0.0
13.16,-19.0267,0.0,0.0,-19.6267,-2.5,0.0
13.2,-19.0867,0.0,0.0,-19.6867,-2.5,0.0
13.24,-19.1467,0.0,0.0,-19.7467,-2.5,0.0
13.28,-19.2067,0.0,0.0,-19.8067,-2.5,0.0
13.32,-19.2667,0.0,0.0,-19.8667,-2.5,0.0
13.36,-19.3267,0.0,0.0,-19.9267,-2.5,0.0
13.4,-19.3867,0.0,0.0,-19.9867,-2.5,0.0
13.44,-19.4467,0.0,0.0,-20.0467,-2.5,0.0
13.48,-19.5067,0.0,0.0,-20.1067,-2.5,0.0
13.52,-19.5667,0.0,0.0,-20.1667,-2.5,0.0
13.56,-19.6267,0.0,0.0,-20.2267,-2.5,0.0
13.6,-19.6867,0.0,0.0,-20.2867,-2.5,0.0
13.64,-19.7467,0.0,0.0,-20.3467,-2.5,0.0
13.68,-19.8067,0.0,0.0,-20.4067,-2.5,0.0
13.72,-19.8667,0.0,0.0,-20.4667,-2.5,0.0
13.76,-19.9267,0.0,0.0,-20.5267,-2.5,0.0
13.8,-19.9867,0.0,0.0,-20.5867,-2.5,0.0
13.84,-20.0467,0.0,0.0,-20.6467,-2.5,0.0
13.88,-20.1067,0.0,0.0,-20.7067,-2.5,0.0
13.92,-20.1667,0.0,0.0,-20.7667,-2.5,0.0
13.96,-20.2267,0.0,0.0,-20.8267,-2.5,0.0
14.0,-20.2867,0.0,0.0,-20.8867,-2.5,0.0
14.04,-20.3467,0.0,0.0,-20.9467,-2.5,0.0
14.08,-20.4067,0.0,0.0,-21.0067,-2.5,0.0
14.12,-20.4667,0.0,0.0,-21.0667,-2.5,0.0
14.16,-20.5267,0.0,0.0,-21.1267,-2.5,0.0
14.2,-20.5867,0.0,0.0,-21.1867,-2.5,0.0
14.24,-20.6467,0.0,0.0,-21.2467,-2.5,0.0
14.28,-20.7067,0.0,0.0,-21.3067,-2.5,0.0
14.32,-20.7667,0.0,0.0,-21.3667,-2.5,0.0
14.36,-20.8267,0.0,0.0,-21.4267,-2.5,0.0
14.4,-20.8867,0.0,0.0,-21.4867,-2.5,0.0
14.44,-20.9467,0.0,0.0,-21.5467,-2.5,0.0
14.48,-21.0067,0.0,0.0,-21.6067,-2.5,0.0
14.52,-21.0667,0.0,0.0,-21.6667,-2.5,0.0
14.56,-21.1267,0.0,0.0,-21.7267,-2.5,0.0
14.6,-21.1867,0.0,0.0,-21.7867,-2.5,0.0
14.64,-21.2467,0.0,0.0,-21.8467,-2.5,0.0
14.68,-21.3067,0.0,0.0,-21.9067,-2.5,0.0
14.72,-21.3667,0.0,0.0,-21.9667,-2.5,0.0
14.76,-21.4267,0.0,0.0,-22.0267,-2.5,0.0
14.8,-21.4867,0.0,0.0,-22.0867,-2.5,0.0
14.84,-21.5467,0.0,0.0,-22.1467,-2.5,0.0
14.88,-21.6067,0.0,0.0,-22.2067,-2.5,0.0
14.92,-21.6667,0.0,0.0,-22.2667,-2.5,0.0
14.96,-21.7267,0.0,0.0,-22.3267,-2.5,0.0
15.0,-21.7867,0.0,0.0,-22.3867,-2.5,0.0
15.04,-21.8467,0.0,0.0,-22.4467,-2.5,0.0
15.08,-21.9067,0.0,0.0,-22.5067,-2.5,0.0
15.12,-21.9667,0.0,0.0,-22.5667,-2.5,0.0
15.16,-22.0267,0.0,0.0,-22.6267,-2.5,0.0
15.2,-22.0867,0.0,0.0,-22.6867,-2.5,0.0
15.24,-22.1467,0.0,0.0,-22.7467,-2.5,0.0
15.28,-22.2067,0.0,0.0,-22.8067,-2.5,0.0
15.32,-22.2667,0.0,0.0,-22.8667,-2.5,0.0
15.36,-22.3267,0.0,0.0,-22.9267,-2.5,0.0
15.4,-22.3867,0.0,0.0,-22.9867,-2.5,0.0
15.44,-22.4467,0.0,0.0,-23.0467,-2.5,0.0
15.48,-22.5067,0.0,0.0,-23.1067,-2.5,0.0
15.52,-22.5667,0.0,0.0,-23.1667,-2.5,0.0
15.56,-22.6267,0.0,0.0,-23.2267,-2.5,0.0
15.6,-22.6867,0.0,0.0,-23.2867,-2.5,0.0
15.64,-22.7467,0.0,0.0,-23.3467,-2.5,0.0
15.68,-22.8067,0.0,0.0,-23.4067,-2.5,0.0
15.72,-22.8667,0.0,0.0,-23.4667,-2.5,0.0
15.76,-22.9267,0.0,0.0,-23.5267,-2.5,0.0
15.8,-22.9867,0.0,0.0,-23.5867,-2.5,0.0
15.84,-23.0467,0.0,0.0,-23.6467,-2.5,0.0
15.88,-23.1067,0.0,0.0,-23.7067,-2.5,0.0
15.92,-23.1667,0.0,0.0,-23.7667,-2.5,0.0
15.96,-23.2267,0.0,0.0,-23.8267,-2.5,0.0
16.0,-23.2867,0.0,0.0,-23.8867,-2.5,0.0
16.04,-23.3467,0.0,0.0,-23.9467,-2.5,0.0
16.08,-23.4067,0.0,0.0,-24.0067,-2.5,0.0
16.12,-23.4667,0.0,0.0,-24.0667,-2.5,0.0
16.16,-23.5267,0.0,0.0,-24.1267,-2.5,0.0
16.2,-23.5867,0.0,0.0,-24.1867,-2.5,0.0
16.24,-23.6467,0.0,0.0,-24.2467,-2.5,0.0
16.28,-23.7067,0.0,0.0,-24.3067,-2.5,0.0
16.32,-23.7667,0.0,0.0,-24.3667,-2.5,0.0
16.36,-23.8267,0.0,0.0,-24.4267,-2.5,0.0
16.4,-23.8867,0.0,0.0,-24.4867,-2.5,0.0
16.44,-23.9467,0.0,0.0,-24.5467,-2.5,0.0
16.48,-24.0067,0.0,0.0,-24.6067,-2.5,0.0
16.52,-24.0667,0.0,0.0,-24.6667,-2.5,0.0
16.56,-24.1267,0.0,0.0,-24.7267,-2.5,0.0
16.6,-24.1867,0.0,0.0,-24.7867,-2.5,0.0
16.64,-24.2467,0.0,0.0,-24.8467,-2.5,0.0
16.68,-24.3067,0.0,0.0,-24.9067,-2.5,0.0
16.72,-24.3667,0.0,0.0,-24.9667,-2.5,0.0
16.76,-24.4267,0.0,0.0,-25.0267,-2.5,0.0
16.8,-24.4867,0.0,0.0,-25.0867,-2.5,0.0
16.84,-24.5467,0.0,0.0,-25.1467,-2.5,0.0
16.88,-24.6067,0.0,0.0,-25.2067,-2.5,0.0
16.92,-24.6667,0.0,0.0,-25.2667,-2.5,0.0
16.96,-24.7267,0.0,0.0,-25.3267,-2.5,0.0
17.0,-24.7867,0.0,0.0,-25.3867,-2.5,0.0
17.04,-24.8467,0.0,0.0,-25.4467,-2.5,0.0
17.08,-24.9067,0.0,0.0,-25.5067,-2.5,0.0
17.12,-24.9667,0.0,0.0,-25.5667,-2.5,0.0
17.16,-25.0267,0.0,0.0,-25.6267,-2.5,0.0
17.2,-25.0867,0.0,0.0,-25.6867,-2.5,0.0
17.24,-25.1467,0.0,0.0,-25.7467,-2.5,0.0
17.28,-25.2067,0.0,0.0,-25.8067,-2.5,0.0
17.32,-25.2667,0.0,0.0,-25.8667,-2.5,0.0
17.36,-25.3267,0.0,0.0,-25.9267,-2.5,0.0
17.4,-25.3867,0.0,0.0,-25.9867,-2.5,0.0
17.44,-25.4467,0.0,0.0,-26.0467,-2.5,0.0
17.48,-25.5067,0.0,0.0,-26.1067,-2.5,0.0
17.52,-25.5667,0.0,0.0,-26.1667,-2.5,0.0
17.56,-25.6267,0.0,0.0,-26.2267,-2.5,0.0
17.6,-25.6867,0.0,0.0,-26.2867,-2.5,0.0
17.64,-25.7467,0.0,0.0,-26.3467,-2.5,0.0
17.68,-25.8067,0.0,0.0,-26.4067,-2.5,0.0
17.72,-25.8667,0.0,0.0,-26.4667,-2.5,0.0
17.76,-25.9267,0.0,0.0,-26.5267,-2.5,0.0
17.8,-25.9867,0.0,0.0,-26.5867,-2.5,0.0
17.84,-26.0467,0.0,0.0,-26.6467,-2.5,0.0
17.88,-26.1067,0.0,0.0,-26.7067,-2.5,0.0
17.92,-26.1667,0.0,0.0,-26.7667,-2.5,0.0
17.96,-26.2267,0.0,0.0,-26.8267,-2.5,0.0
18.0,-26.2867,0.0,0.0,-26.8867,-2.5,0.0
18.04,-26.3467,0.0,0.0,-26.9467,-2.5,0.0
18.08,-26.4067,0.0,0.0,-27.0067,-2.5,0.0
18.12,-26.4667,0.0,0.0,-27.0667,-2.5,0.0
18.16,-26.5267,0.0,0.0,-27.1267,-2.5,0.0
18.2,-26.5867,0.0,0.0,-27.1867,-2.5,0.0
18.24,-26.6467,0.0,0.0,-27.2467,-2.5,0.0
18.28,-26.7067,0.0,0.0,-27.3067,-2.5,0.0
18.32,-26.7667,0.0,0.0,-27.3667,-2.5,0.0
18.36,-26.8267,0.0,0.0,-27.4267,-2.5,0.0
18.4,-26.8867,0.0,0.0,-27.4867,-2.5,0.0
18.44,-26.9467,0.0,0.0,-27.5467,-2.5,0.0
18.48,-27.0067,0.0,0.0,-27.6067,-2.5,0.0
18.52,-27.0667,0.0,0.0,-27.6667,-2.5,0.0
18.56,-27.1267,0.0,0.0,-27.7267,-2.5,0.0
18.6,-27.1867,0.0,0.0,-27.7867,-2.5,0.0
18.64,-27.2467,0.0,0.0,-27.8467,-2.5,0.0
18.68,-27.3067,0.0,0.0,-27.9067,-2.5,0.0
18.72,-27.3667,0.0,0.0,-27.9667,-2.5,0.0
18.76,-27.4267,0.0,0.0,-28.0267,-2.5,0.0
18.8,-27.4867,0.0,0.0,-28.0867,-2.5,0.0
18.84,-27.5467,0.0,0.0,-28.1467,-2.5,0.0
18.88,-27.6067,0.0,0.0,-28.2067,-2.5,0.0
18.92,-27.6667,0.0,0.0,-28.2667,-2.5,0.0
18.96,-27.7267,0.0,0.0,-28.3267,-2.5,0.0
19.0,-27.7867,0.0,0.0,-28.3867,-2.5,0.0
19.04,-27.8467,0.0,0.0,-28.4467,-2.5,0.0
19.08,-27.9067,0.0,0.0,-28.5067,-2.5,0.0
19.12,-27.9667,0.0,0.0,-28.5667,-2.5,0.0
19.16,-28.0267,0.0,0.0,-28.6267,-2.5,0.0
19.2,-28.0867,0.0,0.0,-28.6867,-2.5,0.0
19.24,-28.1467,0.0,0.0,-28.7467,-2.5,0.0
19.28,-28.2067,0.0,0.0,-28.8067,-2.5,0.0
19.32,-28.2667,0.0,0.0,-28.8667,-2.5,0.0
19.36,-28.3267,0.0,0.0,-28.9267,-2.5,0.0
19.4,-28.3867,0.0,0.0,-28.9867,-2.5,0.0
19.44,-28.4467,0.0,0.0,-29.0467,-2.5,0.0
19.48,-28.5067,0.0,0.0,-29.1067,-2.5,0.0
19.52,-28.5667,0.0,0.0,-29.1667,-2.5,0.0
19.56,-28.6267,0.0,0.0,-29.2267,-2.5,0.0
19.6,-28.6867,0.0,0.0,-29.2867,-2.5,0.0
19.64,-28.7467,0.0,0.0,-29.3467,-2.5,0.0
19.68,-28.8067,0.0,0.0,-29.4067,-2.5,0.0
19.72,-28.8667,0.0,0.0,-29.4667,-2.5,0.0
19.76,-28.9267,0.0,0.0,-29.5267,-2.5,0.0
19.8,-28.9867,0.0,0.0,-29.5867,-2.5,0.0
19.84,-29.0467,0.0,0.0,-29.6467,-2.5,0.0
19.88,-29.1067,0.0,0.0,-29.7067,-2.5,0.0
19.92,-29.1667,0.0,0.0,-29.7667,-2.5,0.0
19.96,-29.2267,0.0,0.0,-29.8267,-2.5,0.0
20.0,-29.2867,0.0,0.0,-29.8867,-2.5,0.0
20.04,-29.3467,0.0,0.0,-29.9467,-2.5,0.0
20.08,-29.4067,0.0,0.0,-30.0067,-2.5,0.0
20.12,-29.4667,0.0,0.0,-30.0667,-2.5,0.0
20.16,-29.5267,0.0,0.0,-30.1267,-2.5,0.0
20.2,-29.5867,0.0,0.0,-30.1867,-2.5,0.0
20.24,-29.6467,0.0,0.0,-30.2467,-2.5,0.0
20.28,-29.7067,0.0,0.0,-30.3067,-2.5,0.0
20.32,-29.7667,0.0,0.0,-30.3667,-2.5,0.0
20.36,-29.8267,0.0,0.0,-30.4267,-2.5,0.0
20.4,-29.8867,0.0,0.0,-30.4867,-2.5,0.0
20.44,-29.9467,0.0,0.0,-30.5467,-2.5,0.0
20.48,-30.0067,0.0,0.0,-30.6067,-2.5,0.0
20.52,-30.0667,0.0,0.0,-30.6667,-2.5,0.0
20.56,-30.1267,0.0,0.0,-30.7267,-2.5,0.0
20.6,-30.1867,0.0,0.0,-30.7867,-2.5,0.0
20.64,-30.2467,0.0,0.0,-30.8467,-2.5,0.0
20.68,-30.3067,0.0,0.0,-30.9067,-2.5,0.0
20.72,-30.3667,0.0,0.0,-30.9667,-2.5,0.0
20.76,-30.4267,0.0,0.0,-31.0267,-2.5,0.0
20.8,-30.4867,0.0,0.0,-31.0867,-2.5,0.0
20.84,-30.5467,0.0,0.0,-31.1467,-2.5,0.0
20.88,-30.6067,0.0,0.0,-31.2067,-2.5,0.0
20.92,-30.6667,0.0,0.0,-31.2667,-2.5,0.0
20.96,-30.7267,0.0,0.0,-31.3267,-2.5,0.0
21.0,-30.7867,0.0,0.0,-31.3867,-2.5,0.0
21.04,-30.8467,0.0,0.0,-31.4467,-2.5,0.0
21.08,-30.9067,0.0,0.0,-31.5067,-2.5,0.0
21.12,-30.9667,0.0,0.0,-31.5667,-2.5,0.0
21.16,-31.0267,0.0,0.0,-31.6267,-2.5,0.0
21.2,-31.0867,0.0,0.0,-31.6867,-2.5,0.0
21.24,-31.1467,0.0,0.0,-31.7467,-2.5,0.0
21.28,-31.2067,0.0,0.0,-31.8067,-2.5,0.0
21.32,-31.2667,0.0,0.0,-31.8667,-2.5,0.0
21.36,-31.3267,0.0,0.0,-31.9267,-2.5,0.0
21.4,-31.3867,0.0,0.0,-31.9867,-2.5,0.0
21.44,-31.4467,0.0,0.0,-32.0467,-2.5,0.0
21.48,-31.5067,0.0,0.0,-32.1067,-2.5,0.0
21.52,-31.5667,0.0,0.0,-32.1667,-2.5,0.0
21.56,-31.6267,0.0,0.0,-32.2267,-2.5,0.0
21.6,-31.6867,0.0,0.0,-32.2867,-2.5,0.0
21.64,-31.7467,0.0,0.0,-32.3467,-2.5,0.0
21.68,-31.8067,0.0,0.0,-32.4067,-2.5,0.0
21.72,-31.8667,0.0,0.0,-32.4667,-2.5,0.0
21.76,-31.9267,0.0,0.0,-32.5267,-2.5,0.0
21.8,-31.9867,0.0,0.0,-32.5867,-2.5,0.0
21.84,-32.0467,0.0,0.0,-32.6467,-2.5,0.0
21.88,-32.1067,0.0,0.0,-32.7067,-2.5,0.0
21.92,-32.1667,0.0,0.0,-32.7667,-2.5,0.0
21.96,-32.2267,0.0,0.0,-32.8267,-2.5,0.0
22.0,-32.2867,0.0,0.0,-32.8867,-2.5,0.0
22.04,-32.3467,0.0,0.0,-32.9467,-2.5,0.0
22.08,-32.4067,0.0,0.0,-33.0067,-2.5,0.0
22.12,-32.4667,0.0,0.0,-33.0667,-2.5,0.0
22.16,-32.5267,0.0,0.0,-33.1267,-2.5,0.0
22.2,-32.5867,0.0,0.0,-33.1867,-2.5,0.0
22.24,-32.6467,0.0,0.0,-33.2467,-2.5,0.0
22.28,-32.7067,0.0,0.0,-33.3067,-2.5,0.0
22.32,-32.7667,0.0,0.0,-33.3667,-2.5,0.0
22.36,-32.8267,0.0,0.0,-33.4267,-2.5,0.0
22.4,-32.8867,0.0,0.0,-33.4867,-2.5,0.0
22.44,-32.9467,0.0,0.0,-33.5467,-2.5,0.0
22.48,-33.0067,0.0,0.0,-33.6067,-2.5,0.0
22.52,-33.0667,0.0,0.0,-33.6667,-2.5,0.0
22.56,-33.1267,0.0,0.0,-33.7267,-2.5,0.0
22.6,-33.1867,0.0,0.0,-33.7867,-2.5,0.0
22.64,-33.2467,0.0,0.0,-33.8467,-2.5,0.0
22.68,-33.3067,0.0,0.0,-33.9067,-2.5,0.0
22.72,-33.3667,0.0,0.0,-33.9667,-2.5,0.0
22.76,-33.4267,0.0,0.0,-34.0267,-2.5,0.0
22.8,-33.4867,0.0,0.0,-34.0867,-2.5,0.0
22.84,-33.5467,0.0,0.0,-34.1467,-2.5,0.0
22.88,-33.6067,0.0,0.0,-34.2067,-2.5,0.0
22.92,-33.6667,0.0,0.0,-34.2667,-2.5,0.0
22.96,-33.7267,0.0,0.0,-34.3267,-2.5,0.0
23.0,-33.7867,0.0,0.0,-34.3867,-2.5,0.0
23.04,-33.8467,0.0,0.0,-34.4467,-2.5,0.0
23.08,-33.9067,0.0,0.0,-34.5067,-2.5,0.0
23.12,-33.9667,0.0,0.0,-34.5667,-2.5,0.0
23.16,-34.0267,0.0,0.0,-34.6267,-2.5,0.0
23.2,-34.0867,0.0,0.0,-34.6867,-2.5,0.0
23.24,-34.1467,0.0,0.0,-34.7467,-2.5,0.0
23.28,-34.2067,0.0,0.0,-34.8067,-2.5,0.0
23.32,-34.2667,0.0,0.0,-34.8667,-2.5,0.0
23.36,-34.3267,0.0,0.0,-34.9267,-2.5,0.0
23.4,-34.3867,0.0,0.0,-34.9867,-2.5,0.0
23.44,-34.4467,0.0,0.0,-35.0467,-2.5,0.0
23.48,-34.5067,0.0,0.0,-35.1067,-2.5,0.0
23.52,-34.5667,0.0,0.0,-35.1667,-2.5,0.0
23.56,-34.6267,0.0,0.0,-35.2267,-2.5,0.0
23.6,-34.6867,0.0,0.0,-35.2867,-2.5,0.0
23.64,-34.7467,0.0,0.0,-35.3467,-2.5,0.0
23.68,-34.8067,0.0,0.0,-35.4067,-2.5,0.0
23.72,-34.8667,0.0,0.0,-35.4667,-2.5,0.0
23.76,-34.9267,0.0,0.0,-35.5267,-2.5,0.0
23.8,-34.9867,0.0,0.0,-35.5867,-2.5,0.0
23.84,-35.0467,0.0,0.0,-35.6467,-2.5,0.0
23.88,-35.1067,0.0,0.0,-35.7067,-2.5,0.0
23.92,-35.1667,0.0,0.0,-35.7667,-2.5,0.0
23.96,-35.2267,0.0,0.0,-35.8267,-2.5,0.0
24.0,-35.2867,0.0,0.0,-35.8867,-2.5,0.0
24.04,-35.3467,0.0,0.0,-35.9467,-2.5,0.0
24.08,-35.4067,0.0,0.0,-36.0067,-2.5,0.0
24.12,-35.4667,0.0,0.0,-36.0667,-2.5,0.0
24.16,-35.5267,0.0,0.0,-36.1267,-2.5,0.0
24.2,-35.5867,0.0,0.0,-36.1867,-2.5,0.0
24.24,-35.6467,0.0,0.0,-36.2467,-2.5,0.0
24.28,-35.7067,0.0,0.0,-36.3067,-2.5,0.0
24.32,-35.7667,0.0,0.0,-36.3667,-2.5,0.0
24.36,-35.8267,0.0,0.0,-36.4267,-2.5,0.0
24.4,-35.8867,0.0,0.0,-36.4867,-2.5,0.0
24.44,-35.9467,0.0,0.0,-36.5467,-2.5,0.0
24.48,-36.0067,0.0,0.0,-36.6067,-2.5,0.0
24.52,-36.0667,0.0,0.0,-36.6667,-2.5,0.0
24.56,-36.1267,0.0,0.0,-36.7267,-2.5,0.0
24.6,-36.1867,0.0,0.0,-36.7867,-2.5,0.0
24.64,-36.2467,0.0,0.0,-36.8467,-2.5,0.0
24.68,-36.3067,0.0,0.0,-36.9067,-2.5,0.0
24.72,-36.3667,0.0,0.0,-36.9667,-2.5,0.0
24.76,-36.4267,0.0,0.0,-37.0267,-2.5,0.0
24.8,-36.4867,0.0,0.0,-37.0867,-2.5,0.0
24.84,-36.5467,0.0,0.0,-37.1467,-2.5,0.0
24.88,-36.6067,0.0,0.0,-37.2067,-2.5,0.0
24.92,-36.6667,0.0,0.0,-37.2667,-2.5,0.0
24.96,-36.7267,0.0,0.0,-37.3267,-2.5,0.0
25.0,-36.7867,0.0,0.0,-37.3867,-2.5,0.0
25.04,-36.8467,0.0,0.0,-37.4467,-2.5,0.0
25.08,-36.9067,0.0,0.0,-37.5067,-2.5,0.0
25.12,-36.9667,0.0,0.0,-37.5667,-2.5,0.0
25.16,-37.0267,0.0,0.0,-37.6267,-2.5,0.0
25.2,-37.0867,0.0,0.0,-37.6867,-2.5,0.0
25.24,-37.1467,0.0,0.0,-37.7467,-2.5,0.0
25.28,-37.2067,0.0,0.0,-37.8067,-2.5,0.0
25.32,-37.2667,0.0,0.0,-37.8667,-2.5,0.0
25.36,-37.3267,0.0,0.0,-37.9267,-2.5,0.0
25.4,-37.3867,0.0,0.0,-37.9867,-2.5,0.0
25.44,-37.4467,0.0,0.0,-38.0467,-2.5,0.0
25.48,-37.5067,0.0,0.0,-38.1067,-2.5,0.0
25.52,-37.5667,0.0,0.0,-38.1667,-2.5,0.0
25.56,-37.6267,0.0,0.0,-38.2267,-2.5,0.0
25.6,-37.6867,0.0,0.0,-38.2867,-2.5,0.0
25.64,-37.7467,0.0,0.0,-38.3467,-2.5,0.0
25.68,-37.8067,0.0,0.0,-38.4067,-2.5,0.0
25.72,-37.8667,0.0,0.0,-38.4667,-2.5,0.0
25.76,-37.9267,0.0,0.0,-38.5267,-2.5,0.0
25.8,-37.9867,0.0,0.0,-38.5867,-2.5,0.0
25.84,-38.0467,0.0,0.0,-38.6467,-2.5,0.0
25.88,-38.1067,0.0,0.0,-38.7067,-2.5,0.0
25.92,-38.1667,0.0,0.0,-38.7667,-2.5,0.0
25.96,-38.2267,0.0,0.0,-38.8267,-2.5,0.0
26.0,-38.2867,0.0,0.0,-38.8867,-2.5,0.0
26.04,-38.3467,0.0,0.0,-38.9467,-2.5,0.0
26.08,-38.4067,0.0,0.0,-39.0067,-2.5,0.0
26.12,-38.4667,0.0,0.0,-39.0667,-2.5,0.0
26.16,-38.5267,0.0,0.0,-39.1267,-2.5,0.0
26.2,-38.5867,0.0,0.0,-39.1867,-2.5,0.0
26.24,-38.6467,0.0,0.0,-39.2467,-2.5,0.0
26.28,-38.7067,0.0,0.0,-39.3067,-2.5,0.0
26.32,-38.7667,0.0,0.0,-39.3667,-2.5,0.0
26.36,-38.8267,0.0,0.0,-39.4267,-2.5,0.0
26.4,-38.8867,0.0,0.0,-39.4867,-2.5,0.0
26.44,-38.9467,0.0,0.0,-39.5467,-2.5,0.0
26.48,-39.0067,0.0,0.0,-39.6067,-2.5,0.0
26.52,-39.0667,0.0,0.0,-39.6667,-2.5,0.0
26.56,-39.1267,0.0,0.0,-39.7267,-2.5,0.0
26.6,-39.1867,0.0,0.0,-39.7867,-2.5,0.0
26.64,-39.2467,0.0,0.0,-39.8467,-2.5,0.0
26.68,-39.3067,0.0,0.0,-39.9067,-2.5,0.0
26.72,-39.3667,0.0,0.0,-39.9667,-2.5,0.0
26.76,-39.4267,0.0,0.0,-40.0267,-2.5,0.0
26.8,-39.4867,0.0,0.0,-40.0867,-2.5,0.0
26.84,-39.5467,0.0,0.0,-40.1467,-2.5,0.0
26.88,-39.6067,0.0,0.0,-40.2067,-2.5,0.0
26.92,-39.6667,0.0,0.0,-40.2667,-2.5,0.0
26.96,-39.7267,0.0,0.0,-40.3267,-2.5,0.0
27.0,-39.7867,0.0,0.0,-40.3867,-2.5,0.0
27.04,-39.8467,0.0,0.0,-40.4467,-2.5,0.0
27.08,-39.9067,0.0,0.0,-40.5067,-2.5,0.0
27.12,-39.9667,0.0,0.0,-40.5667,-2.5,0.0
27.16,-40.0267,0.0,0.0,-40.6267,-2.5,0.0
27.2,-40.0867,0.0,0.0,-40.6867,-2.5,0.0
27.24,-40.1467,0.0,0.0,-40.7467,-2.5,0.0
27.28,-40.2067,0.0,0.0,-40.8067,-2.5,0.0
27.32,-40.2667,0.0,0.0,-40.8667,-2.5,0.0
27.36,-40.3267,0.0,0.0,-40.9267,-2.5,0.0
27.4,-40.3867,0.0,0.0,-40.9867,-2.5,0.0
27.44,-40.4467,0.0,0.0,-41.0467,-2.5,0.0
27.48,-40.5067,0.0,0.0,-41.1067,-2.5,0.0
27.52,-40.5667,0.0,0.0,-41.1667,-2.5,0.0
27.56,-40.6267,0.0,0.0,-41.2267,-2.5,0.0
27.6,-40.6867,0.0,0.0,-41.2867,-2.5,0.0
27.64,-40.7467,0.0,0.0,-41.3467,-2.5,0.0
27.68,-40.8067,0.0,0.0,-41.4067,-2.5,0.0
27.72,-40.8667,0.0,0.0,-41.4667,-2.5,0.0
27.76,-40.9267,0.0,0.0,-41.5267,-2.5,0.0
27.8,-40.9867,0.0,0.0,-41.5867,-2.5,0.0
27.84,-41.0467,0.0,0.0,-41.6467,-2.5,0.0
27.88,-41.1067,0.0,0.0,-41.7067,-2.5,0.0
27.92,-41.1667,0.0,0.0,-41.7667,-2.5,0.0
27.96,-41.2267,0.0,0.0,-41.8267,-2.5,0.0
28.0,-41.2867,0.0,0.0,-41.8867,-2.5,0.0
28.04,-41.3467,0.0,0.0,-41.9467,-2.5,0.0
28.08,-41.4067,0.0,0.0,-42.0067,-2.5,0.0
28.12,-41.4667,0.0,0.0,-42.0667,-2.5,0.0
28.16,-41.5267,0.0,0.0,-42.1267,-2.5,0.0
28.2,-41.5867,0.0,0.0,-42.1867,-2.5,0.0
28.24,-41.6467,0.0,0.0,-42.2467,-2.5,0.0
28.28,-41.7067,0.0,0.0,-42.3067,-2.5,0.0
28.32,-41.7667,0.0,0.0,-42.3667,-2.5,0.0
28.36,-41.8267,0.0,0.0,-42.4267,-2.5,0.0
28.4,-41.8867,0.0,0.0,-42.4867,-2.5,0.0
28.44,-41.9467,0.0,0.0,-42.5467,-2.5,0.0
28.48,-42.0067,0.0,0.0,-42.6067,-2.5,0.0
28.52,-42.0667,0.0,0.0,-42.6667,-2.5,0.0
28.56,-42.1267,0.0,0.0,-42.7267,-2.5,0.0
28.6,-42.1867,0.0,0.0,-42.7867,-2.5,0.0
28.64,-42.2467,0.0,0.0,-42.8467,-2.5,0.0
28.68,-42.3067,0.0,0.0,-42.9067,-2.5,0.0
28.72,-42.3667,0.0,0.0,-42.9667,-2.5,0.0
28.76,-42.4267,0.0,0.0,-43.0267,-2.5,0.0
28.8,-42.4867,0.0,0.0,-43.0867,-2.5,0.0
28.84,-42.5467,0.0,0.0,-43.1467,-2.5,0.0
28.88,-42.6067,0.0,0.0,-43.2067,-2.5,0.0
28.92,-42.6667,0.0,0.0,-43.2667,-2.5,0.0
28.96,-42.7267,0.0,0.0,-43.3267,-2.5,0.0
29.0,-42.7867,0.0,0.0,-43.3867,-2.5,0.0
29.04,-42.8467,0.0,0.0,-43.4467,-2.5,0.0
29.08,-42.9067,0.0,0.0,-43.5067,-2.5,0.0
29.12,-42.9667,0.0,0.0,-43.5667,-2.5,0.0
29.16,-43.0267,0.0,0.0,-43.6267,-2.5,0.0
29.2,-43.0867,0.0,0.0,-43.6867,-2.5,0.0
29.24,-43.1467,0.0,0.0,-43.7467,-2.5,0.0
29.28,-43.2067,0.0,0.0,-43.8067,-2.5,0.0
29.32,-43.2667,0.0,0.0,-43.8667,-2.5,0.0
29.36,-43.3267,0.0,0.0,-43.9267,-2.5,0.0
29.4,-43.3867,0.0,0.0,-43.9867,-2.5,0.0
29.44,-43.4467,0.0,0.0,-44.0467,-2.5,0.0
29.48,-43.5067,0.0,0.0,-44.1067,-2.5,0.0
29.52,-43.5667,0.0,0.0,-44.1667,-2.5,0.0
29.56,-43.6267,0.0,0.0,-44.2267,-2.5,0.0
29.6,-43.6867,0.0,0.0,-44.2867,-2.5,0.0
29.64,-43.7467,0.0,0.0,-44.3467,-2.5,0.0
29.68,-43.8067,0.0,0.0,-44.4067,-2.5,0.0
29.72,-43.8667,0.0,0.0,-44.4667,-2.5,0.0
29.76,-43.9267,0.0,0.0,-44.5267,-2.5,0.0
29.8,-43.9867,0.0,0.0,-44.5867,-2.5,0.0
29.84,-44.0467,0.0,0.0,-44.6467,-2.5,0.0
29.88,-44.1067,0.0,0.0,-44.7067,-2.5,0.0
29.92,-44.1667,0.0,0.0,-44.7667,-2.5,0.0
29.96,-44.2267,0.0,0.0,-44.8267,-2.5,0.0
30.0,-44.2867,0.0,0.0,-44.8867,-2.5,0.0
30.04,-44.3467,0.0,0.0,-44.9467,-2.5,0.0
30.08,-44.4067,0.0,0.0,-45.0067,-2.5,0.0
30.12,-44.4667,0.0,0.0,-45.0667,-2.5,0.0
30.16,-44.5267,0.0,0.0,-45.1267,-2.5,0.0
30.2,-44.5867,0.0,0.0,-45.1867,-2.5,0.0
30.24,-44.6467,0.0,0.0,-45.2467,-2.5,0.0
30.28,-44.7067,0.0,0.0,-45.3067,-2.5,0.0
30.32,-44.7667,0.0,0.0,-45.3667,-2.5,0.0
30.36,-44.8267,0.0,0.0,-45.4267,-2.5,0.0
30.4,-44.8867,0.0,0.0,-45.4867,-2.5,0.0
30.44,-44.9467,0.0,0.0,-45.5467,-2.5,0.0
30.48,-45.0067,0.0,0.0,-45.6067,-2.5,0.0
30.52,-45.0667,0.0,0.0,-45.6667,-2.5,0.0
30.56,-45.1267,0.0,0.0,-45.7267,-2.5,0.0
30.6,-45.1867,0.0,0.0,-45.7867,-2.5,0.0
30.64,-45.2467,0.0,0.0,-45.8467,-2.5,0.0
30.68,-45.3067,0.0,0.0,-45.9067,-2.5,0.0
30.72,-45.3667,0.0,0.0,-45.9667,-2.5,0.0
30.76,-45.4267,0.0,0.0,-46.0267,-2.5,0.0
30.8,-45.4867,0.0,0.0,-46.0867,-2.5,0.0
30.84,-45.5467,0.0,0.0,-46.1467,-2.5,0.0
30.88,-45.6067,0.0,0.0,-46.2067,-2.5,0.0
30.92,-45.6667,0.0,0.0,-46.2667,-2.5,0.0
30.96,-45.7267,0.0,0.0,-46.3267,-2.5,0.0
31.0,-45.7867,0.0,0.0,-46.3867,-2.5,0.0
31.04,-45.8467,0.0,0.0,-46.4467,-2.5,0.0
31.08,-45.9067,0.0,0.0,-46.5067,-2.5,0.0
31.12,-45.9667,0.0,0.0,-46.5667,-2.5,0.0
31.16,-46.0267,0.0,0.0,-46.6267,-2.5,0.0
31.2,-46.0867,0.0,0.0,-46.6867,-2.5,0.0
31.24,-46.1467,0.0,0.0,-46.7467,-2.5,0.0
31.28,-46.2067,0.0,0.0,-46.8067,-2.5,0.0
31.32,-46.2667,0.0,0.0,-46.8667,-2.5,0.0
31.36,-46.3267,0.0,0.0,-46.9267,-2.5,0.0
31.4,-46.3867,0.0,0.0,-46.9867,-2.5,0.0
31.44,-46.4467,0.0,0.0,-47.0467,-2.5,0.0
31.48,-46.5067,0.0,0.0,-47.1067,-2.5,0.0
31.52,-46.5667,0.0,0.0,-47.1667,-2.5,0.0
31.56,-46.6267,0.0,0.0,-47.2267,-2.5,0.0
31.6,-46.6867,0.0,0.0,-47.2867,-2.5,0.0
31.64,-46.7467,0.0,0.0,-47.3467,-2.5,0.0
31.68,-46.8067,0.0,0.0,-47.4067,-2.5,0.0
31.72,-46.8667,0.0,0.0,-47.4667,-2.5,0.0
31.76,-46.9267,0.0,0.0,-47.5267,-2.5,0.0
31.8,-46.9867,0.0,0.0,-47.5867,-2.5,0.0
31.84,-47.0467,0.0,0.0,-47.6467,-2.5,0.0
31.88,-47.1067,0.0,0.0,-47.7067,-2.5,0.0
31.92,-47.1667,0.0,0.0,-47.7667,-2.5,0.0
31.96,-47.2267,0.0,0.0,-47.8267,-2.5,0.0
32.0,-47.2867,0.0,0.0,-47.8867,-2.5,0.0
32.04,-47.3467,0.0,0.0,-47.9467,-2.5,0.0
32.08,-47.4067,0.0,0.0,-48.0067,-2.5,0.0
32.12,-47.4667,0.0,0.0,-48.0667,-2.5,0.0
32.16,-47.5267,0.0,0.0,-48.1267,-2.5,0.0
32.2,-47.5867,0.0,0.0,-48.1867,-2.5,0.0
32.24,-47.6467,0.0,0.0,-48.2467,-2.5,0.0
32.28,-47.7067,0.0,0.0,-48.3067,-2.5,0.0
32.32,-47.7667,0.0,0.0,-48.3667,-2.5,0.0
32.36,-47.8267,0.0,0.0,-48.4267,-2.5,0.0
32.4,-47.8867,0.0,0.0,-48.4867,-2.5,0.0
32.44,-47.9467,0.0,0.0,-48.5467,-2.5,0.0
32.48,-48.0067,0.0,0.0,-48.6067,-2.5,0.0
32.52,-48.0667,0.0,0.0,-48.6667,-2.5,0.0
32.56,-48.1267,0.0,0.0,-48.7267,-2.5,0.0
32.6,-48.1867,0.0,0.0,-48.7867,-2.5,0.0
32.64,-48.2467,0.0,0.0,-48.8467,-2.5,0.0
32.68,-48.3067,0.0,0.0,-48.9067,-2.5,0.0
32.72,-48.3667,0.0,0.0,-48.9667,-2.5,0.0
32.76,-48.4267,0.0,0.0,-49.0267,-2.5,0.0
32.8,-48.4867,0.0,0.0,-49.0867,-2.5,0.0
32.84,-48.5467,0.0,0.0,-49.1467,-2.5,0.0
32.88,-48.6067,0.0,0.0,-49.2067,-2.5,0.0
32.92,-48.6667,0.0,0.0,-49.2667,-2.5,0.0
32.96,-48.7267,0.0,0.0,-49.3267,-2.5,0.0
33.0,-48.7867,0.0,0.0,-49.3867,-2.5,0.0
33.04,-48.8467,0.0,0.0,-49.4467,-2.5,0.0
33.08,-48.9067,0.0,0.0,-49.5067,-2.5,0.0
33.12,-48.9667,0.0,0.0,-49.5667,-2.5,0.0
33.16,-49.0267,0.0,0.0,-49.6267,-2.5,0.0
33.2,-49.0867,0.0,0.0,-49.6867,-2.5,0.0
33.24,-49.1467,0.0,0.0,-49.7467,-2.5,0.0
33.28,-49.2067,0.0,0.0,-49.8067,-2.5,0.0
33.32,-49.2667,0.0,0.0,-49.8667,-2.5,0.0
33.36,-49.3267,0.0,0.0,-49.9267,-2.5,0.0
33.4,-49.3867,0.0,0.0,-49.9867,-2.5,0.0
33.44,-49.4467,0.0,0.0,-50.0467,-2.5,0.0
33.48,-49.5067,0.0,0.0,-50.1067,-2.5,0.0
33.52,-49.5667,0.0,0.0,-50.1667,-2.5,0.0
33.56,-49.6267,0.0,0.0,-50.2267,-2.5,0.0
33.6,-49.6867,0.0,0.0,-50.2867,-2.5,0.0
33.64,-49.7467,0.0,0.0,-50.3467,-2.5,0.0
33.68,-49.8067,0.0,0.0,-50.4067,-2.5,0.0
33.72,-49.8667,0.0,0.0,-50.4667,-2.5,0.0
33.76,-49.9267,0.0,0.0,-50.5267,-2.5,0.0
33.8,-49.9867,0.0,0.0,-50.5867,-2.5,0.0
33.84,-50.0467,0.0,0.0,-50.6467,-2.5,0.0
33.88,-50.1067,0.0,0.0,-50.7067,-2.5,0.0
33.92,-50.1667,0.0,0.0,-50.7667,-2.5,0.0
33.96,-50.2267,0.0,0.0,-50.8267,-2.5,0.0
34.0,-50.2867,0.0,0.0,-50.8867,-2.5,0.0
34.04,-50.3467,0.0,0.0,-50.9467,-2.5,0.0
34.08,-50.4067,0.0,0.0,-51.0067,-2.5,0.0
34.12,-50.4667,0.0,0.0,-51.0667,-2.5,0.0
34.16,-50.5267,0.0,0.0,-51.1267,-2.5,0.0
34.2,-50.5867,0.0,0.0,-51.1867,-2.5,0.0
34.24,-50.6467,0.0,0.0,-51.2467,-2.5,0.0
34.28,-50.7067,0.0,0.0,-51.3067,-2.5,0.0
34.32,-50.7667,0.0,0.0,-51.3667,-2.5,0.0
34.36,-50.8267,0.0,0.0,-51.4267,-2.5,0.0
34.4,-50.8867,0.0,0.0,-51.4867,-2.5,0.0
34.44,-50.9467,0.0,0.0,-51.5467,-2.5,0.0
34.48,-51.0067,0.0,0.0,-51.6067,-2.5,0.0
34.52,-51.0667,0.0,0.0,-51.6667,-2.5,0.0
34.56,-51.1267,0.0,0.0,-51.7267,-2.5,0.0
34.6,-51.1867,0.0,0.0,-51.7867,-2.5,0.0
34.64,-51.2467,0.0,0.0,-51.8467,-2.5,0.0
34.68,-51.3067,0.0,0.0,-51.9067,-2.5,0.0
34.72,-51.3667,0.0,0.0,-51.9667,-2.5,0.0
34.76,-51.4267,0.0,0.0,-52.0267,-2.5,0.0
34.8,-51.4867,0.0,0.0,-52.0867,-2.5,0.0
34.84,-51.5467,0.0,0.0,-52.1467,-2.5,0.0
34.88,-51.6067,0.0,0.0,-52.2067,-2.5,0.0
34.92,-51.6667,0.0,0.0,-52.2667,-2.5,0.0
34.96,-51.7267,0.0,0.0,-52.3267,-2.5,0.0
35.0,-51.7867,0.0,0.0,-52.3867,-2.5,0.0
35.04,-51.8467,0.0,-0.0014,-52.4467,-2.4999,0.0
35.08,-51.9067,0.0001,-0.0028,-52.5066,-2.4997,0.0
35.12,-51.9667,0.0003,-0.0042,-52.5666,-2.4994,0.0001
35.16,-52.0267,0.0005,-0.0056,-52.6265,-2.499,0.0001
35.2,-52.0867,0.0008,-0.007,-52.6864,-2.4985,0.0001
35.24,-52.1467,0.0013,-0.0084,-52.7462,-2.498,0.0002
35.28,-52.2067,0.0018,-0.0098,-52.806,-2.4974,0.0003
35.32,-52.2667,0.0023,-0.0112,-52.8658,-2.4967,0.0003
35.36,-52.3267,0.003,-0.0126,-52.9256,-2.4959,0.0004
35.4,-52.3867,0.0038,-0.014,-52.9854,-2.4951,0.0005
35.44,-52.4467,0.0046,-0.0154,-53.0451,-2.4942,0.0006
35.48,-52.5067,0.0055,-0.0168,-53.1048,-2.4932,0.0008
35.52,-52.5667,0.0065,-0.0182,-53.1644,-2.4921,0.0009
35.56,-52.6267,0.0076,-0.0196,-53.2241,-2.4909,0.001
35.6,-52.6867,0.0088,-0.021,-53.2837,-2.4897,0.0012
35.64,-52.7466,0.0101,-0.0224,-53.3433,-2.4884,0.0013
35.68,-52.8066,0.0114,-0.0238,-53.4028,-2.487,0.0015
35.72,-52.8666,0.0128,-0.0252,-53.4623,-2.4855,0.0017
35.76,-52.9266,0.0143,-0.0266,-53.5218,-2.4839,0.0019
35.8,-52.9866,0.0159,-0.028,-53.5813,-2.4823,0.0021
35.84,-53.0466,0.0176,-0.0294,-53.6407,-2.4806,0.0023
35.88,-53.1065,0.0194,-0.0308,-53.7001,-2.4788,0.0025
35.92,-53.1665,0.0212,-0.0322,-53.7595,-2.4769,0.0028
35.96,-53.2265,0.0232,-0.0336,-53.8189,-2.475,0.003
36.0,-53.2864,0.0252,-0.035,-53.8782,-2.473,0.0033
36.04,-53.3464,0.0273,-0.0364,-53.9374,-2.4709,0.0036
36.08,-53.4064,0.0294,-0.0378,-53.9967,-2.4687,0.0038
36.12,-53.4663,0.0317,-0.0392,-54.0559,-2.4664,0.0041
36.16,-53.5263,0.0341,-0.0406,-54.1151,-2.4641,0.0044
36.2,-53.5862,0.0365,-0.042,-54.1742,-2.4617,0.0048
36.24,-53.6462,0.039,-0.0434,-54.2334,-2.4592,0.0051
36.28,-53.7061,0.0416,-0.0448,-54.2925,-2.4566,0.0054
36.32,-53.766,0.0443,-0.0462,-54.3515,-2.4539,0.0058
36.36,-53.826,0.0471,-0.0476,-54.4105,-2.4512,0.0061
36.4,-53.8859,0.0499,-0.0489,-54.4695,-2.4484,0.0065
36.44,-53.9458,0.0529,-0.0503,-54.5285,-2.4455,0.0069
36.48,-54.0058,0.0559,-0.0517,-54.5874,-2.4425,0.0073
36.52,-54.0657,0.059,-0.0531,-54.6462,-2.4395,0.0077
36.56,-54.1256,0.0622,-0.0545,-54.7051,-2.4364,0.0081
36.6,-54.1855,0.0654,-0.0559,-54.7639,-2.4332,0.0086
36.64,-54.2454,0.0688,-0.0573,-54.8227,-2.4299,0.009
36.68,-54.3053,0.0722,-0.0587,-54.8814,-2.4265,0.0095
36.72,-54.3652,0.0758,-0.0601,-54.9401,-2.4231,0.01
36.76,-54.4251,0.0794,-0.0615,-54.9988,-2.4196,0.0105
36.8,-54.485,0.083,-0.0629,-55.0574,-2.416,0.011
36.84,-54.5449,0.0868,-0.0643,-55.116,-2.4123,0.0115
36.88,-54.6048,0.0907,-0.0657,-55.1745,-2.4086,0.012
36.92,-54.6646,0.0946,-0.0671,-55.233,-2.4047,0.0125
36.96,-54.7245,0.0986,-0.0685,-55.2915,-2.4008,0.0131
37.0,-54.7843,0.1028,-0.0699,-55.3499,-2.3969,0.0137
37.04,-54.8442,0.1069,-0.0713,-55.4083,-2.3928,0.0142
37.08,-54.904,0.1112,-0.0727,-55.4667,-2.3887,0.0148
37.12,-54.9639,0.1156,-0.0741,-55.525,-2.3844,0.0154
37.16,-55.0237,0.12,-0.0755,-55.5832,-2.3801,0.0161
37.2,-55.0836,0.1245,-0.0769,-55.6415,-2.3758,0.0167
37.24,-55.1434,0.1292,-0.0783,-55.6997,-2.3713,0.0173
37.28,-55.2032,0.1339,-0.0797,-55.7578,-2.3668,0.018
37.32,-55.263,0.1386,-0.0811,-55.8159,-2.3622,0.0187
37.36,-55.3228,0.1435,-0.0825,-55.874,-2.3575,0.0194
37.4,-55.3826,0.1484,-0.0839,-55.932,-2.3527,0.0201
37.44,-55.4424,0.1535,-0.0853,-55.9899,-2.3479,0.0208
37.48,-55.5022,0.1586,-0.0867,-56.0479,-2.3429,0.0215
37.52,-55.5619,0.1638,-0.0881,-56.1058,-2.3379,0.0223
37.56,-55.6217,0.1691,-0.0895,-56.1636,-2.3329,0.023
37.6,-55.6815,0.1744,-0.0909,-56.2214,-2.3277,0.0238
37.64,-55.7412,0.1799,-0.0923,-56.2792,-2.3225,0.0246
37.68,-55.801,0.1854,-0.0937,-56.3369,-2.3171,0.0254
37.72,-55.8607,0.191,-0.0951,-56.3945,-2.3117,0.0262
37.76,-55.9204,0.1967,-0.0965,-56.4521,-2.3063,0.0271
37.8,-55.9802,0.2025,-0.0979,-56.5097,-2.3007,0.0279
37.84,-56.0399,0.2084,-0.0993,-56.5672,-2.2951,0.0288
37.88,-56.0996,0.2143,-0.1007,-56.6247,-2.2894,0.0297
37.92,-56.1593,0.2203,-0.1021,-56.6821,-2.2836,0.0306
37.96,-56.219,0.2264,-0.1035,-56.7395,-2.2777,0.0315
38.0,-56.2786,0.2326,-0.1049,-56.7968,-2.2718,0.0324
38.04,-56.3383,0.2389,-0.1063,-56.8541,-2.2657,0.0334
38.08,-56.398,0.2453,-0.1077,-56.9113,-2.2596,0.0343
38.12,-56.4576,0.2517,-0.1091,-56.9685,-2.2535,0.0353
38.16,-56.5173,0.2583,-0.1105,-57.0256,-2.2472,0.0363
38.2,-56.5769,0.2649,-0.1119,-57.0827,-2.2408,0.0373
38.24,-56.6365,0.2716,-0.1133,-57.1398,-2.2344,0.0383
38.28,-56.6961,0.2784,-0.1147,-57.1967,-2.2279,0.0394
38.32,-56.7557,0.2852,-0.1161,-57.2537,-2.2213,0.0404
38.36,-56.8153,0.2922,-0.1175,-57.3105,-2.2147,0.0415
38.4,-56.8749,0.2992,-0.1189,-57.3674,-2.2079,0.0426
38.44,-56.9345,0.3063,-0.1203,-57.4241,-2.2011,0.0437
38.48,-56.9941,0.3135,-0.1217,-57.4808,-2.1942,0.0448
38.52,-57.0536,0.3208,-0.1231,-57.5375,-2.1872,0.046
38.56,-57.1132,0.3282,-0.1245,-57.5941,-2.1802,0.0471
38.6,-57.1727,0.3356,-0.1259,-57.6507,-2.173,0.0483
38.64,-57.2322,0.3432,-0.1273,-57.7072,-2.1658,0.0495
38.68,-57.2917,0.3508,-0.1287,-57.7636,-2.1585,0.0507
38.72,-57.3513,0.3585,-0.1301,-57.82,-2.1511,0.0519
38.76,-57.4107,0.3663,-0.1315,-57.8763,-2.1437,0.0532
38.8,-57.4702,0.3741,-0.1329,-57.9326,-2.1361,0.0544
38.84,-57.5297,0.3821,-0.1343,-57.9888,-2.1285,0.0557
38.88,-57.5892,0.3901,-0.1357,-58.045,-2.1208,0.057
38.92,-57.6486,0.3982,-0.1371,-58.1011,-2.113,0.0583
38.96,-57.708,0.4064,-0.1385,-58.1571,-2.1052,0.0597
39.0,-57.7675,0.4147,-0.1399,-58.2131,-2.0972,0.061
39.04,-57.8269,0.4231,-0.1413,-58.269,-2.0892,0.0624
39.08,-57.8863,0.4315,-0.1427,-58.3249,-2.0811,0.0638
39.12,-57.9457,0.44,-0.144,-58.3807,-2.0729,0.0652
39.16,-58.0051,0.4486,-0.1454,-58.4365,-2.0646,0.0666
39.2,-58.0644,0.4573,-0.1468,-58.4921,-2.0562,0.0681
39.24,-58.1238,0.4661,-0.1482,-58.5478,-2.0478,0.0695
39.28,-58.1831,0.475,-0.1496,-58.6033,-2.0393,0.071
39.32,-58.2424,0.4839,-0.151,-58.6588,-2.0307,0.0725
39.36,-58.3018,0.493,-0.1524,-58.7143,-2.022,0.0741
39.4,-58.3611,0.5021,-0.1538,-58.7697,-2.0132,0.0756
39.44,-58.4204,0.5113,-0.1552,-58.825,-2.0044,0.0772
39.48,-58.4796,0.5205,-0.1566,-58.8802,-1.9954,0.0787
39.52,-58.5389,0.5299,-0.158,-58.9354,-1.9864,0.0803
39.56,-58.5982,0.5393,-0.1594,-58.9905,-1.9773,0.082
39.6,-58.6574,0.5489,-0.1608,-59.0456,-1.9681,0.0836
39.64,-58.7166,0.5585,-0.1622,-59.1006,-1.9589,0.0853
39.68,-58.7758,0.5682,-0.1636,-59.1555,-1.9495,0.087
39.72,-58.835,0.5779,-0.165,-59.2104,-1.9401,0.0887
39.76,-58.8942,0.5878,-0.1664,-59.2651,-1.9306,0.0904
39.8,-58.9534,0.5977,-0.1678,-59.3199,-1.921,0.0921
39.84,-59.0125,0.6078,-0.1692,-59.3745,-1.9113,0.0939
39.88,-59.0717,0.6179,-0.1706,-59.4291,-1.9015,0.0957
39.92,-59.1308,0.6281,-0.172,-59.4836,-1.8916,0.0975
39.96,-59.1899,0.6383,-0.1734,-59.5381,-1.8817,0.0993
40.0,-59.249,0.6487,-0.1748,-59.5925,-1.8716,0.1012
40.04,-59.3081,0.6591,-0.1762,-59.6468,-1.8615,0.103
40.08,-59.3672,0.6696,-0.1776,-59.701,-1.8513,0.1049
40.12,-59.4262,0.6802,-0.179,-59.7552,-1.841,0.1068
40.16,-59.4853,0.6909,-0.1804,-59.8093,-1.8306,0.1088
40.2,-59.5443,0.7017,-0.1818,-59.8633,-1.8202,0.1107
40.24,-59.6033,0.7125,-0.1832,-59.9173,-1.8096,0.1127
40.28,-59.6623,0.7235,-0.1846,-59.9712,-1.799,0.1147
40.32,-59.7213,0.7345,-0.186,-60.025,-1.7883,0.1167
40.36,-59.7803,0.7456,-0.1874,-60.0787,-1.7774,0.1188
40.4,-59.8392,0.7568,-0.1888,-60.1324,-1.7665,0.1209
40.44,-59.8981,0.768,-0.1902,-60.186,-1.7555,0.1229
40.48,-59.9571,0.7794,-0.1916,-60.2395,-1.7444,0.1251
40.52,-60.016,0.7908,-0.193,-60.2929,-1.7333,0.1272
40.56,-60.0749,0.8023,-0.1944,-60.3463,-1.722,0.1294
40.6,-60.1337,0.8139,-0.1958,-60.3996,-1.7107,0.1315
40.64,-60.1926,0.8256,-0.1972,-60.4528,-1.6992,0.1337
40.68,-60.2514,0.8373,-0.1986,-60.5059,-1.6877,0.136
40.72,-60.3102,0.8491,-0.2,-60.559,-1.676,0.1382
40.76,-60.369,0.8611,-0.2014,-60.612,-1.6643,0.1405
40.8,-60.4278,0.8731,-0.2028,-60.6649,-1.6525,0.1428
40.84,-60.4866,0.8851,-0.2042,-60.7177,-1.6406,0.1451
40.88,-60.5454,0.8973,-0.2056,-60.7705,-1.6286,0.1475
40.92,-60.6041,0.9096,-0.207,-60.8231,-1.6165,0.1499
40.96,-60.6628,0.9219,-0.2084,-60.8757,-1.6043,0.1522
41.0,-60.7215,0.9343,-0.2098,-60.9282,-1.5921,0.1547
41.04,-60.7802,0.9468,-0.2112,-60.9807,-1.5797,0.1571
41.08,-60.8389,0.9594,-0.2126,-61.033,-1.5672,0.1596
41.12,-60.8975,0.972,-0.214,-61.0853,-1.5546,0.1621
41.16,-60.9561,0.9848,-0.2154,-61.1375,-1.542,0.1646
41.2,-61.0148,0.9976,-0.2168,-61.1896,-1.5292,0.1671
41.24,-61.0734,1.0105,-0.2182,-61.2416,-1.5164,0.1697
41.28,-61.1319,1.0235,-0.2196,-61.2935,-1.5034,0.1723
41.32,-61.1905,1.0366,-0.221,-61.3454,-1.4904,0.1749
41.36,-61.249,1.0497,-0.2224,-61.3971,-1.4772,0.1776
41.4,-61.3076,1.0629,-0.2238,-61.4488,-1.464,0.1802
41.44,-61.3661,1.0763,-0.2252,-61.5004,-1.4507,0.1829
41.48,-61.4245,1.0897,-0.2266,-61.552,-1.4372,0.1856
41.52,-61.483,1.1031,-0.228,-61.6034,-1.4237,0.1884
41.56,-61.5415,1.1167,-0.2294,-61.6547,-1.41,0.1912
41.6,-61.5999,1.1303,-0.2308,-61.706,-1.3963,0.194
41.64,-61.6583,1.1441,-0.2322,-61.7572,-1.3824,0.1968
41.68,-61.7167,1.1579,-0.2336,-61.8083,-1.3685,0.1996
41.72,-61.7751,1.1717,-0.235,-61.8593,-1.3544,0.2025
41.76,-61.8334,1.1857,-0.2364,-61.9102,-1.3403,0.2054
41.8,-61.8917,1.1998,-0.2378,-61.961,-1.326,0.2083
41.84,-61.9501,1.2139,-0.2391,-62.0118,-1.3117,0.2113
41.88,-62.0083,1.2281,-0.2405,-62.0624,-1.2972,0.2143
41.92,-62.0666,1.2424,-0.2419,-62.113,-1.2826,0.2173
41.96,-62.1249,1.2568,-0.2433,-62.1635,-1.268,0.2203
42.0,-62.1831,1.2712,-0.2447,-62.2138,-1.2532,0.2234
42.04,-62.2413,1.2858,-0.2461,-62.2641,-1.2383,0.2265
42.08,-62.2995,1.3004,-0.2475,-62.3143,-1.2233,0.2296
42.12,-62.3577,1.3151,-0.2489,-62.3645,-1.2082,0.2328
42.16,-62.4158,1.3299,-0.2503,-62.4145,-1.193,0.2359
42.2,-62.474,1.3447,-0.2517,-62.4644,-1.1776,0.2391
42.24,-62.5321,1.3597,-0.2531,-62.5143,-1.1622,0.2424
42.28,-62.5902,1.3747,-0.2545,-62.564,-1.1467,0.2456
42.32,-62.6482,1.3898,-0.2559,-62.6137,-1.131,0.2489
42.36,-62.7063,1.405,-0.2573,-62.6633,-1.1152,0.2522
42.4,-62.7643,1.4203,-0.2587,-62.7128,-1.0993,0.2556
42.44,-62.8223,1.4356,-0.2601,-62.7622,-1.0833,0.2589
42.48,-62.8803,1.4511,-0.2615,-62.8115,-1.0672,0.2623
42.52,-62.9382,1.4666,-0.2629,-62.8607,-1.051,0.2657
42.56,-62.9962,1.4822,-0.2643,-62.9098,-1.0346,0.2692
42.6,-63.0541,1.4978,-0.2657,-62.9588,-1.0182,0.2727
42.64,-63.112,1.5136,-0.2671,-63.0077,-1.0016,0.2762
42.68,-63.1699,1.5294,-0.2685,-63.0566,-0.9849,0.2797
42.72,-63.2277,1.5454,-0.2699,-63.1053,-0.9681,0.2833
42.76,-63.2855,1.5614,-0.2713,-63.154,-0.9511,0.2869
42.8,-63.3433,1.5774,-0.2727,-63.2025,-0.9341,0.2905
42.84,-63.4011,1.5936,-0.2741,-63.251,-0.9169,0.2942
42.88,-63.4589,1.6098,-0.2755,-63.2994,-0.8996,0.2979
42.92,-63.5166,1.6262,-0.2769,-63.3476,-0.8822,0.3016
42.96,-63.5743,1.6426,-0.2783,-63.3958,-0.8646,0.3053
43.0,-63.632,1.659,-0.2797,-63.4439,-0.847,0.3091
43.04,-63.6897,1.6756,-0.2811,-63.4919,-0.8292,0.3129
43.08,-63.7473,1.6923,-0.2825,-63.5398,-0.8112,0.3167
43.12,-63.805,1.709,-0.2839,-63.5876,-0.7932,0.3206
43.16,-63.8626,1.7258,-0.2853,-63.6353,-0.775,0.3245
43.2,-63.9201,1.7427,-0.2867,-63.683,-0.7567,0.3284
43.24,-63.9777,1.7596,-0.2881,-63.7305,-0.7383,0.3324
43.28,-64.0352,1.7767,-0.2895,-63.7779,-0.7197,0.3363
43.32,-64.0927,1.7938,-0.2909,-63.8253,-0.701,0.3404
43.36,-64.1502,1.811,-0.2923,-63.8725,-0.6822,0.3444
43.4,-64.2076,1.8283,-0.2937,-63.9197,-0.6632,0.3485
43.44,-64.2651,1.8457,-0.2951,-63.9667,-0.6441,0.3526
43.48,-64.3225,1.8631,-0.2965,-64.0137,-0.6249,0.3567
43.52,-64.3799,1.8807,-0.2979,-64.0606,-0.6055,0.3609
43.56,-64.4372,1.8983,-0.2993,-64.1073,-0.586,0.3651
43.6,-64.4946,1.916,-0.3007,-64.154,-0.5664,0.3693
43.64,-64.5519,1.9337,-0.3021,-64.2006,-0.5466,0.3735
43.68,-64.6091,1.9516,-0.3035,-64.2471,-0.5267,0.3778
43.72,-64.6664,1.9695,-0.3049,-64.2935,-0.5066,0.3821
43.76,-64.7236,1.9875,-0.3063,-64.3398,-0.4864,0.3865
43.8,-64.7808,2.0056,-0.3077,-64.3861,-0.4661,0.3908
43.84,-64.838,2.0238,-0.3091,-64.4322,-0.4456,0.3952
43.88,-64.8952,2.042,-0.3105,-64.4782,-0.4249,0.3997
43.92,-64.9523,2.0604,-0.3119,-64.5242,-0.4042,0.4041
43.96,-65.0094,2.0788,-0.3133,-64.5701,-0.3833,0.4086
44.0,-65.0665,2.0973,-0.3147,-64.6158,-0.3622,0.4131
44.04,-65.1236,2.1158,-0.3161,-64.6615,-0.341,0.4177
44.08,-65.1806,2.1345,-0.3175,-64.7071,-0.3196,0.4223
44.12,-65.2376,2.1532,-0.3189,-64.7526,-0.2981,0.4269
44.16,-65.2946,2.172,-0.3203,-64.798,-0.2764,0.4315
44.2,-65.3515,2.1909,-0.3217,-64.8433,-0.2546,0.4362
44.24,-65.4084,2.2099,-0.3231,-64.8886,-0.2327,0.4409
44.28,-65.4653,2.2289,-0.3245,-64.9337,-0.2105,0.4456
44.32,-65.5222,2.2481,-0.3259,-64.9788,-0.1883,0.4504
44.36,-65.579,2.2673,-0.3273,-65.0237,-0.1658,0.4552
44.4,-65.6359,2.2866,-0.3287,-65.0686,-0.1433,0.46
44.44,-65.6926,2.3059,-0.3301,-65.1134,-0.1205,0.4649
44.48,-65.7494,2.3254,-0.3315,-65.1581,-0.0976,0.4698
44.52,-65.8061,2.3449,-0.3329,-65.2028,-0.0746,0.4747
44.56,-65.8628,2.3645,-0.3343,-65.2473,-0.0513,0.4796
44.6,-65.9195,2.3842,-0.3356,-65.2918,-0.028,0.4846
44.64,-65.9762,2.4039,-0.337,-65.3361,-0.0044,0.4896
44.68,-66.0328,2.4238,-0.3384,-65.3804,0.0193,0.4946
44.72,-66.0894,2.4437,-0.3398,-65.4247,0.0431,0.4997
44.76,-66.146,2.4637,-0.3412,-65.4688,0.0672,0.5048
44.8,-66.2025,2.4838,-0.3426,-65.5129,0.0914,0.5099
44.84,-66.259,2.504,-0.344,-65.5568,0.1157,0.5151
44.88,-66.3155,2.5242,-0.3454,-65.6007,0.1403,0.5202
44.92,-66.372,2.5445,-0.3468,-65.6446,0.1649,0.5254
44.96,-66.4284,2.5649,-0.3482,-65.6883,0.1898,0.5307
45.0,-66.4848,2.5854,-0.3496,-65.732,0.2148,0.536
45.04,-66.5412,2.6059,-0.351,-65.7756,0.24,0.5412
45.08,-66.5975,2.6266,-0.3524,-65.8191,0.2654,0.5466
45.12,-66.6538,2.6473,-0.3538,-65.8625,0.291,0.5519
45.16,-66.7101,2.6681,-0.3552,-65.9059,0.3167,0.5573
45.2,-66.7663,2.6889,-0.3566,-65.9492,0.3426,0.5627
45.24,-66.8226,2.7099,-0.358,-65.9925,0.3686,0.5682
45.28,-66.8788,2.7309,-0.3594,-66.0356,0.3949,0.5736
45.32,-66.9349,2.752,-0.3608,-66.0787,0.4213,0.5791
45.36,-66.9911,2.7732,-0.3622,-66.1218,0.4479,0.5846
45.4,-67.0472,2.7944,-0.3636,-66.1647,0.4747,0.5902
45.44,-67.1033,2.8158,-0.365,-66.2076,0.5016,0.5958
45.48,-67.1593,2.8372,-0.3664,-66.2505,0.5288,0.6014
45.52,-67.2153,2.8587,-0.3678,-66.2933,0.5561,0.607
45.56,-67.2713,2.8803,-0.3692,-66.336,0.5836,0.6127
45.6,-67.3273,2.9019,-0.3706,-66.3786,0.6112,0.6184
45.64,-67.3832,2.9237,-0.372,-66.4212,0.6391,0.6241
45.68,-67.4391,2.9455,-0.3734,-66.4638,0.6671,0.6298
45.72,-67.4949,2.9674,-0.3748,-66.5062,0.6953,0.6356
45.76,-67.5508,2.9893,-0.3762,-66.5487,0.7237,0.6414
45.8,-67.6066,3.0114,-0.3776,-66.591,0.7523,0.6472
45.84,-67.6624,3.0335,-0.379,-66.6334,0.7811,0.653
45.88,-67.7181,3.0557,-0.3804,-66.6756,0.81,0.6589
45.92,-67.7738,3.078,-0.3818,-66.7179,0.8392,0.6648
45.96,-67.8295,3.1003,-0.3832,-66.76,0.8685,0.6707
46.0,-67.8851,3.1228,-0.3846,-66.8022,0.898,0.6767
46.04,-67.9408,3.1453,-0.386,-66.8442,0.9277,0.6826
46.08,-67.9963,3.1679,-0.3874,-66.8863,0.9576,0.6886
46.12,-68.0519,3.1905,-0.3888,-66.9283,0.9877,0.6947
46.16,-68.1074,3.2133,-0.3902,-66.9702,1.0179,0.7007
46.2,-68.1629,3.2361,-0.3916,-67.0121,1.0484,0.7068
46.24,-68.2184,3.259,-0.393,-67.054,1.079,0.7128
46.28,-68.2738,3.282,-0.3944,-67.0959,1.1099,0.719
46.32,-68.3292,3.305,-0.3958,-67.1377,1.1409,0.7251
46.36,-68.3845,3.3282,-0.3972,-67.1794,1.1721,0.7313
46.4,-68.4399,3.3514,-0.3986,-67.2212,1.2035,0.7374
46.44,-68.4952,3.3746,-0.4,-67.2629,1.2351,0.7436
46.48,-68.5504,3.398,-0.4014,-67.3046,1.2668,0.7499
46.52,-68.6057,3.4215,-0.4028,-67.3462,1.2988,0.7561
46.56,-68.6609,3.445,-0.4042,-67.3878,1.331,0.7624
46.6,-68.716,3.4686,-0.4056,-67.4294,1.3633,0.7687
46.64,-68.7712,3.4922,-0.407,-67.471,1.3959,0.775
46.68,-68.8263,3.516,-0.4084,-67.5126,1.4286,0.7813
46.72,-68.8813,3.5398,-0.4098,-67.5541,1.4615,0.7876
46.76,-68.9364,3.5637,-0.4112,-67.5956,1.4946,0.794
46.8,-68.9914,3.5877,-0.4126,-67.6371,1.5279,0.8004
46.84,-69.0463,3.6118,-0.414,-67.6786,1.5614,0.8068
46.88,-69.1013,3.6359,-0.4154,-67.7201,1.5951,0.8132
46.92,-69.1562,3.6601,-0.4168,-67.7616,1.6289,0.8196
46.96,-69.211,3.6844,-0.4182,-67.803,1.663,0.8261
47.0,-69.2659,3.7088,-0.4196,-67.8445,1.6972,0.8326
47.04,-69.3206,3.7332,-0.421,-67.8859,1.7317,0.8391
47.08,-69.3754,3.7577,-0.4224,-67.9274,1.7663,0.8456
47.12,-69.4301,3.7823,-0.4238,-67.9688,1.8011,0.8521
47.16,-69.4848,3.807,-0.4252,-68.0103,1.8361,0.8586
47.2,-69.5395,3.8317,-0.4266,-68.0517,1.8713,0.8652
47.24,-69.5941,3.8566,-0.428,-68.0932,1.9066,0.8718
47.28,-69.6487,3.8815,-0.4294,-68.1346,1.9422,0.8784
47.32,-69.7033,3.9064,-0.4307,-68.1761,1.9779,0.885
47.36,-69.7578,3.9315,-0.4321,-68.2175,2.0139,0.8916
47.4,-69.8123,3.9566,-0.4335,-68.259,2.05,0.8982
47.44,-69.8667,3.9818,-0.4349,-68.3005,2.0863,0.9048
47.48,-69.9211,4.0071,-0.4363,-68.342,2.1227,0.9115
47.52,-69.9755,4.0325,-0.4377,-68.3835,2.1594,0.9182
47.56,-70.0298,4.0579,-0.4391,-68.425,2.1962,0.9248
47.6,-70.0842,4.0834,-0.4405,-68.4666,2.2333,0.9315
47.64,-70.1384,4.109,-0.4419,-68.5081,2.2705,0.9382
47.68,-70.1927,4.1347,-0.4433,-68.5497,2.3078,0.9449
47.72,-70.2469,4.1604,-0.4447,-68.5913,2.3454,0.9517
47.76,-70.301,4.1862,-0.4461,-68.633,2.3831,0.9584
47.8,-70.3551,4.2121,-0.4475,-68.6746,2.421,0.9651
47.84,-70.4092,4.2381,-0.4489,-68.7163,2.4591,0.9719
47.88,-70.4633,4.2641,-0.4503,-68.7581,2.4974,0.9786
47.92,-70.5173,4.2902,-0.4517,-68.7998,2.5358,0.9854
47.96,-70.5713,4.3164,-0.4531,-68.8416,2.5744,0.9922
48.0,-70.6252,4.3427,-0.4545,-68.8834,2.6132,0.999
48.04,-70.6791,4.369,-0.4559,-68.9253,2.6521,1.0057
48.08,-70.733,4.3954,-0.4573,-68.9672,2.6912,1.0125
48.12,-70.7869,4.4219,-0.4587,-69.0091,2.7305,1.0193
48.16,-70.8407,4.4485,-0.4601,-69.051,2.7699,1.0261
48.2,-70.8944,4.4751,-0.4615,-69.0931,2.8095,1.033
48.24,-70.9481,4.5019,-0.4629,-69.1351,2.8493,1.0398
48.28,-71.0018,4.5286,-0.4643,-69.1772,2.8892,1.0466
48.32,-71.0555,4.5555,-0.4657,-69.2193,2.9293,1.0534
48.36,-71.1091,4.5825,-0.4671,-69.2615,2.9696,1.0602
48.4,-71.1626,4.6095,-0.4685,-69.3038,3.01,1.0671
48.44,-71.2162,4.6366,-0.4699,-69.3461,3.0505,1.0739
48.48,-71.2697,4.6637,-0.4713,-69.3884,3.0912,1.0807
48.52,-71.3231,4.691,-0.4727,-69.4308,3.1321,1.0875
48.56,-71.3766,4.7183,-0.4741,-69.4732,3.1731,1.0944
48.6,-71.4299,4.7457,-0.4755,-69.5157,3.2143,1.1012
48.64,-71.4833,4.7732,-0.4769,-69.5583,3.2556,1.108
48.68,-71.5366,4.8007,-0.4783,-69.6009,3.2971,1.1149
48.72,-71.5899,4.8283,-0.4797,-69.6435,3.3387,1.1217
48.76,-71.6431,4.856,-0.4811,-69.6863,3.3804,1.1285
48.8,-71.6963,4.8838,-0.4825,-69.729,3.4223,1.1354
48.84,-71.7494,4.9116,-0.4839,-69.7719,3.4643,1.1422
48.88,-71.8025,4.9395,-0.4853,-69.8148,3.5065,1.149
48.92,-71.8556,4.9675,-0.4867,-69.8578,3.5488,1.1558
48.96,-71.9086,4.9956,-0.4881,-69.9008,3.5913,1.1626
49.0,-71.9616,5.0237,-0.4895,-69.9439,3.6338,1.1695
49.04,-72.0146,5.0519,-0.4909,-69.987,3.6765,1.1763
49.08,-72.0675,5.0802,-0.4923,-70.0303,3.7194,1.1831
49.12,-72.1204,5.1086,-0.4937,-70.0735,3.7623,1.1899
49.16,-72.1732,5.137,-0.4951,-70.1169,3.8054,1.1966
49.2,-72.226,5.1655,-0.4965,-70.1603,3.8486,1.2034
49.24,-72.2788,5.1941,-0.4979,-70.2038,3.8919,1.2102
49.28,-72.3315,5.2227,-0.4993,-70.2474,3.9354,1.217
49.32,-72.3842,5.2515,-0.5007,-70.291,3.9789,1.2237
49.36,-72.4368,5.2803,-0.5021,-70.3347,4.0226,1.2305
49.4,-72.4894,5.3091,-0.5035,-70.3785,4.0664,1.2372
49.44,-72.5419,5.3381,-0.5049,-70.4223,4.1103,1.244
49.48,-72.5945,5.3671,-0.5063,-70.4663,4.1543,1.2507
49.52,-72.6469,5.3962,-0.5077,-70.5102,4.1984,1.2574
49.56,-72.6994,5.4254,-0.5091,-70.5543,4.2426,1.2641
49.6,-72.7518,5.4546,-0.5105,-70.5984,4.287,1.2708
49.64,-72.8041,5.4839,-0.5119,-70.6426,4.3314,1.2775
49.68,-72.8564,5.5133,-0.5133,-70.6869,4.3759,1.2841
49.72,-72.9087,5.5428,-0.5147,-70.7313,4.4206,1.2908
49.76,-72.9609,5.5723,-0.5161,-70.7757,4.4653,1.2974
49.8,-73.0131,5.6019,-0.5175,-70.8202,4.5101,1.3041
49.84,-73.0652,5.6316,-0.5189,-70.8648,4.555,1.3107
49.88,-73.1173,5.6614,-0.5203,-70.9094,4.6,1.3173
49.92,-73.1694,5.6912,-0.5217,-70.9542,4.6451,1.3239
49.96,-73.2214,5.7211,-0.5231,-70.9989,4.6903,1.3304
50.0,-73.2734,5.7511,-0.5245,-71.0438,4.7356,1.337
50.04,-73.3253,5.7811,-0.5258,-71.0888,4.7809,1.3435
50.08,-73.3772,5.8112,-0.5272,-71.1338,4.8263,1.3501
50.12,-73.4291,5.8414,-0.5286,-71.1789,4.8718,1.3566
50.16,-73.4809,5.8717,-0.53,-71.224,4.9174,1.3631
50.2,-73.5327,5.902,-0.5314,-71.2693,4.9631,1.3696
50.24,-73.5844,5.9324,-0.5328,-71.3146,5.0088,1.376
50.28,-73.6361,5.9629,-0.5342,-71.36,5.0546,1.3825
50.32,-73.6877,5.9934,-0.5356,-71.4054,5.1005,1.3889
50.36,-73.7393,6.0241,-0.537,-71.4509,5.1464,1.3953
50.4,-73.7909,6.0548,-0.5384,-71.4965,5.1924,1.4017
50.44,-73.8424,6.0855,-0.5398,-71.5422,5.2385,1.4081
50.48,-73.8938,6.1164,-0.5412,-71.5879,5.2846,1.4144
50.52,-73.9453,6.1473,-0.5426,-71.6337,5.3308,1.4207
50.56,-73.9966,6.1783,-0.544,-71.6796,5.377,1.427
50.6,-74.048,6.2093,-0.5454,-71.7256,5.4233,1.4333
50.64,-74.0993,6.2404,-0.5468,-71.7716,5.4697,1.4396
50.68,-74.1505,6.2716,-0.5482,-71.8177,5.5161,1.4458
50.72,-74.2017,6.3029,-0.5496,-71.8638,5.5625,1.4521
50.76,-74.2529,6.3343,-0.551,-71.91,5.6091,1.4583
50.8,-74.304,6.3657,-0.5524,-71.9563,5.6556,1.4645
50.84,-74.3551,6.3971,-0.5538,-72.0027,5.7022,1.4706
50.88,-74.4061,6.4287,-0.5552,-72.0491,5.7489,1.4768
50.92,-74.4571,6.4603,-0.5566,-72.0956,5.7956,1.4829
50.96,-74.5081,6.492,-0.558,-72.1421,5.8423,1.489
51.0,-74.559,6.5238,-0.5594,-72.1887,5.8891,1.495
51.04,-74.6098,6.5556,-0.5608,-72.2354,5.9359,1.5011
51.08,-74.6606,6.5876,-0.5622,-72.2821,5.9827,1.5071
51.12,-74.7114,6.6195,-0.5636,-72.3289,6.0296,1.5131
51.16,-74.7621,6.6516,-0.565,-72.3758,6.0765,1.5191
51.2,-74.8128,6.6837,-0.5664,-72.4227,6.1235,1.525
51.24,-74.8634,6.7159,-0.5678,-72.4696,6.1705,1.5309
51.28,-74.914,6.7482,-0.5692,-72.5166,6.2175,1.5368
51.32,-74.9645,6.7805,-0.5706,-72.5637,6.2645,1.5427
51.36,-75.015,6.8129,-0.572,-72.6108,6.3116,1.5486
51.4,-75.0655,6.8454,-0.5734,-72.658,6.3587,1.5544
51.44,-75.1159,6.878,-0.5748,-72.7053,6.4058,1.5602
51.48,-75.1662,6.9106,-0.5762,-72.7525,6.4529,1.5659
51.52,-75.2165,6.9433,-0.5776,-72.7999,6.5001,1.5717
51.56,-75.2668,6.976,-0.579,-72.8473,6.5473,1.5774
51.6,-75.317,7.0089,-0.5804,-72.8947,6.5945,1.5831
51.64,-75.3672,7.0418,-0.5818,-72.9422,6.6417,1.5887
51.68,-75.4173,7.0747,-0.5832,-72.9897,6.6889,1.5944
51.72,-75.4674,7.1078,-0.5846,-73.0373,6.7361,1.6
51.76,-75.5175,7.1409,-0.586,-73.0849,6.7834,1.6056
51.8,-75.5674,7.1741,-0.5874,-73.1326,6.8307,1.6111
51.84,-75.6174,7.2073,-0.5888,-73.1803,6.878,1.6166
51.88,-75.6673,7.2406,-0.5902,-73.228,6.9253,1.6221
51.92,-75.7171,7.274,-0.5916,-73.2758,6.9726,1.6276
51.96,-75.7669,7.3075,-0.593,-73.3236,7.0199,1.6331
52.0,-75.8167,7.341,-0.5944,-73.3715,7.0672,1.6385
52.04,-75.8664,7.3746,-0.5958,-73.4194,7.1145,1.6438
52.08,-75.9161,7.4083,-0.5972,-73.4673,7.1619,1.6492
52.12,-75.9657,7.442,-0.5986,-73.5152,7.2092,1.6545
52.16,-76.0153,7.4758,-0.6,-73.5632,7.2566,1.6598
52.2,-76.0648,7.5097,-0.6014,-73.6113,7.3039,1.6651
52.24,-76.1143,7.5437,-0.6028,-73.6593,7.3513,1.6703
52.28,-76.1637,7.5777,-0.6042,-73.7074,7.3986,1.6755
52.32,-76.2131,7.6118,-0.6056,-73.7555,7.446,1.6807
52.36,-76.2624,7.6459,-0.607,-73.8036,7.4933,1.6859
52.4,-76.3117,7.6801,-0.6084,-73.8518,7.5407,1.691
52.44,-76.3609,7.7144,-0.6098,-73.9,7.588,1.6961
52.48,-76.4101,7.7488,-0.6112,-73.9482,7.6354,1.7012
52.52,-76.4592,7.7832,-0.6126,-73.9964,7.6827,1.7062
52.56,-76.5083,7.8177,-0.614,-74.0447,7.7301,1.7112
52.6,-76.5574,7.8523,-0.6154,-74.093,7.7774,1.7162
52.64,-76.6064,7.8869,-0.6168,-74.1413,7.8247,1.7211
52.68,-76.6553,7.9216,-0.6182,-74.1896,7.8721,1.726
52.72,-76.7042,7.9564,-0.6196,-74.2379,7.9194,1.7309
52.76,-76.753,7.9912,-0.621,-74.2862,7.9667,1.7358
52.8,-76.8018,8.0261,-0.6223,-74.3346,8.014,1.7406
52.84,-76.8506,8.0611,-0.6237,-74.3829,8.0613,1.7454
52.88,-76.8993,8.0962,-0.6251,-74.4313,8.1086,1.7501
52.92,-76.948,8.1313,-0.6265,-74.4797,8.1559,1.7549
52.96,-76.9966,8.1665,-0.6279,-74.5281,8.2032,1.7596
53.0,-77.0451,8.2017,-0.6293,-74.5765,8.2505,1.7642
53.04,-77.0936,8.237,-0.6307,-74.6249,8.2977,1.7689
53.08,-77.1421,8.2724,-0.6321,-74.6733,8.345,1.7735
53.12,-77.1905,8.3079,-0.6335,-74.7217,8.3922,1.7781
53.16,-77.2388,8.3434,-0.6349,-74.7701,8.4394,1.7826
53.2,-77.2871,8.379,-0.6363,-74.8185,8.4867,1.7871
53.24,-77.3354,8.4146,-0.6377,-74.8669,8.5339,1.7916
53.28,-77.3836,8.4503,-0.6391,-74.9153,8.5811,1.7961
53.32,-77.4318,8.4861,-0.6405,-74.9638,8.6283,1.8005
53.36,-77.4799,8.522,-0.6419,-75.0122,8.6754,1.8049
53.4,-77.5279,8.5579,-0.6433,-75.0606,8.7226,1.8093
53.44,-77.5759,8.5939,-0.6447,-75.109,8.7697,1.8136
53.48,-77.6239,8.63,-0.6461,-75.1574,8.8169,1.8179
53.52,-77.6718,8.6661,-0.6475,-75.2058,8.864,1.8222
53.56,-77.7196,8.7023,-0.6489,-75.2541,8.9111,1.8264
53.6,-77.7675,8.7385,-0.6503,-75.3025,8.9582,1.8307
53.64,-77.8152,8.7749,-0.6517,-75.3509,9.0053,1.8348
53.68,-77.8629,8.8113,-0.6531,-75.3992,9.0524,1.839
53.72,-77.9106,8.8477,-0.6545,-75.4475,9.0994,1.8431
53.76,-77.9582,8.8842,-0.6559,-75.4959,9.1465,1.8472
53.8,-78.0057,8.9208,-0.6573,-75.5442,9.1935,1.8513
53.84,-78.0532,8.9575,-0.6587,-75.5924,9.2405,1.8553
53.88,-78.1007,8.9942,-0.6601,-75.6407,9.2875,1.8593
53.92,-78.148,9.031,-0.6615,-75.689,9.3345,1.8633
53.96,-78.1954,9.0679,-0.6629,-75.7372,9.3815,1.8672
54.0,-78.2427,9.1048,-0.6643,-75.7854,9.4285,1.8711
54.04,-78.2899,9.1418,-0.6657,-75.8336,9.4754,1.875
54.08,-78.3371,9.1788,-0.6671,-75.8818,9.5224,1.8789
54.12,-78.3843,9.216,-0.6685,-75.9299,9.5693,1.8827
54.16,-78.4313,9.2532,-0.6699,-75.978,9.6162,1.8865
54.2,-78.4784,9.2904,-0.6713,-76.0261,9.6631,1.8903
54.24,-78.5254,9.3277,-0.6727,-76.0742,9.71,1.894
54.28,-78.5723,9.3651,-0.6741,-76.1223,9.7568,1.8977
54.32,-78.6192,9.4026,-0.6755,-76.1703,9.8037,1.9014
54.36,-78.666,9.4401,-0.6769,-76.2183,9.8505,1.905
54.4,-78.7128,9.4777,-0.6783,-76.2662,9.8974,1.9087
54.44,-78.7595,9.5153,-0.6797,-76.3141,9.9442,1.9123
54.48,-78.8061,9.553,-0.6811,-76.362,9.991,1.9158
54.52,-78.8528,9.5908,-0.6825,-76.4099,10.0378,1.9193
54.56,-78.8993,9.6287,-0.6839,-76.4577,10.0846,1.9229
54.6,-78.9458,9.6666,-0.6853,-76.5055,10.1313,1.9263
54.64,-78.9923,9.7045,-0.6867,-76.5533,10.1781,1.9298
54.68,-79.0387,9.7426,-0.6881,-76.601,10.2248,1.9332
54.72,-79.085,9.7807,-0.6895,-76.6487,10.2716,1.9366
54.76,-79.1313,9.8188,-0.6909,-76.6964,10.3183,1.9399
54.8,-79.1776,9.8571,-0.6923,-76.744,10.365,1.9433
54.84,-79.2237,9.8954,-0.6937,-76.7916,10.4117,1.9466
54.88,-79.2699,9.9337,-0.6951,-76.8391,10.4584,1.9499
54.92,-79.316,9.9722,-0.6965,-76.8866,10.5051,1.9531
54.96,-79.362,10.0107,-0.6979,-76.9341,10.5517,1.9563
55.0,-79.408,10.0492,-0.6993,-76.9815,10.5984,1.9595
55.04,-79.4539,10.0878,-0.7007,-77.0289,10.645,1.9627
55.08,-79.4997,10.1265,-0.7021,-77.0762,10.6916,1.9658
55.12,-79.5456,10.1653,-0.7035,-77.1235,10.7383,1.9689
55.16,-79.5913,10.2041,-0.7049,-77.1707,10.7849,1.972
55.2,-79.637,10.2429,-0.7063,-77.2179,10.8315,1.9751
55.24,-79.6827,10.2819,-0.7077,-77.2651,10.8781,1.9781
55.28,-79.7283,10.3209,-0.7091,-77.3122,10.9247,1.9811
55.32,-79.7738,10.36,-0.7105,-77.3593,10.9712,1.9841
55.36,-79.8193,10.3991,-0.7119,-77.4063,11.0178,1.987
55.4,-79.8647,10.4383,-0.7133,-77.4532,11.0644,1.9899
55.44,-79.9101,10.4775,-0.7147,-77.5001,11.1109,1.9928
55.48,-79.9554,10.5169,-0.7161,-77.547,11.1575,1.9957
55.52,-80.0007,10.5562,-0.7174,-77.5938,11.204,1.9985
55.56,-80.0459,10.5957,-0.7188,-77.6406,11.2506,2.0013
55.6,-80.091,10.6352,-0.7202,-77.6873,11.2971,2.0041
55.64,-80.1361,10.6748,-0.7216,-77.734,11.3436,2.0069
55.68,-80.1812,10.7144,-0.723,-77.7806,11.3901,2.0096
55.72,-80.2262,10.7541,-0.7244,-77.8271,11.4366,2.0123
55.76,-80.2711,10.7939,-0.7258,-77.8736,11.4831,2.015
55.8,-80.316,10.8337,-0.7272,-77.9201,11.5296,2.0177
55.84,-80.3608,10.8736,-0.7286,-77.9665,11.5761,2.0203
55.88,-80.4055,10.9135,-0.73,-78.0128,11.6226,2.0229
55.92,-80.4503,10.9536,-0.7314,-78.0591,11.6691,2.0255
55.96,-80.4949,10.9936,-0.7328,-78.1053,11.7156,2.028
56.0,-80.5395,11.0338,-0.7342,-78.1515,11.762,2.0306
56.04,-80.584,11.074,-0.7356,-78.1976,11.8085,2.0331
56.08,-80.6285,11.1142,-0.737,-78.2436,11.855,2.0355
56.12,-80.673,11.1546,-0.7384,-78.2896,11.9014,2.038
56.16,-80.7173,11.195,-0.7398,-78.3356,11.9479,2.0404
56.2,-80.7616,11.2354,-0.7412,-78.3815,11.9944,2.0428
56.24,-80.8059,11.2759,-0.7426,-78.4273,12.0408,2.0452
56.28,-80.8501,11.3165,-0.744,-78.473,12.0873,2.0476
56.32,-80.8943,11.3571,-0.7454,-78.5187,12.1337,2.0499
56.36,-80.9383,11.3978,-0.7468,-78.5644,12.1802,2.0522
56.4,-80.9824,11.4386,-0.7482,-78.6099,12.2266,2.0545
56.44,-81.0263,11.4794,-0.7496,-78.6555,12.2731,2.0568
56.48,-81.0703,11.5203,-0.751,-78.7009,12.3195,2.059
56.52,-81.1141,11.5612,-0.7524,-78.7463,12.366,2.0612
56.56,-81.1579,11.6022,-0.7538,-78.7916,12.4125,2.0634
56.6,-81.2017,11.6433,-0.7552,-78.8369,12.4589,2.0656
56.64,-81.2454,11.6844,-0.7566,-78.8821,12.5054,2.0677
56.68,-81.289,11.7256,-0.758,-78.9272,12.5518,2.0699
56.72,-81.3326,11.7669,-0.7594,-78.9723,12.5983,2.072
56.76,-81.3761,11.8082,-0.7608,-79.0173,12.6447,2.074
56.8,-81.4195,11.8495,-0.7622,-79.0622,12.6912,2.0761
56.84,-81.4629,11.891,-0.7636,-79.1071,12.7377,2.0781
56.88,-81.5063,11.9325,-0.765,-79.1519,12.7841,2.0801
56.92,-81.5496,11.974,-0.7664,-79.1967,12.8306,2.0821
56.96,-81.5928,12.0156,-0.7678,-79.2414,12.8771,2.0841
57.0,-81.6359,12.0573,-0.7692,-79.286,12.9236,2.086
57.04,-81.6791,12.099,-0.7706,-79.3305,12.9701,2.0879
57.08,-81.7221,12.1408,-0.772,-79.375,13.0166,2.0898
57.12,-81.7651,12.1827,-0.7734,-79.4194,13.063,2.0917
57.16,-81.808,12.2246,-0.7748,-79.4638,13.1095,2.0936
57.2,-81.8509,12.2666,-0.7762,-79.508,13.156,2.0954
57.24,-81.8937,12.3086,-0.7776,-79.5522,13.2026,2.0972
57.28,-81.9365,12.3507,-0.779,-79.5964,13.2491,2.099
57.32,-81.9792,12.3928,-0.7804,-79.6404,13.2956,2.1008
57.36,-82.0218,12.4351,-0.7818,-79.6844,13.3421,2.1025
57.4,-82.0644,12.4773,-0.7832,-79.7284,13.3887,2.1043
57.44,-82.1069,12.5197,-0.7846,-79.7722,13.4352,2.106
57.48,-82.1494,12.5621,-0.786,-79.816,13.4818,2.1077
57.52,-82.1918,12.6045,-0.7874,-79.8598,13.5283,2.1093
57.56,-82.2341,12.647,-0.7888,-79.9034,13.5749,2.111
57.6,-82.2764,12.6896,-0.7902,-79.947,13.6215,2.1126
57.64,-82.3186,12.7322,-0.7916,-79.9905,13.668,2.1142
57.68,-82.3608,12.7749,-0.793,-80.0339,13.7146,2.1158
57.72,-82.4029,12.8176,-0.7944,-80.0773,13.7612,2.1174
57.76,-82.4449,12.8605,-0.7958,-80.1206,13.8078,2.1189
57.8,-82.4869,12.9033,-0.7972,-80.1638,13.8545,2.1204
57.84,-82.5288,12.9462,-0.7986,-80.207,13.9011,2.1219
57.88,-82.5707,12.9892,-0.8,-80.2501,13.9477,2.1234
57.92,-82.6125,13.0323,-0.8014,-80.2931,13.9944,2.1249
57.96,-82.6543,13.0754,-0.8028,-80.336,14.041,2.1264
58.0,-82.6959,13.1185,-0.8042,-80.3789,14.0877,2.1278
58.04,-82.7376,13.1617,-0.8056,-80.4217,14.1344,2.1292
58.08,-82.7791,13.205,-0.807,-80.4644,14.1811,2.1306
58.12,-82.8206,13.2483,-0.8084,-80.507,14.2278,2.132
58.16,-82.8621,13.2917,-0.8098,-80.5496,14.2745,2.1333
58.2,-82.9034,13.3352,-0.8112,-80.5921,14.3212,2.1347
58.24,-82.9448,13.3787,-0.8125,-80.6345,14.368,2.136
58.28,-82.986,13.4222,-0.8139,-80.6769,14.4147,2.1373
58.32,-83.0272,13.4659,-0.8153,-80.7192,14.4615,2.1386
58.36,-83.0684,13.5095,-0.8167,-80.7614,14.5083,2.1398
58.4,-83.1094,13.5533,-0.8181,-80.8035,14.5551,2.1411
58.44,-83.1505,13.5971,-0.8195,-80.8456,14.6019,2.1423
58.48,-83.1914,13.6409,-0.8209,-80.8875,14.6487,2.1435
58.52,-83.2323,13.6848,-0.8223,-80.9294,14.6955,2.1447
58.56,-83.2731,13.7288,-0.8237,-80.9713,14.7424,2.1459
58.6,-83.3139,13.7728,-0.8251,-81.013,14.7892,2.1471
58.64,-83.3546,13.8169,-0.8265,-81.0547,14.8361,2.1482
58.68,-83.3953,13.861,-0.8279,-81.0963,14.883,2.1493
58.72,-83.4358,13.9052,-0.8293,-81.1379,14.9299,2.1504
58.76,-83.4764,13.9495,-0.8307,-81.1793,14.9769,2.1515
58.8,-83.5168,13.9938,-0.8321,-81.2207,15.0238,2.1526
58.84,-83.5572,14.0381,-0.8335,-81.262,15.0707,2.1537
58.88,-83.5976,14.0825,-0.8349,-81.3032,15.1177,2.1547
58.92,-83.6378,14.127,-0.8363,-81.3444,15.1647,2.1557
58.96,-83.678,14.1716,-0.8377,-81.3855,15.2117,2.1567
59.0,-83.7182,14.2161,-0.8391,-81.4265,15.2587,2.1577
59.04,-83.7583,14.2608,-0.8405,-81.4674,15.3058,2.1587
59.08,-83.7983,14.3055,-0.8419,-81.5083,15.3528,2.1597
59.12,-83.8383,14.3502,-0.8433,-81.549,15.3999,2.1606
59.16,-83.8782,14.395,-0.8447,-81.5897,15.447,2.1615
59.2,-83.918,14.4399,-0.8461,-81.6304,15.4941,2.1624
59.24,-83.9578,14.4848,-0.8475,-81.6709,15.5412,2.1633
59.28,-83.9975,14.5298,-0.8489,-81.7114,15.5884,2.1642
59.32,-84.0371,14.5748,-0.8503,-81.7518,15.6355,2.1651
59.36,-84.0767,14.6199,-0.8517,-81.7921,15.6827,2.1659
59.4,-84.1162,14.6651,-0.8531,-81.8323,15.7299,2.1668
59.44,-84.1557,14.7103,-0.8545,-81.8725,15.7771,2.1676
59.48,-84.1951,14.7555,-0.8559,-81.9126,15.8244,2.1684
59.52,-84.2344,14.8008,-0.8573,-81.9526,15.8716,2.1692
59.56,-84.2737,14.8462,-0.8587,-81.9925,15.9189,2.17
59.6,-84.3129,14.8916,-0.8601,-82.0324,15.9662,2.1707
59.64,-84.352,14.9371,-0.8615,-82.0722,16.0135,2.1715
59.68,-84.3911,14.9826,-0.8629,-82.1119,16.0608,2.1722
59.72,-84.4301,15.0282,-0.8643,-82.1515,16.1082,2.1729
59.76,-84.4691,15.0739,-0.8657,-82.1911,16.1556,2.1736
59.8,-84.508,15.1196,-0.8671,-82.2305,16.203,2.1743
59.84,-84.5468,15.1653,-0.8685,-82.2699,16.2504,2.175
59.88,-84.5856,15.2111,-0.8699,-82.3093,16.2978,2.1756
59.92,-84.6242,15.257,-0.8713,-82.3485,16.3453,2.1763
59.96,-84.6629,15.3029,-0.8727,-82.3877,16.3928,2.1769
60.0,-84.7014,15.3488,-0.8741,-82.4267,16.4403,2.1775
60.04,-84.7399,15.3948,-0.8755,-82.4657,16.4878,2.1781
60.08,-84.7784,15.4409,-0.8769,-82.5047,16.5353,2.1787
60.12,-84.8168,15.487,-0.8783,-82.5435,16.5829,2.1793
60.16,-84.8551,15.5332,-0.8797,-82.5823,16.6305,2.1799
60.2,-84.8933,15.5795,-0.8811,-82.621,16.6781,2.1804
60.24,-84.9315,15.6257,-0.8825,-82.6596,16.7257,2.181
60.28,-84.9696,15.6721,-0.8839,-82.6982,16.7734,2.1815
60.32,-85.0077,15.7185,-0.8853,-82.7366,16.821,2.182
60.36,-85.0456,15.7649,-0.8867,-82.775,16.8687,2.1825
60.4,-85.0836,15.8114,-0.8881,-82.8133,16.9164,2.183
60.44,-85.1214,15.858,-0.8895,-82.8516,16.9642,2.1835
60.48,-85.1592,15.9046,-0.8909,-82.8897,17.0119,2.1839
60.52,-85.1969,15.9512,-0.8923,-82.9278,17.0597,2.1844
60.56,-85.2346,15.9979,-0.8937,-82.9658,17.1075,2.1848
60.6,-85.2722,16.0447,-0.8951,-83.0037,17.1554,2.1852
60.64,-85.3097,16.0915,-0.8965,-83.0415,17.2032,2.1856
60.68,-85.3472,16.1384,-0.8979,-83.0793,17.2511,2.186
60.72,-85.3846,16.1853,-0.8993,-83.117,17.299,2.1864
60.76,-85.4219,16.2323,-0.9007,-83.1546,17.3469,2.1868
60.8,-85.4592,16.2793,-0.9021,-83.1921,17.3949,2.1871
60.84,-85.4964,16.3264,-0.9035,-83.2296,17.4429,2.1875
60.88,-85.5335,16.3735,-0.9049,-83.267,17.4909,2.1878
60.92,-85.5706,16.4207,-0.9063,-83.3043,17.5389,2.1881
60.96,-85.6076,16.4679,-0.9077,-83.3415,17.5869,2.1885
61.0,-85.6445,16.5152,-0.909,-83.3786,17.635,2.1888
61.04,-85.6814,16.5625,-0.9104,-83.4157,17.6831,2.1891
61.08,-85.7182,16.6099,-0.9118,-83.4527,17.7312,2.1893
61.12,-85.7549,16.6574,-0.9132,-83.4896,17.7794,2.1896
61.16,-85.7916,16.7048,-0.9146,-83.5264,17.8275,2.1899
61.2,-85.8282,16.7524,-0.916,-83.5631,17.8757,2.1901
61.24,-85.8647,16.8,-0.9174,-83.5998,17.9239,2.1903
61.28,-85.9012,16.8476,-0.9188,-83.6364,17.9722,2.1905
61.32,-85.9376,16.8953,-0.9202,-83.6729,18.0204,2.1908
61.36,-85.9739,16.9431,-0.9216,-83.7093,18.0687,2.191
61.4,-86.0102,16.9909,-0.923,-83.7457,18.1171,2.1911
61.44,-86.0464,17.0387,-0.9244,-83.782,18.1654,2.1913
61.48,-86.0826,17.0866,-0.9258,-83.8182,18.2138,2.1915
61.52,-86.1186,17.1345,-0.9272,-83.8543,18.2622,2.1916
61.56,-86.1546,17.1825,-0.9286,-83.8903,18.3106,2.1918
61.6,-86.1906,17.2306,-0.93,-83.9263,18.359,2.1919
61.64,-86.2264,17.2787,-0.9314,-83.9622,18.4075,2.1921
61.68,-86.2622,17.3268,-0.9328,-83.998,18.456,2.1922
61.72,-86.298,17.375,-0.9342,-84.0337,18.5045,2.1923
61.76,-86.3336,17.4233,-0.9356,-84.0694,18.5531,2.1924
61.8,-86.3692,17.4716,-0.937,-84.105,18.6016,2.1924
61.84,-86.4048,17.5199,-0.9384,-84.1405,18.6502,2.1925
61.88,-86.4402,17.5683,-0.9398,-84.1759,18.6989,2.1926
61.92,-86.4756,17.6168,-0.9412,-84.2112,18.7475,2.1926
61.96,-86.511,17.6653,-0.9426,-84.2465,18.7962,2.1927
62.0,-86.5462,17.7138,-0.944,-84.2817,18.8449,2.1927
62.04,-86.5814,17.7624,-0.9454,-84.3168,18.8936,2.1927
62.08,-86.6165,17.8111,-0.9468,-84.3518,18.9424,2.1928
62.12,-86.6516,17.8597,-0.9482,-84.3867,18.9912,2.1928
62.16,-86.6866,17.9085,-0.9496,-84.4216,19.04,2.1928
62.2,-86.7215,17.9573,-0.951,-84.4564,19.0888,2.1927
62.24,-86.7563,18.0061,-0.9524,-84.4911,19.1377,2.1927
62.28,-86.7911,18.055,-0.9538,-84.5257,19.1866,2.1927
62.32,-86.8258,18.1039,-0.9552,-84.5603,19.2355,2.1926
62.36,-86.8605,18.1529,-0.9566,-84.5948,19.2845,2.1926
62.4,-86.8951,18.202,-0.958,-84.6292,19.3334,2.1925
62.44,-86.9296,18.251,-0.9594,-84.6635,19.3824,2.1925
62.48,-86.964,18.3002,-0.9608,-84.6977,19.4315,2.1924
62.52,-86.9984,18.3494,-0.9622,-84.7319,19.4805,2.1923
62.56,-87.0327,18.3986,-0.9636,-84.766,19.5296,2.1922
62.6,-87.0669,18.4479,-0.965,-84.8,19.5787,2.1921
62.64,-87.1011,18.4972,-0.9664,-84.8339,19.6278,2.192
62.68,-87.1352,18.5466,-0.9678,-84.8678,19.677,2.1918
62.72,-87.1692,18.596,-0.9692,-84.9016,19.7262,2.1917
62.76,-87.2032,18.6454,-0.9706,-84.9353,19.7754,2.1916
62.8,-87.2371,18.6949,-0.972,-84.9689,19.8246,2.1914
62.84,-87.2709,18.7445,-0.9734,-85.0024,19.8739,2.1913
62.88,-87.3046,18.7941,-0.9748,-85.0359,19.9232,2.1911
62.92,-87.3383,18.8438,-0.9762,-85.0692,19.9725,2.1909
62.96,-87.3719,18.8935,-0.9776,-85.1026,20.0219,2.1907
63.0,-87.4055,18.9432,-0.979,-85.1358,20.0713,2.1905
63.04,-87.4389,18.993,-0.9804,-85.1689,20.1207,2.1903
63.08,-87.4723,19.0429,-0.9818,-85.202,20.1701,2.1901
63.12,-87.5057,19.0927,-0.9832,-85.235,20.2196,2.1899
63.16,-87.5389,19.1427,-0.9846,-85.2679,20.2691,2.1897
63.2,-87.5721,19.1927,-0.986,-85.3007,20.3186,2.1895
63.24,-87.6053,19.2427,-0.9874,-85.3335,20.3681,2.1892
63.28,-87.6383,19.2928,-0.9888,-85.3662,20.4177,2.189
63.32,-87.6713,19.3429,-0.9902,-85.3988,20.4673,2.1887
63.36,-87.7042,19.3931,-0.9916,-85.4313,20.5169,2.1884
63.4,-87.7371,19.4433,-0.993,-85.4637,20.5666,2.1882
63.44,-87.7698,19.4935,-0.9944,-85.4961,20.6163,2.1879
63.48,-87.8025,19.5438,-0.9958,-85.5284,20.666,2.1876
63.52,-87.8352,19.5942,-0.9972,-85.5606,20.7157,2.1873
63.56,-87.8677,19.6446,-0.9986,-85.5927,20.7655,2.187
63.6,-87.9002,19.695,-1.0,-85.6248,20.8153,2.1867
63.64,-87.9326,19.7455,-1.0014,-85.6567,20.8651,2.1864
63.68,-87.965,19.796,-1.0028,-85.6886,20.915,2.1861
63.72,-87.9973,19.8466,-1.0041,-85.7205,20.9648,2.1857
63.76,-88.0295,19.8972,-1.0055,-85.7522,21.0147,2.1854
63.8,-88.0616,19.9479,-1.0069,-85.7839,21.0647,2.185
63.84,-88.0937,19.9986,-1.0083,-85.8154,21.1146,2.1847
63.88,-88.1257,20.0494,-1.0097,-85.8469,21.1646,2.1843
63.92,-88.1576,20.1002,-1.0111,-85.8784,21.2146,2.184
63.96,-88.1894,20.151,-1.0125,-85.9097,21.2647,2.1836
64.0,-88.2212,20.2019,-1.0139,-85.941,21.3148,2.1832
64.04,-88.2529,20.2529,-1.0153,-85.9722,21.3649,2.1828
64.08,-88.2846,20.3038,-1.0167,-86.0033,21.415,2.1824
64.12,-88.3161,20.3549,-1.0181,-86.0343,21.4652,2.182
64.16,-88.3476,20.4059,-1.0195,-86.0653,21.5153,2.1816
64.2,-88.3791,20.457,-1.0209,-86.0962,21.5656,2.1812
64.24,-88.4104,20.5082,-1.0223,-86.127,21.6158,2.1808
64.28,-88.4417,20.5594,-1.0237,-86.1577,21.6661,2.1803
64.32,-88.4729,20.6106,-1.0251,-86.1884,21.7164,2.1799
64.36,-88.5041,20.6619,-1.0265,-86.2189,21.7667,2.1795
64.4,-88.5351,20.7132,-1.0279,-86.2494,21.817,2.179
64.44,-88.5661,20.7646,-1.0293,-86.2798,21.8674,2.1786
64.48,-88.597,20.816,-1.0307,-86.3102,21.9178,2.1781
64.52,-88.6279,20.8675,-1.0321,-86.3404,21.9683,2.1776
64.56,-88.6587,20.919,-1.0335,-86.3706,22.0187,2.1771
64.6,-88.6894,20.9705,-1.0349,-86.4007,22.0692,2.1767
64.64,-88.72,21.0221,-1.0363,-86.4307,22.1197,2.1762
64.68,-88.7506,21.0738,-1.0377,-86.4607,22.1703,2.1757
64.72,-88.7811,21.1254,-1.0391,-86.4905,22.2209,2.1752
64.76,-88.8115,21.1772,-1.0405,-86.5203,22.2715,2.1747
64.8,-88.8418,21.2289,-1.0419,-86.55,22.3221,2.1742
64.84,-88.8721,21.2807,-1.0433,-86.5797,22.3728,2.1736
64.88,-88.9023,21.3326,-1.0447,-86.6092,22.4234,2.1731
64.92,-88.9325,21.3845,-1.0461,-86.6387,22.4742,2.1726
64.96,-88.9625,21.4364,-1.0475,-86.6681,22.5249,2.1721
65.0,-88.9925,21.4884,-1.0489,-86.6974,22.5757,2.1715
65.04,-89.0224,21.5404,-1.0503,-86.7266,22.6265,2.171
65.08,-89.0522,21.5924,-1.0517,-86.7558,22.6773,2.1704
65.12,-89.082,21.6445,-1.0531,-86.7849,22.7281,2.1699
65.16,-89.1117,21.6967,-1.0545,-86.8139,22.779,2.1693
65.2,-89.1413,21.7488,-1.0559,-86.8428,22.8299,2.1687
65.24,-89.1709,21.8011,-1.0573,-86.8717,22.8809,2.1681
65.28,-89.2003,21.8533,-1.0587,-86.9005,22.9318,2.1676
65.32,-89.2297,21.9056,-1.0601,-86.9292,22.9828,2.167
65.36,-89.2591,21.958,-1.0615,-86.9578,23.0338,2.1664
65.4,-89.2883,22.0103,-1.0629,-86.9863,23.0849,2.1658
65.44,-89.3175,22.0628,-1.0643,-87.0148,23.136,2.1652
65.48,-89.3466,22.1152,-1.0657,-87.0432,23.1871,2.1646
65.52,-89.3756,22.1677,-1.0671,-87.0715,23.2382,2.164
65.56,-89.4046,22.2203,-1.0685,-87.0997,23.2894,2.1633
65.6,-89.4335,22.2729,-1.0699,-87.1279,23.3405,2.1627
65.64,-89.4623,22.3255,-1.0713,-87.1559,23.3918,2.1621
65.68,-89.491,22.3782,-1.0727,-87.1839,23.443,2.1614
65.72,-89.5197,22.4309,-1.0741,-87.2118,23.4943,2.1608
65.76,-89.5483,22.4836,-1.0755,-87.2397,23.5456,2.1602
65.8,-89.5768,22.5364,-1.0769,-87.2674,23.5969,2.1595
65.84,-89.6053,22.5893,-1.0783,-87.2951,23.6482,2.1589
65.88,-89.6336,22.6421,-1.0797,-87.3227,23.6996,2.1582
65.92,-89.6619,22.695,-1.0811,-87.3503,23.751,2.1575
65.96,-89.6902,22.748,-1.0825,-87.3777,23.8024,2.1569
66.0,-89.7183,22.801,-1.0839,-87.4051,23.8539,2.1562
66.04,-89.7464,22.854,-1.0853,-87.4324,23.9054,2.1555
66.08,-89.7744,22.9071,-1.0867,-87.4596,23.9569,2.1548
66.12,-89.8023,22.9602,-1.0881,-87.4867,24.0084,2.1541
66.16,-89.8302,23.0133,-1.0895,-87.5138,24.06,2.1534
66.2,-89.8579,23.0665,-1.0909,-87.5408,24.1116,2.1527
66.24,-89.8856,23.1197,-1.0923,-87.5677,24.1632,2.152
66.28,-89.9133,23.173,-1.0937,-87.5945,24.2148,2.1513
66.32,-89.9408,23.2263,-1.0951,-87.6213,24.2665,2.1506
66.36,-89.9683,23.2796,-1.0965,-87.6479,24.3182,2.1499
66.4,-89.9957,23.333,-1.0979,-87.6745,24.3699,2.1492
66.44,-90.023,23.3864,-1.0992,-87.7011,24.4217,2.1484
66.48,-90.0503,23.4399,-1.1006,-87.7275,24.4735,2.1477
66.52,-90.0775,23.4933,-1.102,-87.7539,24.5253,2.147
66.56,-90.1046,23.5469,-1.1034,-87.7801,24.5771,2.1462
66.6,-90.1316,23.6004,-1.1048,-87.8063,24.629,2.1455
66.64,-90.1586,23.654,-1.1062,-87.8325,24.6809,2.1447
66.68,-90.1855,23.7077,-1.1076,-87.8585,24.7328,2.144
66.72,-90.2123,23.7614,-1.109,-87.8845,24.7847,2.1432
66.76,-90.239,23.8151,-1.1104,-87.9104,24.8367,2.1424
66.8,-90.2657,23.8688,-1.1118,-87.9362,24.8887,2.1417
66.84,-90.2922,23.9226,-1.1132,-87.9619,24.9407,2.1409
66.88,-90.3187,23.9764,-1.1146,-87.9876,24.9927,2.1401
66.92,-90.3452,24.0303,-1.116,-88.0132,25.0448,2.1393
66.96,-90.3715,24.0842,-1.1174,-88.0387,25.0969,2.1385
67.0,-90.3978,24.1382,-1.1188,-88.0641,25.149,2.1378
67.04,-90.424,24.1921,-1.1202,-88.0895,25.2012,2.137
67.08,-90.4501,24.2461,-1.1216,-88.1147,25.2534,2.1362
67.12,-90.4762,24.3002,-1.123,-88.1399,25.3056,2.1354
67.16,-90.5022,24.3543,-1.1244,-88.165,25.3578,2.1346
67.2,-90.5281,24.4084,-1.1258,-88.1901,25.41,2.1338
67.24,-90.5539,24.4626,-1.1272,-88.215,25.4623,2.1329
67.28,-90.5796,24.5167,-1.1286,-88.2399,25.5146,2.1321
67.32,-90.6053,24.571,-1.13,-88.2647,25.567,2.1313
67.36,-90.6309,24.6252,-1.1314,-88.2894,25.6193,2.1305
67.4,-90.6564,24.6795,-1.1328,-88.3141,25.6717,2.1296
67.44,-90.6819,24.7339,-1.1342,-88.3387,25.7241,2.1288
67.48,-90.7073,24.7882,-1.1356,-88.3631,25.7765,2.128
67.52,-90.7326,24.8427,-1.137,-88.3876,25.829,2.1271
67.56,-90.7578,24.8971,-1.1384,-88.4119,25.8815,2.1263
67.6,-90.7829,24.9516,-1.1398,-88.4362,25.934,2.1254
67.64,-90.808,25.0061,-1.1412,-88.4603,25.9865,2.1246
67.68,-90.833,25.0606,-1.1426,-88.4844,26.0391,2.1237
67.72,-90.8579,25.1152,-1.144,-88.5085,26.0917,2.1229
67.76,-90.8827,25.1698,-1.1454,-88.5324,26.1443,2.122
67.8,-90.9075,25.2245,-1.1468,-88.5563,26.1969,2.1211
67.84,-90.9322,25.2792,-1.1482,-88.5801,26.2496,2.1203
67.88,-90.9568,25.3339,-1.1496,-88.6038,26.3023,2.1194
67.92,-90.9813,25.3887,-1.151,-88.6274,26.355,2.1185
67.96,-91.0058,25.4434,-1.1524,-88.651,26.4077,2.1176
68.0,-91.0301,25.4983,-1.1538,-88.6744,26.4605,2.1168
68.04,-91.0544,25.5531,-1.1552,-88.6978,26.5133,2.1159
68.08,-91.0787,25.608,-1.1566,-88.7212,26.5661,2.115
68.12,-91.1028,25.6629,-1.158,-88.7444,26.6189,2.1141
68.16,-91.1269,25.7179,-1.1594,-88.7676,26.6718,2.1132
68.2,-91.1509,25.7729,-1.1608,-88.7907,26.7247,2.1123
68.24,-91.1748,25.8279,-1.1622,-88.8137,26.7776,2.1114
68.28,-91.1986,25.883,-1.1636,-88.8366,26.8305,2.1105
68.32,-91.2224,25.9381,-1.165,-88.8595,26.8835,2.1096
68.36,-91.2461,25.9932,-1.1664,-88.8823,26.9364,2.1086
68.4,-91.2697,26.0484,-1.1678,-88.9049,26.9894,2.1077
68.44,-91.2932,26.1036,-1.1692,-88.9276,27.0425,2.1068
68.48,-91.3167,26.1588,-1.1706,-88.9501,27.0955,2.1059
68.52,-91.3401,26.214,-1.172,-88.9726,27.1486,2.1049
68.56,-91.3634,26.2693,-1.1734,-88.995,27.2017,2.104
68.6,-91.3866,26.3247,-1.1748,-89.0173,27.2548,2.1031
68.64,-91.4097,26.38,-1.1762,-89.0395,27.308,2.1021
68.68,-91.4328,26.4354,-1.1776,-89.0617,27.3612,2.1012
68.72,-91.4558,26.4908,-1.179,-89.0837,27.4144,2.1003
68.76,-91.4787,26.5463,-1.1804,-89.1057,27.4676,2.0993
68.8,-91.5015,26.6018,-1.1818,-89.1277,27.5208,2.0984
68.84,-91.5243,26.6573,-1.1832,-89.1495,27.5741,2.0974
68.88,-91.547,26.7128,-1.1846,-89.1713,27.6274,2.0964
68.92,-91.5696,26.7684,-1.186,-89.1929,27.6807,2.0955
68.96,-91.5921,26.824,-1.1874,-89.2146,27.7341,2.0945
69.0,-91.6145,26.8797,-1.1888,-89.2361,27.7874,2.0936
69.04,-91.6369,26.9353,-1.1902,-89.2575,27.8408,2.0926
69.08,-91.6592,26.991,-1.1916,-89.2789,27.8942,2.0916
69.12,-91.6814,27.0468,-1.193,-89.3002,27.9477,2.0907
69.16,-91.7036,27.1025,-1.1943,-89.3214,28.0011,2.0897
69.2,-91.7256,27.1583,-1.1957,-89.3426,28.0546,2.0887
69.24,-91.7476,27.2142,-1.1971,-89.3636,28.1081,2.0877
69.28,-91.7695,27.27,-1.1985,-89.3846,28.1616,2.0867
69.32,-91.7913,27.3259,-1.1999,-89.4055,28.2152,2.0857
69.36,-91.8131,27.3818,-1.2013,-89.4263,28.2688,2.0847
69.4,-91.8347,27.4378,-1.2027,-89.4471,28.3223,2.0838
69.44,-91.8563,27.4938,-1.2041,-89.4678,28.376,2.0828
69.48,-91.8778,27.5498,-1.2055,-89.4883,28.4296,2.0818
69.52,-91.8993,27.6058,-1.2069,-89.5089,28.4833,2.0808
69.56,-91.9206,27.6619,-1.2083,-89.5293,28.537,2.0798
69.6,-91.9419,27.718,-1.2097,-89.5497,28.5907,2.0787
69.64,-91.9631,27.7741,-1.2111,-89.5699,28.6444,2.0777
69.68,-91.9842,27.8303,-1.2125,-89.5901,28.6981,2.0767
69.72,-92.0052,27.8865,-1.2139,-89.6103,28.7519,2.0757
69.76,-92.0262,27.9427,-1.2153,-89.6303,28.8057,2.0747
69.8,-92.0471,27.999,-1.2167,-89.6503,28.8595,2.0737
69.84,-92.0679,28.0552,-1.2181,-89.6702,28.9134,2.0727
69.88,-92.0886,28.1115,-1.2195,-89.69,28.9672,2.0716
69.92,-92.1092,28.1679,-1.2209,-89.7097,29.0211,2.0706
69.96,-92.1298,28.2242,-1.2223,-89.7294,29.075,2.0696
70.0,-92.1503,28.2806,-1.2237,-89.7489,29.1289,2.0685
70.04,-92.1707,28.3371,-1.2237,-89.7686,29.1829,2.0675
70.08,-92.1911,28.3935,-1.2237,-89.7882,29.2368,2.0665
70.12,-92.2115,28.4499,-1.2237,-89.8079,29.2908,2.0655
70.16,-92.2319,28.5063,-1.2237,-89.8275,29.3447,2.0645
70.2,-92.2523,28.5628,-1.2237,-89.8472,29.3987,2.0635
70.24,-92.2728,28.6192,-1.2237,-89.8669,29.4527,2.0625
70.28,-92.2932,28.6756,-1.2237,-89.8866,29.5068,2.0615
70.32,-92.3136,28.732,-1.2237,-89.9062,29.5608,2.0605
70.36,-92.334,28.7884,-1.2237,-89.9259,29.6148,2.0596
70.4,-92.3544,28.8449,-1.2237,-89.9456,29.6689,2.0586
70.44,-92.3748,28.9013,-1.2237,-89.9654,29.723,2.0576
70.48,-92.3952,28.9577,-1.2237,-89.9851,29.7771,2.0567
70.52,-92.4156,29.0141,-1.2237,-90.0048,29.8312,2.0557
70.56,-92.436,29.0706,-1.2237,-90.0245,29.8853,2.0548
70.6,-92.4564,29.127,-1.2237,-90.0443,29.9395,2.0539
70.64,-92.4768,29.1834,-1.2237,-90.064,29.9936,2.0529
70.68,-92.4973,29.2398,-1.2237,-90.0838,30.0478,2.052
70.72,-92.5177,29.2962,-1.2237,-90.1035,30.102,2.0511
70.76,-92.5381,29.3527,-1.2237,-90.1233,30.1562,2.0502
70.8,-92.5585,29.4091,-1.2237,-90.1431,30.2104,2.0493
70.84,-92.5789,29.4655,-1.2237,-90.1628,30.2646,2.0484
70.88,-92.5993,29.5219,-1.2237,-90.1826,30.3189,2.0475
70.92,-92.6197,29.5784,-1.2237,-90.2024,30.3731,2.0466
70.96,-92.6401,29.6348,-1.2237,-90.2222,30.4274,2.0457
71.0,-92.6605,29.6912,-1.2237,-90.242,30.4817,2.0449
71.04,-92.6809,29.7476,-1.2237,-90.2618,30.536,2.044
71.08,-92.7013,29.804,-1.2237,-90.2816,30.5903,2.0431
71.12,-92.7218,29.8605,-1.2237,-90.3014,30.6446,2.0423
71.16,-92.7422,29.9169,-1.2237,-90.3213,30.699,2.0414
71.2,-92.7626,29.9733,-1.2237,-90.3411,30.7533,2.0406
71.24,-92.783,30.0297,-1.2237,-90.3609,30.8077,2.0398
71.28,-92.8034,30.0862,-1.2237,-90.3808,30.8621,2.0389
71.32,-92.8238,30.1426,-1.2237,-90.4006,30.9165,2.0381
71.36,-92.8442,30.199,-1.2237,-90.4205,30.9709,2.0373
71.4,-92.8646,30.2554,-1.2237,-90.4403,31.0253,2.0365
71.44,-92.885,30.3118,-1.2237,-90.4602,31.0797,2.0357
71.48,-92.9054,30.3683,-1.2237,-90.4801,31.1342,2.0349
71.52,-92.9258,30.4247,-1.2237,-90.4999,31.1886,2.0341
71.56,-92.9463,30.4811,-1.2237,-90.5198,31.2431,2.0333
71.6,-92.9667,30.5375,-1.2237,-90.5397,31.2976,2.0325
71.64,-92.9871,30.594,-1.2237,-90.5596,31.3521,2.0317
71.68,-93.0075,30.6504,-1.2237,-90.5795,31.4066,2.0309
71.72,-93.0279,30.7068,-1.2237,-90.5994,31.4611,2.0302
71.76,-93.0483,30.7632,-1.2237,-90.6193,31.5157,2.0294
71.8,-93.0687,30.8196,-1.2237,-90.6392,31.5702,2.0286
71.84,-93.0891,30.8761,-1.2237,-90.6591,31.6248,2.0279
71.88,-93.1095,30.9325,-1.2237,-90.679,31.6793,2.0271
71.92,-93.1299,30.9889,-1.2237,-90.699,31.7339,2.0264
71.96,-93.1503,31.0453,-1.2237,-90.7189,31.7885,2.0256
72.0,-93.1708,31.1018,-1.2237,-90.7388,31.8431,2.0249
72.04,-93.1912,31.1582,-1.2237,-90.7587,31.8978,2.0242
72.08,-93.2116,31.2146,-1.2237,-90.7787,31.9524,2.0235
72.12,-93.232,31.271,-1.2237,-90.7986,32.007,2.0227
72.16,-93.2524,31.3274,-1.2237,-90.8186,32.0617,2.022
72.2,-93.2728,31.3839,-1.2237,-90.8385,32.1164,2.0213
72.24,-93.2932,31.4403,-1.2237,-90.8585,32.171,2.0206
72.28,-93.3136,31.4967,-1.2237,-90.8785,32.2257,2.0199
72.32,-93.334,31.5531,-1.2237,-90.8984,32.2804,2.0192
72.36,-93.3544,31.6096,-1.2237,-90.9184,32.3352,2.0185
72.4,-93.3748,31.666,-1.2237,-90.9384,32.3899,2.0178
72.44,-93.3953,31.7224,-1.2237,-90.9584,32.4446,2.0171
72.48,-93.4157,31.7788,-1.2237,-90.9783,32.4994,2.0165
72.52,-93.4361,31.8352,-1.2237,-90.9983,32.5541,2.0158
72.56,-93.4565,31.8917,-1.2237,-91.0183,32.6089,2.0151
72.6,-93.4769,31.9481,-1.2237,-91.0383,32.6637,2.0145
72.64,-93.4973,32.0045,-1.2237,-91.0583,32.7185,2.0138
72.68,-93.5177,32.0609,-1.2237,-91.0783,32.7733,2.0132
72.72,-93.5381,32.1174,-1.2237,-91.0983,32.8281,2.0125
72.76,-93.5585,32.1738,-1.2237,-91.1183,32.8829,2.0119
72.8,-93.5789,32.2302,-1.2237,-91.1384,32.9377,2.0112
72.84,-93.5993,32.2866,-1.2237,-91.1584,32.9926,2.0106
72.88,-93.6198,32.343,-1.2237,-91.1784,33.0475,2.0099
72.92,-93.6402,32.3995,-1.2237,-91.1984,33.1023,2.0093
72.96,-93.6606,32.4559,-1.2237,-91.2185,33.1572,2.0087
73.0,-93.681,32.5123,-1.2237,-91.2385,33.2121,2.0081
73.04,-93.7014,32.5687,-1.2237,-91.2585,33.267,2.0075
73.08,-93.7218,32.6252,-1.2237,-91.2786,33.3219,2.0068
73.12,-93.7422,32.6816,-1.2237,-91.2986,33.3768,2.0062
73.16,-93.7626,32.738,-1.2237,-91.3187,33.4317,2.0056
73.2,-93.783,32.7944,-1.2237,-91.3387,33.4867,2.005
73.24,-93.8034,32.8508,-1.2237,-91.3588,33.5416,2.0044
73.28,-93.8238,32.9073,-1.2237,-91.3788,33.5966,2.0039
73.32,-93.8443,32.9637,-1.2237,-91.3989,33.6515,2.0033
73.36,-93.8647,33.0201,-1.2237,-91.4189,33.7065,2.0027
73.4,-93.8851,33.0765,-1.2237,-91.439,33.7615,2.0021
73.44,-93.9055,33.133,-1.2237,-91.4591,33.8165,2.0015
73.48,-93.9259,33.1894,-1.2237,-91.4791,33.8715,2.001
73.52,-93.9463,33.2458,-1.2237,-91.4992,33.9265,2.0004
73.56,-93.9667,33.3022,-1.2237,-91.5193,33.9816,1.9998
73.6,-93.9871,33.3586,-1.2237,-91.5394,34.0366,1.9993
73.64,-94.0075,33.4151,-1.2237,-91.5595,34.0916,1.9987
73.68,-94.0279,33.4715,-1.2237,-91.5796,34.1467,1.9982
73.72,-94.0483,33.5279,-1.2237,-91.5997,34.2017,1.9976
73.76,-94.0688,33.5843,-1.2237,-91.6197,34.2568,1.9971
73.8,-94.0892,33.6408,-1.2237,-91.6398,34.3119,1.9965
73.84,-94.1096,33.6972,-1.2237,-91.6599,34.367,1.996
73.88,-94.13,33.7536,-1.2237,-91.68,34.4221,1.9955
73.92,-94.1504,33.81,-1.2237,-91.7001,34.4772,1.9949
73.96,-94.1708,33.8664,-1.2237,-91.7203,34.5323,1.9944
74.0,-94.1912,33.9229,-1.2237,-91.7404,34.5874,1.9939
74.04,-94.2116,33.9793,-1.2237,-91.7605,34.6426,1.9934
74.08,-94.232,34.0357,-1.2237,-91.7806,34.6977,1.9928
74.12,-94.2524,34.0921,-1.2237,-91.8007,34.7529,1.9923
74.16,-94.2728,34.1486,-1.2237,-91.8208,34.808,1.9918
74.2,-94.2933,34.205,-1.2237,-91.841,34.8632,1.9913
74.24,-94.3137,34.2614,-1.2237,-91.8611,34.9184,1.9908
74.28,-94.3341,34.3178,-1.2237,-91.8812,34.9735,1.9903
74.32,-94.3545,34.3742,-1.2237,-91.9013,35.0287,1.9898
74.36,-94.3749,34.4307,-1.2237,-91.9215,35.0839,1.9893
74.4,-94.3953,34.4871,-1.2237,-91.9416,35.1391,1.9888
74.44,-94.4157,34.5435,-1.2237,-91.9618,35.1944,1.9884
74.48,-94.4361,34.5999,-1.2237,-91.9819,35.2496,1.9879
74.52,-94.4565,34.6564,-1.2237,-92.002,35.3048,1.9874
74.56,-94.4769,34.7128,-1.2237,-92.0222,35.3601,1.9869
74.6,-94.4973,34.7692,-1.2237,-92.0423,35.4153,1.9865
74.64,-94.5178,34.8256,-1.2237,-92.0625,35.4706,1.986
74.68,-94.5382,34.882,-1.2237,-92.0826,35.5258,1.9855
74.72,-94.5586,34.9385,-1.2237,-92.1028,35.5811,1.9851
74.76,-94.579,34.9949,-1.2237,-92.123,35.6364,1.9846
74.8,-94.5994,35.0513,-1.2237,-92.1431,35.6917,1.9841
74.84,-94.6198,35.1077,-1.2237,-92.1633,35.747,1.9837
74.88,-94.6402,35.1642,-1.2237,-92.1834,35.8023,1.9832
74.92,-94.6606,35.2206,-1.2237,-92.2036,35.8576,1.9828
74.96,-94.681,35.277,-1.2237,-92.2238,35.9129,1.9824
75.0,-94.7014,35.3334,-1.2237,-92.2439,35.9682,1.9819
75.04,-94.7218,35.3898,-1.2237,-92.2641,36.0235,1.9815
75.08,-94.7423,35.4463,-1.2237,-92.2843,36.0789,1.981
75.12,-94.7627,35.5027,-1.2237,-92.3045,36.1342,1.9806
75.16,-94.7831,35.5591,-1.2237,-92.3246,36.1896,1.9802
75.2,-94.8035,35.6155,-1.2237,-92.3448,36.245,1.9798
75.24,-94.8239,35.672,-1.2237,-92.365,36.3003,1.9793
75.28,-94.8443,35.7284,-1.2237,-92.3852,36.3557,1.9789
75.32,-94.8647,35.7848,-1.2237,-92.4054,36.4111,1.9785
75.36,-94.8851,35.8412,-1.2237,-92.4256,36.4665,1.9781
75.4,-94.9055,35.8976,-1.2237,-92.4458,36.5219,1.9777
75.44,-94.9259,35.9541,-1.2237,-92.466,36.5773,1.9773
75.48,-94.9463,36.0105,-1.2237,-92.4862,36.6327,1.9769
75.52,-94.9667,36.0669,-1.2237,-92.5063,36.6881,1.9765
75.56,-94.9872,36.1233,-1.2237,-92.5265,36.7435,1.9761
75.6,-95.0076,36.1798,-1.2237,-92.5467,36.799,1.9757
75.64,-95.028,36.2362,-1.2237,-92.5669,36.8544,1.9753
75.68,-95.0484,36.2926,-1.2237,-92.5872,36.9098,1.9749
75.72,-95.0688,36.349,-1.2237,-92.6074,36.9653,1.9745
75.76,-95.0892,36.4054,-1.2237,-92.6276,37.0207,1.9741
75.8,-95.1096,36.4619,-1.2237,-92.6478,37.0762,1.9737
75.84,-95.13,36.5183,-1.2237,-92.668,37.1317,1.9733
75.88,-95.1504,36.5747,-1.2237,-92.6882,37.1872,1.973
75.92,-95.1708,36.6311,-1.2237,-92.7084,37.2426,1.9726
75.96,-95.1912,36.6876,-1.2237,-92.7286,37.2981,1.9722
76.0,-95.2117,36.744,-1.2237,-92.7488,37.3536,1.9718
76.04,-95.2321,36.8004,-1.2237,-92.7691,37.4091,1.9715
76.08,-95.2525,36.8568,-1.2237,-92.7893,37.4646,1.9711
76.12,-95.2729,36.9132,-1.2237,-92.8095,37.5201,1.9707
76.16,-95.2933,36.9697,-1.2237,-92.8297,37.5757,1.9704
76.2,-95.3137,37.0261,-1.2237,-92.85,37.6312,1.97
76.24,-95.3341,37.0825,-1.2237,-92.8702,37.6867,1.9697
76.28,-95.3545,37.1389,-1.2237,-92.8904,37.7423,1.9693
76.32,-95.3749,37.1954,-1.2237,-92.9106,37.7978,1.969
76.36,-95.3953,37.2518,-1.2237,-92.9309,37.8534,1.9686
76.4,-95.4157,37.3082,-1.2237,-92.9511,37.9089,1.9683
76.44,-95.4362,37.3646,-1.2237,-92.9713,37.9645,1.9679
76.48,-95.4566,37.421,-1.2237,-92.9916,38.02,1.9676
76.52,-95.477,37.4775,-1.2237,-93.0118,38.0756,1.9672
76.56,-95.4974,37.5339,-1.2237,-93.0321,38.1312,1.9669
76.6,-95.5178,37.5903,-1.2237,-93.0523,38.1868,1.9666
76.64,-95.5382,37.6467,-1.2237,-93.0725,38.2424,1.9662
76.68,-95.5586,37.7032,-1.2237,-93.0928,38.298,1.9659
76.72,-95.579,37.7596,-1.2237,-93.113,38.3536,1.9656
76.76,-95.5994,37.816,-1.2237,-93.1333,38.4092,1.9652
76.8,-95.6198,37.8724,-1.2237,-93.1535,38.4648,1.9649
76.84,-95.6402,37.9288,-1.2237,-93.1738,38.5204,1.9646
76.88,-95.6607,37.9853,-1.2237,-93.194,38.576,1.9643
76.92,-95.6811,38.0417,-1.2237,-93.2143,38.6317,1.964
76.96,-95.7015,38.0981,-1.2237,-93.2345,38.6873,1.9637
77.0,-95.7219,38.1545,-1.2237,-93.2548,38.7429,1.9633
77.04,-95.7423,38.211,-1.2237,-93.275,38.7986,1.963
77.08,-95.7627,38.2674,-1.2237,-93.2953,38.8542,1.9627
77.12,-95.7831,38.3238,-1.2237,-93.3156,38.9099,1.9624
77.16,-95.8035,38.3802,-1.2237,-93.3358,38.9656,1.9621
77.2,-95.8239,38.4366,-1.2237,-93.3561,39.0212,1.9618
77.24,-95.8443,38.4931,-1.2237,-93.3763,39.0769,1.9615
77.28,-95.8647,38.5495,-1.2237,-93.3966,39.1326,1.9612
77.32,-95.8852,38.6059,-1.2237,-93.4169,39.1883,1.9609
77.36,-95.9056,38.6623,-1.2237,-93.4371,39.2439,1.9606
77.4,-95.926,38.7188,-1.2237,-93.4574,39.2996,1.9603
77.44,-95.9464,38.7752,-1.2237,-93.4777,39.3553,1.96
77.48,-95.9668,38.8316,-1.2237,-93.4979,39.411,1.9597
77.52,-95.9872,38.888,-1.2237,-93.5182,39.4667,1.9595
77.56,-96.0076,38.9444,-1.2237,-93.5385,39.5224,1.9592
77.6,-96.028,39.0009,-1.2237,-93.5587,39.5782,1.9589
77.64,-96.0484,39.0573,-1.2237,-93.579,39.6339,1.9586
77.68,-96.0688,39.1137,-1.2237,-93.5993,39.6896,1.9583
77.72,-96.0892,39.1701,-1.2237,-93.6196,39.7453,1.9581
77.76,-96.1097,39.2266,-1.2237,-93.6398,39.8011,1.9578
77.8,-96.1301,39.283,-1.2237,-93.6601,39.8568,1.9575
77.84,-96.1505,39.3394,-1.2237,-93.6804,39.9126,1.9572
77.88,-96.1709,39.3958,-1.2237,-93.7007,39.9683,1.957
77.92,-96.1913,39.4522,-1.2237,-93.721,40.0241,1.9567
77.96,-96.2117,39.5087,-1.2237,-93.7412,40.0798,1.9564
78.0,-96.2321,39.5651,-1.2237,-93.7615,40.1356,1.9562
78.04,-96.2525,39.6215,-1.2237,-93.7818,40.1913,1.9559
78.08,-96.2729,39.6779,-1.2237,-93.8021,40.2471,1.9557
78.12,-96.2933,39.7344,-1.2237,-93.8224,40.3029,1.9554
78.16,-96.3137,39.7908,-1.2237,-93.8427,40.3587,1.9551
78.2,-96.3342,39.8472,-1.2237,-93.863,40.4145,1.9549
78.24,-96.3546,39.9036,-1.2237,-93.8833,40.4702,1.9546
78.28,-96.375,39.96,-1.2237,-93.9035,40.526,1.9544
78.32,-96.3954,40.0165,-1.2237,-93.9238,40.5818,1.9541
78.36,-96.4158,40.0729,-1.2237,-93.9441,40.6376,1.9539
78.4,-96.4362,40.1293,-1.2237,-93.9644,40.6934,1.9536
78.44,-96.4566,40.1857,-1.2237,-93.9847,40.7493,1.9534
78.48,-96.477,40.2422,-1.2237,-94.005,40.8051,1.9532
78.52,-96.4974,40.2986,-1.2237,-94.0253,40.8609,1.9529
78.56,-96.5178,40.355,-1.2237,-94.0456,40.9167,1.9527
78.6,-96.5382,40.4114,-1.2237,-94.0659,40.9725,1.9524
78.64,-96.5587,40.4678,-1.2237,-94.0862,41.0284,1.9522
78.68,-96.5791,40.5243,-1.2237,-94.1065,41.0842,1.952
78.72,-96.5995,40.5807,-1.2237,-94.1268,41.14,1.9517
78.76,-96.6199,40.6371,-1.2237,-94.1471,41.1959,1.9515
78.8,-96.6403,40.6935,-1.2237,-94.1674,41.2517,1.9513
78.84,-96.6607,40.75,-1.2237,-94.1877,41.3076,1.951
78.88,-96.6811,40.8064,-1.2237,-94.208,41.3634,1.9508
78.92,-96.7015,40.8628,-1.2237,-94.2283,41.4193,1.9506
78.96,-96.7219,40.9192,-1.2237,-94.2486,41.4752,1.9504
79.0,-96.7423,40.9756,-1.2237,-94.2689,41.531,1.9501
79.04,-96.7627,41.0321,-1.2237,-94.2892,41.5869,1.9499
79.08,-96.7832,41.0885,-1.2237,-94.3095,41.6428,1.9497
79.12,-96.8036,41.1449,-1.2237,-94.3299,41.6986,1.9495
79.16,-96.824,41.2013,-1.2237,-94.3502,41.7545,1.9493
79.2,-96.8444,41.2578,-1.2237,-94.3705,41.8104,1.9491
79.24,-96.8648,41.3142,-1.2237,-94.3908,41.8663,1.9488
79.28,-96.8852,41.3706,-1.2237,-94.4111,41.9222,1.9486
79.32,-96.9056,41.427,-1.2237,-94.4314,41.9781,1.9484
79.36,-96.926,41.4834,-1.2237,-94.4517,42.034,1.9482
79.4,-96.9464,41.5399,-1.2237,-94.472,42.0899,1.948
79.44,-96.9668,41.5963,-1.2237,-94.4924,42.1458,1.9478
79.48,-96.9872,41.6527,-1.2237,-94.5127,42.2017,1.9476
79.52,-97.0077,41.7091,-1.2237,-94.533,42.2576,1.9474
79.56,-97.0281,41.7656,-1.2237,-94.5533,42.3135,1.9472
79.6,-97.0485,41.822,-1.2237,-94.5736,42.3694,1.947
79.64,-97.0689,41.8784,-1.2237,-94.5939,42.4254,1.9468
79.68,-97.0893,41.9348,-1.2237,-94.6143,42.4813,1.9466
79.72,-97.1097,41.9912,-1.2237,-94.6346,42.5372,1.9464
79.76,-97.1301,42.0477,-1.2237,-94.6549,42.5932,1.9462
79.8,-97.1505,42.1041,-1.2237,-94.6752,42.6491,1.946
79.84,-97.1709,42.1605,-1.2237,-94.6955,42.705,1.9458
79.88,-97.1913,42.2169,-1.2237,-94.7159,42.761,1.9456
79.92,-97.2117,42.2734,-1.2237,-94.7362,42.8169,1.9454
79.96,-97.2322,42.3298,-1.2237,-94.7565,42.8729,1.9452
80.0,-97.2526,42.3862,-1.2237,-94.7768,42.9288,1.9451
80.04,-97.273,42.4426,-1.2237,-94.7972,42.9848,1.9449
80.08,-97.2934,42.499,-1.2237,-94.8175,43.0407,1.9447
80.12,-97.3138,42.5555,-1.2237,-94.8378,43.0967,1.9445
80.16,-97.3342,42.6119,-1.2237,-94.8581,43.1527,1.9443
80.2,-97.3546,42.6683,-1.2237,-94.8785,43.2086,1.9441
80.24,-97.375,42.7247,-1.2237,-94.8988,43.2646,1.944
80.28,-97.3954,42.7812,-1.2237,-94.9191,43.3206,1.9438
80.32,-97.4158,42.8376,-1.2237,-94.9395,43.3766,1.9436
80.36,-97.4362,42.894,-1.2237,-94.9598,43.4325,1.9434
80.4,-97.4567,42.9504,-1.2237,-94.9801,43.4885,1.9433
80.44,-97.4771,43.0068,-1.2237,-95.0005,43.5445,1.9431
80.48,-97.4975,43.0633,-1.2237,-95.0208,43.6005,1.9429
80.52,-97.5179,43.1197,-1.2237,-95.0411,43.6565,1.9427
80.56,-97.5383,43.1761,-1.2237,-95.0615,43.7125,1.9426
80.6,-97.5587,43.2325,-1.2237,-95.0818,43.7685,1.9424
80.64,-97.5791,43.289,-1.2237,-95.1021,43.8245,1.9422
80.68,-97.5995,43.3454,-1.2237,-95.1225,43.8805,1.9421
80.72,-97.6199,43.4018,-1.2237,-95.1428,43.9365,1.9419
80.76,-97.6403,43.4582,-1.2237,-95.1631,43.9925,1.9417
80.8,-97.6607,43.5146,-1.2237,-95.1835,44.0485,1.9416
80.84,-97.6812,43.5711,-1.2237,-95.2038,44.1045,1.9414
80.88,-97.7016,43.6275,-1.2237,-95.2242,44.1606,1.9413
80.92,-97.722,43.6839,-1.2237,-95.2445,44.2166,1.9411
80.96,-97.7424,43.7403,-1.2237,-95.2648,44.2726,1.9409
81.0,-97.7628,43.7968,-1.2237,-95.2852,44.3286,1.9408
81.04,-97.7832,43.8532,-1.2237,-95.3055,44.3847,1.9406
81.08,-97.8036,43.9096,-1.2237,-95.3259,44.4407,1.9405
81.12,-97.824,43.966,-1.2237,-95.3462,44.4967,1.9403
81.16,-97.8444,44.0224,-1.2237,-95.3665,44.5528,1.9402
81.2,-97.8648,44.0789,-1.2237,-95.3869,44.6088,1.94
81.24,-97.8852,44.1353,-1.2237,-95.4072,44.6648,1.9399
81.28,-97.9057,44.1917,-1.2237,-95.4276,44.7209,1.9397
81.32,-97.9261,44.2481,-1.2237,-95.4479,44.7769,1.9396
81.36,-97.9465,44.3046,-1.2237,-95.4683,44.833,1.9394
81.4,-97.9669,44.361,-1.2237,-95.4886,44.889,1.9393
81.44,-97.9873,44.4174,-1.2237,-95.5089,44.9451,1.9391
81.48,-98.0077,44.4738,-1.2237,-95.5293,45.0012,1.939
81.52,-98.0281,44.5302,-1.2237,-95.5496,45.0572,1.9388
81.56,-98.0485,44.5867,-1.2237,-95.57,45.1133,1.9387
81.6,-98.0689,44.6431,-1.2237,-95.5903,45.1693,1.9385
81.64,-98.0893,44.6995,-1.2237,-95.6107,45.2254,1.9384
81.68,-98.1097,44.7559,-1.2237,-95.631,45.2815,1.9383
81.72,-98.1302,44.8124,-1.2237,-95.6514,45.3376,1.9381
81.76,-98.1506,44.8688,-1.2237,-95.6717,45.3936,1.938
81.8,-98.171,44.9252,-1.2237,-95.6921,45.4497,1.9378
81.84,-98.1914,44.9816,-1.2237,-95.7124,45.5058,1.9377
81.88,-98.2118,45.038,-1.2237,-95.7328,45.5619,1.9376
81.92,-98.2322,45.0945,-1.2237,-95.7531,45.6179,1.9374
81.96,-98.2526,45.1509,-1.2237,-95.7735,45.674,1.9373
82.0,-98.273,45.2073,-1.2237,-95.7938,45.7301,1.9372
82.04,-98.2934,45.2637,-1.2237,-95.8142,45.7862,1.937
82.08,-98.3138,45.3202,-1.2237,-95.8345,45.8423,1.9369
82.12,-98.3342,45.3766,-1.2237,-95.8549,45.8984,1.9368
82.16,-98.3547,45.433,-1.2237,-95.8752,45.9545,1.9366
82.2,-98.3751,45.4894,-1.2237,-95.8956,46.0106,1.9365
82.24,-98.3955,45.5458,-1.2237,-95.916,46.0667,1.9364
82.28,-98.4159,45.6023,-1.2237,-95.9363,46.1228,1.9363
82.32,-98.4363,45.6587,-1.2237,-95.9567,46.1789,1.9361
82.36,-98.4567,45.7151,-1.2237,-95.977,46.235,1.936
82.4,-98.4771,45.7715,-1.2237,-95.9974,46.2911,1.9359
82.44,-98.4975,45.828,-1.2237,-96.0177,46.3472,1.9358
82.48,-98.5179,45.8844,-1.2237,-96.0381,46.4034,1.9356
82.52,-98.5383,45.9408,-1.2237,-96.0584,46.4595,1.9355
82.56,-98.5587,45.9972,-1.2237,-96.0788,46.5156,1.9354
82.6,-98.5791,46.0537,-1.2237,-96.0992,46.5717,1.9353
82.64,-98.5996,46.1101,-1.2237,-96.1195,46.6278,1.9352
82.68,-98.62,46.1665,-1.2237,-96.1399,46.684,1.935
82.72,-98.6404,46.2229,-1.2237,-96.1602,46.7401,1.9349
82.76,-98.6608,46.2793,-1.2237,-96.1806,46.7962,1.9348
82.8,-98.6812,46.3358,-1.2237,-96.201,46.8524,1.9347
82.84,-98.7016,46.3922,-1.2237,-96.2213,46.9085,1.9346
82.88,-98.722,46.4486,-1.2237,-96.2417,46.9646,1.9345
82.92,-98.7424,46.505,-1.2237,-96.262,47.0208,1.9344
82.96,-98.7628,46.5615,-1.2237,-96.2824,47.0769,1.9342
83.0,-98.7832,46.6179,-1.2237,-96.3028,47.133,1.9341
83.04,-98.8036,46.6743,-1.2237,-96.3231,47.1892,1.934
83.08,-98.8241,46.7307,-1.2237,-96.3435,47.2453,1.9339
83.12,-98.8445,46.7871,-1.2237,-96.3639,47.3015,1.9338
83.16,-98.8649,46.8436,-1.2237,-96.3842,47.3576,1.9337
83.2,-98.8853,46.9,-1.2237,-96.4046,47.4138,1.9336
83.24,-98.9057,46.9564,-1.2237,-96.4249,47.4699,1.9335
83.28,-98.9261,47.0128,-1.2237,-96.4453,47.5261,1.9334
83.32,-98.9465,47.0693,-1.2237,-96.4657,47.5822,1.9333
83.36,-98.9669,47.1257,-1.2237,-96.486,47.6384,1.9332
83.4,-98.9873,47.1821,-1.2237,-96.5064,47.6946,1.9331
83.44,-99.0077,47.2385,-1.2237,-96.5268,47.7507,1.933
83.48,-99.0281,47.2949,-1.2237,-96.5471,47.8069,1.9328
83.52,-99.0486,47.3514,-1.2237,-96.5675,47.863,1.9327
83.56,-99.069,47.4078,-1.2237,-96.5879,47.9192,1.9326
83.6,-99.0894,47.4642,-1.2237,-96.6082,47.9754,1.9325
83.64,-99.1098,47.5206,-1.2237,-96.6286,48.0315,1.9324
83.68,-99.1302,47.5771,-1.2237,-96.649,48.0877,1.9323
83.72,-99.1506,47.6335,-1.2237,-96.6693,48.1439,1.9322
83.76,-99.171,47.6899,-1.2237,-96.6897,48.2001,1.9321
83.8,-99.1914,47.7463,-1.2237,-96.7101,48.2562,1.932
83.84,-99.2118,47.8027,-1.2237,-96.7304,48.3124,1.932
83.88,-99.2322,47.8592,-1.2237,-96.7508,48.3686,1.9319
83.92,-99.2526,47.9156,-1.2237,-96.7712,48.4248,1.9318
83.96,-99.2731,47.972,-1.2237,-96.7916,48.481,1.9317
84.0,-99.2935,48.0284,-1.2237,-96.8119,48.5372,1.9316
84.04,-99.3139,48.0849,-1.2237,-96.8323,48.5933,1.9315
84.08,-99.3343,48.1413,-1.2237,-96.8527,48.6495,1.9314
84.12,-99.3547,48.1977,-1.2237,-96.873,48.7057,1.9313
84.16,-99.3751,48.2541,-1.2237,-96.8934,48.7619,1.9312
84.2,-99.3955,48.3105,-1.2237,-96.9138,48.8181,1.9311
84.24,-99.4159,48.367,-1.2237,-96.9341,48.8743,1.931
84.28,-99.4363,48.4234,-1.2237,-96.9545,48.9305,1.9309
84.32,-99.4567,48.4798,-1.2237,-96.9749,48.9867,1.9308
84.36,-99.4771,48.5362,-1.2237,-96.9953,49.0429,1.9308
84.4,-99.4976,48.5927,-1.2237,-97.0156,49.0991,1.9307
84.44,-99.518,48.6491,-1.2237,-97.036,49.1553,1.9306
84.48,-99.5384,48.7055,-1.2237,-97.0564,49.2115,1.9305
84.52,-99.5588,48.7619,-1.2237,-97.0768,49.2677,1.9304
84.56,-99.5792,48.8183,-1.2237,-97.0971,49.3239,1.9303
84.6,-99.5996,48.8748,-1.2237,-97.1175,49.3801,1.9302
84.64,-99.62,48.9312,-1.2237,-97.1379,49.4363,1.9301
84.68,-99.6404,48.9876,-1.2237,-97.1583,49.4925,1.9301
84.72,-99.6608,49.044,-1.2237,-97.1786,49.5488,1.93
84.76,-99.6812,49.1005,-1.2237,-97.199,49.605,1.9299
84.8,-99.7016,49.1569,-1.2237,-97.2194,49.6612,1.9298
84.84,-99.7221,49.2133,-1.2237,-97.2398,49.7174,1.9297
84.88,-99.7425,49.2697,-1.2237,-97.2601,49.7736,1.9297
84.92,-99.7629,49.3261,-1.2237,-97.2805,49.8298,1.9296
84.96,-99.7833,49.3826,-1.2237,-97.3009,49.8861,1.9295
85.0,-99.8037,49.439,-1.2237,-97.3213,49.9423,1.9294
85.04,-99.8241,49.4954,-1.2237,-97.3416,49.9985,1.9293
85.08,-99.8445,49.5518,-1.2237,-97.362,50.0547,1.9293
85.12,-99.8649,49.6083,-1.2237,-97.3824,50.111,1.9292
85.16,-99.8853,49.6647,-1.2237,-97.4028,50.1672,1.9291
85.2,-99.9057,49.7211,-1.2237,-97.4231,50.2234,1.929
85.24,-99.9261,49.7775,-1.2237,-97.4435,50.2796,1.9289
85.28,-99.9466,49.8339,-1.2237,-97.4639,50.3359,1.9289
85.32,-99.967,49.8904,-1.2237,-97.4843,50.3921,1.9288
85.36,-99.9874,49.9468,-1.2237,-97.5047,50.4483,1.9287
85.4,-100.0078,50.0032,-1.2237,-97.525,50.5046,1.9286
85.44,-100.0282,50.0596,-1.2237,-97.5454,50.5608,1.9286
85.48,-100.0486,50.1161,-1.2237,-97.5658,50.6171,1.9285
85.52,-100.069,50.1725,-1.2237,-97.5862,50.6733,1.9284
85.56,-100.0894,50.2289,-1.2237,-97.6066,50.7295,1.9284
85.6,-100.1098,50.2853,-1.2237,-97.6269,50.7858,1.9283
85.64,-100.1302,50.3417,-1.2237,-97.6473,50.842,1.9282
85.68,-100.1506,50.3982,-1.2237,-97.6677,50.8983,1.9281
85.72,-100.1711,50.4546,-1.2237,-97.6881,50.9545,1.9281
85.76,-100.1915,50.511,-1.2237,-97.7085,51.0108,1.928
85.8,-100.2119,50.5674,-1.2237,-97.7288,51.067,1.9279
85.84,-100.2323,50.6239,-1.2237,-97.7492,51.1233,1.9279
85.88,-100.2527,50.6803,-1.2237,-97.7696,51.1795,1.9278
85.92,-100.2731,50.7367,-1.2237,-97.79,51.2358,1.9277
85.96,-100.2935,50.7931,-1.2237,-97.8104,51.292,1.9277
86.0,-100.3139,50.8495,-1.2237,-97.8307,51.3483,1.9276
86.04,-100.3343,50.906,-1.2237,-97.8511,51.4045,1.9275
86.08,-100.3547,50.9624,-1.2237,-97.8715,51.4608,1.9275
86.12,-100.3751,51.0188,-1.2237,-97.8919,51.517,1.9274
86.16,-100.3956,51.0752,-1.2237,-97.9123,51.5733,1.9273
86.2,-100.416,51.1317,-1.2237,-97.9327,51.6295,1.9273
86.24,-100.4364,51.1881,-1.2237,-97.953,51.6858,1.9272
86.28,-100.4568,51.2445,-1.2237,-97.9734,51.7421,1.9271
86.32,-100.4772,51.3009,-1.2237,-97.9938,51.7983,1.9271
86.36,-100.4976,51.3573,-1.2237,-98.0142,51.8546,1.927
86.4,-100.518,51.4138,-1.2237,-98.0346,51.9109,1.927
86.44,-100.5384,51.4702,-1.2237,-98.055,51.9671,1.9269
86.48,-100.5588,51.5266,-1.2237,-98.0753,52.0234,1.9268
86.52,-100.5792,51.583,-1.2237,-98.0957,52.0797,1.9268
86.56,-100.5996,51.6395,-1.2237,-98.1161,52.1359,1.9267
86.6,-100.6201,51.6959,-1.2237,-98.1365,52.1922,1.9266
86.64,-100.6405,51.7523,-1.2237,-98.1569,52.2485,1.9266
86.68,-100.6609,51.8087,-1.2237,-98.1773,52.3047,1.9265
86.72,-100.6813,51.8651,-1.2237,-98.1977,52.361,1.9265
86.76,-100.7017,51.9216,-1.2237,-98.218,52.4173,1.9264
86.8,-100.7221,51.978,-1.2237,-98.2384,52.4736,1.9263
86.84,-100.7425,52.0344,-1.2237,-98.2588,52.5298,1.9263
86.88,-100.7629,52.0908,-1.2237,-98.2792,52.5861,1.9262
86.92,-100.7833,52.1473,-1.2237,-98.2996,52.6424,1.9262
86.96,-100.8037,52.2037,-1.2237,-98.32,52.6987,1.9261
87.0,-100.8241,52.2601,-1.2237,-98.3404,52.755,1.9261
87.04,-100.8446,52.3165,-1.2237,-98.3607,52.8112,1.926
87.08,-100.865,52.3729,-1.2237,-98.3811,52.8675,1.926
87.12,-100.8854,52.4294,-1.2237,-98.4015,52.9238,1.9259
87.16,-100.9058,52.4858,-1.2237,-98.4219,52.9801,1.9258
87.2,-100.9262,52.5422,-1.2237,-98.4423,53.0364,1.9258
87.24,-100.9466,52.5986,-1.2237,-98.4627,53.0927,1.9257
87.28,-100.967,52.6551,-1.2237,-98.4831,53.149,1.9257
87.32,-100.9874,52.7115,-1.2237,-98.5035,53.2052,1.9256
87.36,-101.0078,52.7679,-1.2237,-98.5238,53.2615,1.9256
87.4,-101.0282,52.8243,-1.2237,-98.5442,53.3178,1.9255
87.44,-101.0486,52.8807,-1.2237,-98.5646,53.3741,1.9255
87.48,-101.0691,52.9372,-1.2237,-98.585,53.4304,1.9254
87.52,-101.0895,52.9936,-1.2237,-98.6054,53.4867,1.9254
87.56,-101.1099,53.05,-1.2237,-98.6258,53.543,1.9253
87.6,-101.1303,53.1064,-1.2237,-98.6462,53.5993,1.9253
87.64,-101.1507,53.1629,-1.2237,-98.6666,53.6556,1.9252
87.68,-101.1711,53.2193,-1.2237,-98.6869,53.7119,1.9252
87.72,-101.1915,53.2757,-1.2237,-98.7073,53.7682,1.9251
87.76,-101.2119,53.3321,-1.2237,-98.7277,53.8245,1.9251
87.8,-101.2323,53.3885,-1.2237,-98.7481,53.8808,1.925
87.84,-101.2527,53.445,-1.2237,-98.7685,53.9371,1.925
87.88,-101.2731,53.5014,-1.2237,-98.7889,53.9934,1.9249
87.92,-101.2936,53.5578,-1.2237,-98.8093,54.0497,1.9249
87.96,-101.314,53.6142,-1.2237,-98.8297,54.106,1.9248
88.0,-101.3344,53.6707,-1.2237,-98.8501,54.1623,1.9248
88.04,-101.3548,53.7271,-1.2237,-98.8705,54.2186,1.9247
88.08,-101.3752,53.7835,-1.2237,-98.8908,54.2749,1.9247
88.12,-101.3956,53.8399,-1.2237,-98.9112,54.3312,1.9246
88.16,-101.416,53.8963,-1.2237,-98.9316,54.3875,1.9246
88.2,-101.4364,53.9528,-1.2237,-98.952,54.4438,1.9245
88.24,-101.4568,54.0092,-1.2237,-98.9724,54.5001,1.9245
88.28,-101.4772,54.0656,-1.2237,-98.9928,54.5564,1.9245
88.32,-101.4976,54.122,-1.2237,-99.0132,54.6127,1.9244
88.36,-101.5181,54.1785,-1.2237,-99.0336,54.669,1.9244
88.4,-101.5385,54.2349,-1.2237,-99.054,54.7253,1.9243
88.44,-101.5589,54.2913,-1.2237,-99.0744,54.7817,1.9243
88.48,-101.5793,54.3477,-1.2237,-99.0948,54.838,1.9242
88.52,-101.5997,54.4041,-1.2237,-99.1152,54.8943,1.9242
88.56,-101.6201,54.4606,-1.2237,-99.1355,54.9506,1.9241
88.6,-101.6405,54.517,-1.2237,-99.1559,55.0069,1.9241
88.64,-101.6609,54.5734,-1.2237,-99.1763,55.0632,1.9241
88.68,-101.6813,54.6298,-1.2237,-99.1967,55.1195,1.924
88.72,-101.7017,54.6863,-1.2237,-99.2171,55.1759,1.924
88.76,-101.7221,54.7427,-1.2237,-99.2375,55.2322,1.9239
88.8,-101.7426,54.7991,-1.2237,-99.2579,55.2885,1.9239
88.84,-101.763,54.8555,-1.2237,-99.2783,55.3448,1.9238
88.88,-101.7834,54.9119,-1.2237,-99.2987,55.4011,1.9238
88.92,-101.8038,54.9684,-1.2237,-99.3191,55.4574,1.9238
88.96,-101.8242,55.0248,-1.2237,-99.3395,55.5138,1.9237
89.0,-101.8446,55.0812,-1.2237,-99.3599,55.5701,1.9237
89.04,-101.865,55.1376,-1.2237,-99.3803,55.6264,1.9236
89.08,-101.8854,55.1941,-1.2237,-99.4006,55.6827,1.9236
89.12,-101.9058,55.2505,-1.2237,-99.421,55.7391,1.9236
89.16,-101.9262,55.3069,-1.2237,-99.4414,55.7954,1.9235
89.2,-101.9466,55.3633,-1.2237,-99.4618,55.8517,1.9235
89.24,-101.9671,55.4197,-1.2237,-99.4822,55.908,1.9235
89.28,-101.9875,55.4762,-1.2237,-99.5026,55.9644,1.9234
89.32,-102.0079,55.5326,-1.2237,-99.523,56.0207,1.9234
89.36,-102.0283,55.589,-1.2237,-99.5434,56.077,1.9233
89.4,-102.0487,55.6454,-1.2237,-99.5638,56.1333,1.9233
89.44,-102.0691,55.7019,-1.2237,-99.5842,56.1897,1.9233
89.48,-102.0895,55.7583,-1.2237,-99.6046,56.246,1.9232
89.52,-102.1099,55.8147,-1.2237,-99.625,56.3023,1.9232
89.56,-102.1303,55.8711,-1.2237,-99.6454,56.3587,1.9232
89.6,-102.1507,55.9275,-1.2237,-99.6658,56.415,1.9231
89.64,-102.1711,55.984,-1.2237,-99.6862,56.4713,1.9231
89.68,-102.1915,56.0404,-1.2237,-99.7066,56.5277,1.923
89.72,-102.212,56.0968,-1.2237,-99.727,56.584,1.923
89.76,-102.2324,56.1532,-1.2237,-99.7474,56.6403,1.923
89.8,-102.2528,56.2097,-1.2237,-99.7677,56.6967,1.9229
89.84,-102.2732,56.2661,-1.2237,-99.7881,56.753,1.9229
89.88,-102.2936,56.3225,-1.2237,-99.8085,56.8093,1.9229
89.92,-102.314,56.3789,-1.2237,-99.8289,56.8657,1.9228
89.96,-102.3344,56.4353,-1.2237,-99.8493,56.922,1.9228
90.0,-102.3548,56.4918,-1.2237,-99.8697,56.9783,1.9228
90.04,-102.3752,56.5482,-1.2237,-99.8901,57.0347,1.9227
90.08,-102.3956,56.6046,-1.2237,-99.9105,57.091,1.9227
90.12,-102.416,56.661,-1.2237,-99.9309,57.1474,1.9227
90.16,-102.4365,56.7175,-1.2237,-99.9513,57.2037,1.9226
90.2,-102.4569,56.7739,-1.2237,-99.9717,57.26,1.9226
90.24,-102.4773,56.8303,-1.2237,-99.9921,57.3164,1.9226
90.28,-102.4977,56.8867,-1.2237,-100.0125,57.3727,1.9225
90.32,-102.5181,56.9431,-1.2237,-100.0329,57.4291,1.9225
90.36,-102.5385,56.9996,-1.2237,-100.0533,57.4854,1.9225
90.4,-102.5589,57.056,-1.2237,-100.0737,57.5417,1.9224
90.44,-102.5793,57.1124,-1.2237,-100.0941,57.5981,1.9224
90.48,-102.5997,57.1688,-1.2237,-100.1145,57.6544,1.9224
90.52,-102.6201,57.2253,-1.2237,-100.1349,57.7108,1.9224
90.56,-102.6405,57.2817,-1.2237,-100.1553,57.7671,1.9223
90.6,-102.661,57.3381,-1.2237,-100.1757,57.8235,1.9223
90.64,-102.6814,57.3945,-1.2237,-100.1961,57.8798,1.9223
90.68,-102.7018,57.4509,-1.2237,-100.2165,57.9362,1.9222
90.72,-102.7222,57.5074,-1.2237,-100.2369,57.9925,1.9222
90.76,-102.7426,57.5638,-1.2237,-100.2573,58.0489,1.9222
90.8,-102.763,57.6202,-1.2237,-100.2777,58.1052,1.9221
90.84,-102.7834,57.6766,-1.2237,-100.2981,58.1616,1.9221
90.88,-102.8038,57.7331,-1.2237,-100.3185,58.2179,1.9221
90.92,-102.8242,57.7895,-1.2237,-100.3389,58.2743,1.9221
90.96,-102.8446,57.8459,-1.2237,-100.3593,58.3306,1.922
91.0,-102.865,57.9023,-1.2237,-100.3797,58.387,1.922
91.04,-102.8855,57.9587,-1.2237,-100.4,58.4433,1.922
91.08,-102.9059,58.0152,-1.2237,-100.4204,58.4997,1.9219
91.12,-102.9263,58.0716,-1.2237,-100.4408,58.556,1.9219
91.16,-102.9467,58.128,-1.2237,-100.4612,58.6124,1.9219
91.2,-102.9671,58.1844,-1.2237,-100.4816,58.6687,1.9219
91.24,-102.9875,58.2409,-1.2237,-100.502,58.7251,1.9218
91.28,-103.0079,58.2973,-1.2237,-100.5224,58.7814,1.9218
91.32,-103.0283,58.3537,-1.2237,-100.5428,58.8378,1.9218
91.36,-103.0487,58.4101,-1.2237,-100.5632,58.8941,1.9218
91.4,-103.0691,58.4665,-1.2237,-100.5836,58.9505,1.9217
91.44,-103.0895,58.523,-1.2237,-100.604,59.0068,1.9217
91.48,-103.11,58.5794,-1.2237,-100.6244,59.0632,1.9217
91.52,-103.1304,58.6358,-1.2237,-100.6448,59.1196,1.9216
91.56,-103.1508,58.6922,-1.2237,-100.6652,59.1759,1.9216
91.6,-103.1712,58.7487,-1.2237,-100.6856,59.2323,1.9216
91.64,-103.1916,58.8051,-1.2237,-100.706,59.2886,1.9216
91.68,-103.212,58.8615,-1.2237,-100.7264,59.345,1.9215
91.72,-103.2324,58.9179,-1.2237,-100.7468,59.4013,1.9215
91.76,-103.2528,58.9743,-1.2237,-100.7672,59.4577,1.9215
91.8,-103.2732,59.0308,-1.2237,-100.7876,59.5141,1.9215
91.84,-103.2936,59.0872,-1.2237,-100.808,59.5704,1.9214
91.88,-103.314,59.1436,-1.2237,-100.8284,59.6268,1.9214
91.92,-103.3345,59.2,-1.2237,-100.8488,59.6831,1.9214
91.96,-103.3549,59.2565,-1.2237,-100.8692,59.7395,1.9214
92.0,-103.3753,59.3129,-1.2237,-100.8896,59.7959,1.9213
92.04,-103.3957,59.3693,-1.2237,-100.91,59.8522,1.9213
92.08,-103.4161,59.4257,-1.2237,-100.9304,59.9086,1.9213
92.12,-103.4365,59.4821,-1.2237,-100.9508,59.965,1.9213
92.16,-103.4569,59.5386,-1.2237,-100.9712,60.0213,1.9213
92.2,-103.4773,59.595,-1.2237,-100.9916,60.0777,1.9212
92.24,-103.4977,59.6514,-1.2237,-101.012,60.1341,1.9212
92.28,-103.5181,59.7078,-1.2237,-101.0324,60.1904,1.9212
92.32,-103.5385,59.7643,-1.2237,-101.0528,60.2468,1.9212
92.36,-103.559,59.8207,-1.2237,-101.0732,60.3031,1.9211
92.4,-103.5794,59.8771,-1.2237,-101.0936,60.3595,1.9211
92.44,-103.5998,59.9335,-1.2237,-101.114,60.4159,1.9211
92.48,-103.6202,59.9899,-1.2237,-101.1344,60.4722,1.9211
92.52,-103.6406,60.0464,-1.2237,-101.1548,60.5286,1.9211
92.56,-103.661,60.1028,-1.2237,-101.1752,60.585,1.921
92.6,-103.6814,60.1592,-1.2237,-101.1956,60.6413,1.921
92.64,-103.7018,60.2156,-1.2237,-101.216,60.6977,1.921
92.68,-103.7222,60.2721,-1.2237,-101.2364,60.7541,1.921
92.72,-103.7426,60.3285,-1.2237,-101.2568,60.8105,1.9209
92.76,-103.763,60.3849,-1.2237,-101.2772,60.8668,1.9209
92.8,-103.7835,60.4413,-1.2237,-101.2976,60.9232,1.9209
92.84,-103.8039,60.4977,-1.2237,-101.318,60.9796,1.9209
92.88,-103.8243,60.5542,-1.2237,-101.3384,61.0359,1.9209
92.92,-103.8447,60.6106,-1.2237,-101.3588,61.0923,1.9208
92.96,-103.8651,60.667,-1.2237,-101.3792,61.1487,1.9208
93.0,-103.8855,60.7234,-1.2237,-101.3996,61.205,1.9208
93.04,-103.9059,60.7799,-1.2237,-101.42,61.2614,1.9208
93.08,-103.9263,60.8363,-1.2237,-101.4404,61.3178,1.9208
93.12,-103.9467,60.8927,-1.2237,-101.4608,61.3742,1.9207
93.16,-103.9671,60.9491,-1.2237,-101.4812,61.4305,1.9207
93.2,-103.9875,61.0055,-1.2237,-101.5016,61.4869,1.9207
93.24,-104.008,61.062,-1.2237,-101.522,61.5433,1.9207
93.28,-104.0284,61.1184,-1.2237,-101.5424,61.5997,1.9207
93.32,-104.0488,61.1748,-1.2237,-101.5628,61.656,1.9206
93.36,-104.0692,61.2312,-1.2237,-101.5833,61.7124,1.9206
93.4,-104.0896,61.2877,-1.2237,-101.6037,61.7688,1.9206
93.44,-104.11,61.3441,-1.2237,-101.6241,61.8252,1.9206
93.48,-104.1304,61.4005,-1.2237,-101.6445,61.8815,1.9206
93.52,-104.1508,61.4569,-1.2237,-101.6649,61.9379,1.9206
93.56,-104.1712,61.5133,-1.2237,-101.6853,61.9943,1.9205
93.6,-104.1916,61.5698,-1.2237,-101.7057,62.0507,1.9205
93.64,-104.212,61.6262,-1.2237,-101.7261,62.107,1.9205
93.68,-104.2325,61.6826,-1.2237,-101.7465,62.1634,1.9205
93.72,-104.2529,61.739,-1.2237,-101.7669,62.2198,1.9205
93.76,-104.2733,61.7955,-1.2237,-101.7873,62.2762,1.9204
93.8,-104.2937,61.8519,-1.2237,-101.8077,62.3325,1.9204
93.84,-104.3141,61.9083,-1.2237,-101.8281,62.3889,1.9204
93.88,-104.3345,61.9647,-1.2237,-101.8485,62.4453,1.9204
93.92,-104.3549,62.0211,-1.2237,-101.8689,62.5017,1.9204
93.96,-104.3753,62.0776,-1.2237,-101.8893,62.5581,1.9204
94.0,-104.3957,62.134,-1.2237,-101.9097,62.6144,1.9203
94.04,-104.4161,62.1904,-1.2237,-101.9301,62.6708,1.9203
94.08,-104.4365,62.2468,-1.2237,-101.9505,62.7272,1.9203
94.12,-104.457,62.3033,-1.2237,-101.9709,62.7836,1.9203
94.16,-104.4774,62.3597,-1.2237,-101.9913,62.84,1.9203
94.2,-104.4978,62.4161,-1.2237,-102.0117,62.8963,1.9203
94.24,-104.5182,62.4725,-1.2237,-102.0321,62.9527,1.9202
94.28,-104.5386,62.5289,-1.2237,-102.0525,63.0091,1.9202
94.32,-104.559,62.5854,-1.2237,-102.0729,63.0655,1.9202
94.36,-104.5794,62.6418,-1.2237,-102.0933,63.1219,1.9202
94.4,-104.5998,62.6982,-1.2237,-102.1137,63.1783,1.9202
94.44,-104.6202,62.7546,-1.2237,-102.1341,63.2346,1.9202
94.48,-104.6406,62.8111,-1.2237,-102.1545,63.291,1.9201
94.52,-104.661,62.8675,-1.2237,-102.1749,63.3474,1.9201
94.56,-104.6815,62.9239,-1.2237,-102.1953,63.4038,1.9201
94.6,-104.7019,62.9803,-1.2237,-102.2157,63.4602,1.9201
94.64,-104.7223,63.0367,-1.2237,-102.2361,63.5166,1.9201
94.68,-104.7427,63.0932,-1.2237,-102.2565,63.5729,1.9201
94.72,-104.7631,63.1496,-1.2237,-102.2769,63.6293,1.9201
94.76,-104.7835,63.206,-1.2237,-102.2973,63.6857,1.92
94.8,-104.8039,63.2624,-1.2237,-102.3177,63.7421,1.92
94.84,-104.8243,63.3189,-1.2237,-102.3381,63.7985,1.92
94.88,-104.8447,63.3753,-1.2237,-102.3585,63.8549,1.92
94.92,-104.8651,63.4317,-1.2237,-102.379,63.9112,1.92
94.96,-104.8855,63.4881,-1.2237,-102.3994,63.9676,1.92
95.0,-104.906,63.5445,-1.2237,-102.4198,64.024,1.92
95.04,-104.9264,63.601,-1.2237,-102.4402,64.0804,1.9199
95.08,-104.9468,63.6574,-1.2237,-102.4606,64.1368,1.9199
95.12,-104.9672,63.7138,-1.2237,-102.481,64.1932,1.9199
95.16,-104.9876,63.7702,-1.2237,-102.5014,64.2496,1.9199
95.2,-105.008,63.8267,-1.2237,-102.5218,64.306,1.9199
95.24,-105.0284,63.8831,-1.2237,-102.5422,64.3623,1.9199
95.28,-105.0488,63.9395,-1.2237,-102.5626,64.4187,1.9199
95.32,-105.0692,63.9959,-1.2237,-102.583,64.4751,1.9198
95.36,-105.0896,64.0524,-1.2237,-102.6034,64.5315,1.9198
95.4,-105.11,64.1088,-1.2237,-102.6238,64.5879,1.9198
95.44,-105.1305,64.1652,-1.2237,-102.6442,64.6443,1.9198
95.48,-105.1509,64.2216,-1.2237,-102.6646,64.7007,1.9198
95.52,-105.1713,64.278,-1.2237,-102.685,64.7571,1.9198
95.56,-105.1917,64.3345,-1.2237,-102.7054,64.8134,1.9198
95.6,-105.2121,64.3909,-1.2237,-102.7258,64.8698,1.9197
95.64,-105.2325,64.4473,-1.2237,-102.7462,64.9262,1.9197
95.68,-105.2529,64.5037,-1.2237,-102.7666,64.9826,1.9197
95.72,-105.2733,64.5602,-1.2237,-102.787,65.039,1.9197
95.76,-105.2937,64.6166,-1.2237,-102.8074,65.0954,1.9197
95.8,-105.3141,64.673,-1.2237,-102.8278,65.1518,1.9197
95.84,-105.3345,64.7294,-1.2237,-102.8482,65.2082,1.9197
95.88,-105.355,64.7858,-1.2237,-102.8686,65.2646,1.9197
95.92,-105.3754,64.8423,-1.2237,-102.8891,65.321,1.9196
95.96,-105.3958,64.8987,-1.2237,-102.9095,65.3774,1.9196
96.0,-105.4162,64.9551,-1.2237,-102.9299,65.4337,1.9196
96.04,-105.4366,65.0115,-1.2237,-102.9503,65.4901,1.9196
96.08,-105.457,65.068,-1.2237,-102.9707,65.5465,1.9196
96.12,-105.4774,65.1244,-1.2237,-102.9911,65.6029,1.9196
96.16,-105.4978,65.1808,-1.2237,-103.0115,65.6593,1.9196
96.2,-105.5182,65.2372,-1.2237,-103.0319,65.7157,1.9196
96.24,-105.5386,65.2936,-1.2237,-103.0523,65.7721,1.9196
96.28,-105.559,65.3501,-1.2237,-103.0727,65.8285,1.9195
96.32,-105.5795,65.4065,-1.2237,-103.0931,65.8849,1.9195
96.36,-105.5999,65.4629,-1.2237,-103.1135,65.9413,1.9195
96.4,-105.6203,65.5193,-1.2237,-103.1339,65.9977,1.9195
96.44,-105.6407,65.5758,-1.2237,-103.1543,66.0541,1.9195
96.48,-105.6611,65.6322,-1.2237,-103.1747,66.1105,1.9195
96.52,-105.6815,65.6886,-1.2237,-103.1951,66.1669,1.9195
96.56,-105.7019,65.745,-1.2237,-103.2155,66.2233,1.9195
96.6,-105.7223,65.8014,-1.2237,-103.2359,66.2797,1.9195
96.64,-105.7427,65.8579,-1.2237,-103.2563,66.336,1.9194
96.68,-105.7631,65.9143,-1.2237,-103.2767,66.3924,1.9194
96.72,-105.7835,65.9707,-1.2237,-103.2971,66.4488,1.9194
96.76,-105.804,66.0271,-1.2237,-103.3175,66.5052,1.9194
96.8,-105.8244,66.0836,-1.2237,-103.338,66.5616,1.9194
96.84,-105.8448,66.14,-1.2237,-103.3584,66.618,1.9194
96.88,-105.8652,66.1964,-1.2237,-103.3788,66.6744,1.9194
96.92,-105.8856,66.2528,-1.2237,-103.3992,66.7308,1.9194
96.96,-105.906,66.3092,-1.2237,-103.4196,66.7872,1.9194
97.0,-105.9264,66.3657,-1.2237,-103.44,66.8436,1.9193
97.04,-105.9468,66.4221,-1.2237,-103.4604,66.9,1.9193
97.08,-105.9672,66.4785,-1.2237,-103.4808,66.9564,1.9193
97.12,-105.9876,66.5349,-1.2237,-103.5012,67.0128,1.9193
97.16,-106.008,66.5914,-1.2237,-103.5216,67.0692,1.9193
97.2,-106.0284,66.6478,-1.2237,-103.542,67.1256,1.9193
97.24,-106.0489,66.7042,-1.2237,-103.5624,67.182,1.9193
97.28,-106.0693,66.7606,-1.2237,-103.5828,67.2384,1.9193
97.32,-106.0897,66.817,-1.2237,-103.6032,67.2948,1.9193
97.36,-106.1101,66.8735,-1.2237,-103.6236,67.3512,1.9193
97.4,-106.1305,66.9299,-1.2237,-103.644,67.4076,1.9193
97.44,-106.1509,66.9863,-1.2237,-103.6644,67.464,1.9192
97.48,-106.1713,67.0427,-1.2237,-103.6848,67.5204,1.9192
97.52,-106.1917,67.0992,-1.2237,-103.7052,67.5768,1.9192
97.56,-106.2121,67.1556,-1.2237,-103.7257,67.6332,1.9192
97.6,-106.2325,67.212,-1.2237,-103.7461,67.6896,1.9192
97.64,-106.2529,67.2684,-1.2237,-103.7665,67.746,1.9192
97.68,-106.2734,67.3248,-1.2237,-103.7869,67.8024,1.9192
97.72,-106.2938,67.3813,-1.2237,-103.8073,67.8588,1.9192
97.76,-106.3142,67.4377,-1.2237,-103.8277,67.9152,1.9192
97.8,-106.3346,67.4941,-1.2237,-103.8481,67.9716,1.9192
97.84,-106.355,67.5505,-1.2237,-103.8685,68.028,1.9192
97.88,-106.3754,67.607,-1.2237,-103.8889,68.0844,1.9191
97.92,-106.3958,67.6634,-1.2237,-103.9093,68.1408,1.9191
97.96,-106.4162,67.7198,-1.2237,-103.9297,68.1972,1.9191
98.0,-106.4366,67.7762,-1.2237,-103.9501,68.2536,1.9191
98.04,-106.457,67.8326,-1.2237,-103.9705,68.31,1.9191
98.08,-106.4774,67.8891,-1.2237,-103.9909,68.3664,1.9191
98.12,-106.4979,67.9455,-1.2237,-104.0113,68.4228,1.9191
98.16,-106.5183,68.0019,-1.2237,-104.0317,68.4792,1.9191
98.2,-106.5387,68.0583,-1.2237,-104.0521,68.5356,1.9191
98.24,-106.5591,68.1148,-1.2237,-104.0726,68.592,1.9191
98.28,-106.5795,68.1712,-1.2237,-104.093,68.6484,1.9191
98.32,-106.5999,68.2276,-1.2237,-104.1134,68.7048,1.9191
98.36,-106.6203,68.284,-1.2237,-104.1338,68.7612,1.919
98.4,-106.6407,68.3404,-1.2237,-104.1542,68.8176,1.919
98.44,-106.6611,68.3969,-1.2237,-104.1746,68.874,1.919
98.48,-106.6815,68.4533,-1.2237,-104.195,68.9304,1.919
98.52,-106.7019,68.5097,-1.2237,-104.2154,68.9868,1.919
98.56,-106.7224,68.5661,-1.2237,-104.2358,69.0432,1.919
98.6,-106.7428,68.6226,-1.2237,-104.2562,69.0996,1.919
98.64,-106.7632,68.679,-1.2237,-104.2766,69.156,1.919
98.68,-106.7836,68.7354,-1.2237,-104.297,69.2124,1.919
98.72,-106.804,68.7918,-1.2237,-104.3174,69.2688,1.919
98.76,-106.8244,68.8482,-1.2237,-104.3378,69.3252,1.919
98.8,-106.8448,68.9047,-1.2237,-104.3582,69.3816,1.919
98.84,-106.8652,68.9611,-1.2237,-104.3786,69.438,1.9189
98.88,-106.8856,69.0175,-1.2237,-104.399,69.4944,1.9189
98.92,-106.906,69.0739,-1.2237,-104.4195,69.5508,1.9189
98.96,-106.9264,69.1304,-1.2237,-104.4399,69.6072,1.9189
99.0,-106.9469,69.1868,-1.2237,-104.4603,69.6636,1.9189
99.04,-106.9673,69.2432,-1.2237,-104.4807,69.72,1.9189
99.08,-106.9877,69.2996,-1.2237,-104.5011,69.7765,1.9189
99.12,-107.0081,69.356,-1.2237,-104.5215,69.8329,1.9189
99.16,-107.0285,69.4125,-1.2237,-104.5419,69.8893,1.9189
99.2,-107.0489,69.4689,-1.2237,-104.5623,69.9457,1.9189
99.24,-107.0693,69.5253,-1.2237,-104.5827,70.0021,1.9189
99.28,-107.0897,69.5817,-1.2237,-104.6031,70.0585,1.9189
99.32,-107.1101,69.6382,-1.2237,-104.6235,70.1149,1.9189
99.36,-107.1305,69.6946,-1.2237,-104.6439,70.1713,1.9189
99.4,-107.1509,69.751,-1.2237,-104.6643,70.2277,1.9189
99.44,-107.1714,69.8074,-1.2237,-104.6847,70.2841,1.9188
99.48,-107.1918,69.8638,-1.2237,-104.7051,70.3405,1.9188
99.52,-107.2122,69.9203,-1.2237,-104.7256,70.3969,1.9188
99.56,-107.2326,69.9767,-1.2237,-104.746,70.4533,1.9188
99.6,-107.253,70.0331,-1.2237,-104.7664,70.5097,1.9188
99.64,-107.2734,70.0895,-1.2237,-104.7868,70.5661,1.9188
99.68,-107.2938,70.146,-1.2237,-104.8072,70.6225,1.9188
99.72,-107.3142,70.2024,-1.2237,-104.8276,70.6789,1.9188
99.76,-107.3346,70.2588,-1.2237,-104.848,70.7353,1.9188
99.8,-107.355,70.3152,-1.2237,-104.8684,70.7918,1.9188
99.84,-107.3754,70.3716,-1.2237,-104.8888,70.8482,1.9188
99.88,-107.3959,70.4281,-1.2237,-104.9092,70.9046,1.9188
99.92,-107.4163,70.4845,-1.2237,-104.9296,70.961,1.9188
99.96,-107.4367,70.5409,-1.2237,-104.95,71.0174,1.9188
100.0,-107.4571,70.5973,-1.2237,-104.9704,71.0738,1.9188
100.04,-107.4775,70.6538,-1.2237,-104.9908,71.1302,1.9187
100.08,-107.4979,70.7102,-1.2237,-105.0112,71.1866,1.9187
100.12,-107.5183,70.7666,-1.2237,-105.0317,71.243,1.9187
100.16,-107.5387,70.823,-1.2237,-105.0521,71.2994,1.9187
100.2,-107.5591,70.8794,-1.2237,-105.0725,71.3558,1.9187
100.24,-107.5795,70.9359,-1.2237,-105.0929,71.4122,1.9187
100.28,-107.5999,70.9923,-1.2237,-105.1133,71.4686,1.9187
100.32,-107.6204,71.0487,-1.2237,-105.1337,71.525,1.9187
100.36,-107.6408,71.1051,-1.2237,-105.1541,71.5815,1.9187
100.4,-107.6612,71.1616,-1.2237,-105.1745,71.6379,1.9187
100.44,-107.6816,71.218,-1.2237,-105.1949,71.6943,1.9187
100.48,-107.702,71.2744,-1.2237,-105.2153,71.7507,1.9187
100.52,-107.7224,71.3308,-1.2237,-105.2357,71.8071,1.9187
100.56,-107.7428,71.3872,-1.2237,-105.2561,71.8635,1.9187
100.6,-107.7632,71.4437,-1.2237,-105.2765,71.9199,1.9187
100.64,-107.7836,71.5001,-1.2237,-105.2969,71.9763,1.9187
100.68,-107.804,71.5565,-1.2237,-105.3173,72.0327,1.9187
100.72,-107.8244,71.6129,-1.2237,-105.3378,72.0891,1.9187
100.76,-107.8449,71.6694,-1.2237,-105.3582,72.1455,1.9186
100.8,-107.8653,71.7258,-1.2237,-105.3786,72.2019,1.9186
100.84,-107.8857,71.7822,-1.2237,-105.399,72.2584,1.9186
100.88,-107.9061,71.8386,-1.2237,-105.4194,72.3148,1.9186
100.92,-107.9265,71.895,-1.2237,-105.4398,72.3712,1.9186
100.96,-107.9469,71.9515,-1.2237,-105.4602,72.4276,1.9186
101.0,-107.9673,72.0079,-1.2237,-105.4806,72.484,1.9186
101.04,-107.9877,72.0643,-1.2237,-105.501,72.5404,1.9186
101.08,-108.0081,72.1207,-1.2237,-105.5214,72.5968,1.9186
101.12,-108.0285,72.1772,-1.2237,-105.5418,72.6532,1.9186
101.16,-108.0489,72.2336,-1.2237,-105.5622,72.7096,1.9186
101.2,-108.0694,72.29,-1.2237,-105.5826,72.766,1.9186
101.24,-108.0898,72.3464,-1.2237,-105.603,72.8224,1.9186
101.28,-108.1102,72.4028,-1.2237,-105.6235,72.8789,1.9186
101.32,-108.1306,72.4593,-1.2237,-105.6439,72.9353,1.9186
101.36,-108.151,72.5157,-1.2237,-105.6643,72.9917,1.9186
101.4,-108.1714,72.5721,-1.2237,-105.6847,73.0481,1.9186
101.44,-108.1918,72.6285,-1.2237,-105.7051,73.1045,1.9186
101.48,-108.2122,72.685,-1.2237,-105.7255,73.1609,1.9186
101.52,-108.2326,72.7414,-1.2237,-105.7459,73.2173,1.9186
101.56,-108.253,72.7978,-1.2237,-105.7663,73.2737,1.9185
101.6,-108.2734,72.8542,-1.2237,-105.7867,73.3301,1.9185
101.64,-108.2939,72.9106,-1.2237,-105.8071,73.3866,1.9185
101.68,-108.3143,72.9671,-1.2237,-105.8275,73.443,1.9185
101.72,-108.3347,73.0235,-1.2237,-105.8479,73.4994,1.9185
101.76,-108.3551,73.0799,-1.2237,-105.8683,73.5558,1.9185
101.8,-108.3755,73.1363,-1.2237,-105.8887,73.6122,1.9185
101.84,-108.3959,73.1928,-1.2237,-105.9092,73.6686,1.9185
101.88,-108.4163,73.2492,-1.2237,-105.9296,73.725,1.9185
101.92,-108.4367,73.3056,-1.2237,-105.95,73.7814,1.9185
101.96,-108.4571,73.362,-1.2237,-105.9704,73.8378,1.9185
102.0,-108.4775,73.4184,-1.2237,-105.9908,73.8943,1.9185
102.04,-108.4979,73.4749,-1.2237,-106.0112,73.9507,1.9185
102.08,-108.5184,73.5313,-1.2237,-106.0316,74.0071,1.9185
102.12,-108.5388,73.5877,-1.2237,-106.052,74.0635,1.9185
102.16,-108.5592,73.6441,-1.2237,-106.0724,74.1199,1.9185
102.2,-108.5796,73.7006,-1.2237,-106.0928,74.1763,1.9185
102.24,-108.6,73.757,-1.2237,-106.1132,74.2327,1.9185
102.28,-108.6204,73.8134,-1.2237,-106.1336,74.2891,1.9185
102.32,-108.6408,73.8698,-1.2237,-106.154,74.3455,1.9185
102.36,-108.6612,73.9262,-1.2237,-106.1745,74.402,1.9185
102.4,-108.6816,73.9827,-1.2237,-106.1949,74.4584,1.9185
102.44,-108.702,74.0391,-1.2237,-106.2153,74.5148,1.9185
102.48,-108.7224,74.0955,-1.2237,-106.2357,74.5712,1.9185
102.52,-108.7429,74.1519,-1.2237,-106.2561,74.6276,1.9184
102.56,-108.7633,74.2084,-1.2237,-106.2765,74.684,1.9184
102.6,-108.7837,74.2648,-1.2237,-106.2969,74.7404,1.9184
102.64,-108.8041,74.3212,-1.2237,-106.3173,74.7968,1.9184
102.68,-108.8245,74.3776,-1.2237,-106.3377,74.8533,1.9184
102.72,-108.8449,74.434,-1.2237,-106.3581,74.9097,1.9184
102.76,-108.8653,74.4905,-1.2237,-106.3785,74.9661,1.9184
102.8,-108.8857,74.5469,-1.2237,-106.3989,75.0225,1.9184
102.84,-108.9061,74.6033,-1.2237,-106.4193,75.0789,1.9184
102.88,-108.9265,74.6597,-1.2237,-106.4398,75.1353,1.9184
102.92,-108.9469,74.7162,-1.2237,-106.4602,75.1917,1.9184
102.96,-108.9674,74.7726,-1.2237,-106.4806,75.2481,1.9184
103.0,-108.9878,74.829,-1.2237,-106.501,75.3046,1.9184
103.04,-109.0082,74.8854,-1.2237,-106.5214,75.361,1.9184
103.08,-109.0286,74.9418,-1.2237,-106.5418,75.4174,1.9184
103.12,-109.049,74.9983,-1.2237,-106.5622,75.4738,1.9184
103.16,-109.0694,75.0547,-1.2237,-106.5826,75.5302,1.9184
103.2,-109.0898,75.1111,-1.2237,-106.603,75.5866,1.9184
103.24,-109.1102,75.1675,-1.2237,-106.6234,75.643,1.9184
103.28,-109.1306,75.224,-1.2237,-106.6438,75.6995,1.9184
103.32,-109.151,75.2804,-1.2237,-106.6642,75.7559,1.9184
103.36,-109.1714,75.3368,-1.2237,-106.6846,75.8123,1.9184
103.4,-109.1919,75.3932,-1.2237,-106.7051,75.8687,1.9184
103.44,-109.2123,75.4496,-1.2237,-106.7255,75.9251,1.9184
103.48,-109.2327,75.5061,-1.2237,-106.7459,75.9815,1.9184
103.52,-109.2531,75.5625,-1.2237,-106.7663,76.0379,1.9184
103.56,-109.2735,75.6189,-1.2237,-106.7867,76.0943,1.9184
103.6,-109.2939,75.6753,-1.2237,-106.8071,76.1508,1.9183
103.64,-109.3143,75.7318,-1.2237,-106.8275,76.2072,1.9183
103.68,-109.3347,75.7882,-1.2237,-106.8479,76.2636,1.9183
103.72,-109.3551,75.8446,-1.2237,-106.8683,76.32,1.9183
103.76,-109.3755,75.901,-1.2237,-106.8887,76.3764,1.9183
103.8,-109.3959,75.9574,-1.2237,-106.9091,76.4328,1.9183
103.84,-109.4164,76.0139,-1.2237,-106.9295,76.4892,1.9183
103.88,-109.4368,76.0703,-1.2237,-106.9499,76.5457,1.9183
103.92,-109.4572,76.1267,-1.2237,-106.9704,76.6021,1.9183
103.96,-109.4776,76.1831,-1.2237,-106.9908,76.6585,1.9183
104.0,-109.498,76.2396,-1.2237,-107.0112,76.7149,1.9183
104.04,-109.5184,76.296,-1.2237,-107.0316,76.7713,1.9183
104.08,-109.5388,76.3524,-1.2237,-107.052,76.8277,1.9183
104.12,-109.5592,76.4088,-1.2237,-107.0724,76.8842,1.9183
104.16,-109.5796,76.4652,-1.2237,-107.0928,76.9406,1.9183
104.2,-109.6,76.5217,-1.2237,-107.1132,76.997,1.9183
104.24,-109.6204,76.5781,-1.2237,-107.1336,77.0534,1.9183
104.28,-109.6408,76.6345,-1.2237,-107.154,77.1098,1.9183
104.32,-109.6613,76.6909,-1.2237,-107.1744,77.1662,1.9183
104.36,-109.6817,76.7474,-1.2237,-107.1948,77.2226,1.9183
104.4,-109.7021,76.8038,-1.2237,-107.2152,77.2791,1.9183
104.44,-109.7225,76.8602,-1.2237,-107.2357,77.3355,1.9183
104.48,-109.7429,76.9166,-1.2237,-107.2561,77.3919,1.9183
104.52,-109.7633,76.973,-1.2237,-107.2765,77.4483,1.9183
104.56,-109.7837,77.0295,-1.2237,-107.2969,77.5047,1.9183
104.6,-109.8041,77.0859,-1.2237,-107.3173,77.5611,1.9183
104.64,-109.8245,77.1423,-1.2237,-107.3377,77.6175,1.9183
104.68,-109.8449,77.1987,-1.2237,-107.3581,77.674,1.9183
104.72,-109.8653,77.2552,-1.2237,-107.3785,77.7304,1.9183
104.76,-109.8858,77.3116,-1.2237,-107.3989,77.7868,1.9183
104.8,-109.9062,77.368,-1.2237,-107.4193,77.8432,1.9183
104.84,-109.9266,77.4244,-1.2237,-107.4397,77.8996,1.9183
104.88,-109.947,77.4808,-1.2237,-107.4601,77.956,1.9183
104.92,-109.9674,77.5373,-1.2237,-107.4806,78.0125,1.9183
104.96,-109.9878,77.5937,-1.2237,-107.501,78.0689,1.9183
105.0,-110.0082,77.6501,-1.2237,-107.5214,78.1253,1.9182
105.04,-110.0286,77.7065,-1.2237,-107.5418,78.1817,1.9182
105.08,-110.049,77.763,-1.2237,-107.5622,78.2381,1.9182
105.12,-110.0694,77.8194,-1.2237,-107.5826,78.2945,1.9182
105.16,-110.0898,77.8758,-1.2237,-107.603,78.3509,1.9182
105.2,-110.1103,77.9322,-1.2237,-107.6234,78.4074,1.9182
105.24,-110.1307,77.9886,-1.2237,-107.6438,78.4638,1.9182
105.28,-110.1511,78.0451,-1.2237,-107.6642,78.5202,1.9182
105.32,-110.1715,78.1015,-1.2237,-107.6846,78.5766,1.9182
105.36,-110.1919,78.1579,-1.2237,-107.705,78.633,1.9182
105.4,-110.2123,78.2143,-1.2237,-107.7254,78.6894,1.9182
105.44,-110.2327,78.2708,-1.2237,-107.7459,78.7459,1.9182
105.48,-110.2531,78.3272,-1.2237,-107.7663,78.8023,1.9182
105.52,-110.2735,78.3836,-1.2237,-107.7867,78.8587,1.9182
105.56,-110.2939,78.44,-1.2237,-107.8071,78.9151,1.9182
105.6,-110.3143,78.4964,-1.2237,-107.8275,78.9715,1.9182
105.64,-110.3348,78.5529,-1.2237,-107.8479,79.0279,1.9182
105.68,-110.3552,78.6093,-1.2237,-107.8683,79.0844,1.9182
105.72,-110.3756,78.6657,-1.2237,-107.8887,79.1408,1.9182
105.76,-110.396,78.7221,-1.2237,-107.9091,79.1972,1.9182
105.8,-110.4164,78.7786,-1.2237,-107.9295,79.2536,1.9182
105.84,-110.4368,78.835,-1.2237,-107.9499,79.31,1.9182
105.88,-110.4572,78.8914,-1.2237,-107.9703,79.3664,1.9182
105.92,-110.4776,78.9478,-1.2237,-107.9908,79.4229,1.9182
105.96,-110.498,79.0042,-1.2237,-108.0112,79.4793,1.9182
106.0,-110.5184,79.0607,-1.2237,-108.0316,79.5357,1.9182
106.04,-110.5388,79.1171,-1.2237,-108.052,79.5921,1.9182
106.08,-110.5593,79.1735,-1.2237,-108.0724,79.6485,1.9182
106.12,-110.5797,79.2299,-1.2237,-108.0928,79.7049,1.9182
106.16,-110.6001,79.2864,-1.2237,-108.1132,79.7614,1.9182
106.2,-110.6205,79.3428,-1.2237,-108.1336,79.8178,1.9182
106.24,-110.6409,79.3992,-1.2237,-108.154,79.8742,1.9182
106.28,-110.6613,79.4556,-1.2237,-108.1744,79.9306,1.9182
106.32,-110.6817,79.512,-1.2237,-108.1948,79.987,1.9182
106.36,-110.7021,79.5685,-1.2237,-108.2152,80.0434,1.9182
106.4,-110.7225,79.6249,-1.2237,-108.2357,80.0999,1.9182
106.44,-110.7429,79.6813,-1.2237,-108.2561,80.1563,1.9182
106.48,-110.7633,79.7377,-1.2237,-108.2765,80.2127,1.9182
106.52,-110.7838,79.7942,-1.2237,-108.2969,80.2691,1.9182
106.56,-110.8042,79.8506,-1.2237,-108.3173,80.3255,1.9182
106.6,-110.8246,79.907,-1.2237,-108.3377,80.382,1.9182
106.64,-110.845,79.9634,-1.2237,-108.3581,80.4384,1.9182
106.68,-110.8654,80.0198,-1.2237,-108.3785,80.4948,1.9182
106.72,-110.8858,80.0763,-1.2237,-108.3989,80.5512,1.9182
106.76,-110.9062,80.1327,-1.2237,-108.4193,80.6076,1.9182
106.8,-110.9266,80.1891,-1.2237,-108.4397,80.664,1.9181
106.84,-110.947,80.2455,-1.2237,-108.4601,80.7205,1.9181
106.88,-110.9674,80.302,-1.2237,-108.4806,80.7769,1.9181
106.92,-110.9878,80.3584,-1.2237,-108.501,80.8333,1.9181
106.96,-111.0083,80.4148,-1.2237,-108.5214,80.8897,1.9181
107.0,-111.0287,80.4712,-1.2237,-108.5418,80.9461,1.9181
107.04,-111.0491,80.5276,-1.2237,-108.5622,81.0025,1.9181
107.08,-111.0695,80.5841,-1.2237,-108.5826,81.059,1.9181
107.12,-111.0899,80.6405,-1.2237,-108.603,81.1154,1.9181
107.16,-111.1103,80.6969,-1.2237,-108.6234,81.1718,1.9181
107.2,-111.1307,80.7533,-1.2237,-108.6438,81.2282,1.9181
107.24,-111.1511,80.8098,-1.2237,-108.6642,81.2846,1.9181
107.28,-111.1715,80.8662,-1.2237,-108.6846,81.341,1.9181
107.32,-111.1919,80.9226,-1.2237,-108.705,81.3975,1.9181
107.36,-111.2123,80.979,-1.2237,-108.7255,81.4539,1.9181
107.4,-111.2328,81.0354,-1.2237,-108.7459,81.5103,1.9181
107.44,-111.2532,81.0919,-1.2237,-108.7663,81.5667,1.9181
107.48,-111.2736,81.1483,-1.2237,-108.7867,81.6231,1.9181
107.52,-111.294,81.2047,-1.2237,-108.8071,81.6796,1.9181
107.56,-111.3144,81.2611,-1.2237,-108.8275,81.736,1.9181
107.6,-111.3348,81.3176,-1.2237,-108.8479,81.7924,1.9181
107.64,-111.3552,81.374,-1.2237,-108.8683,81.8488,1.9181
107.68,-111.3756,81.4304,-1.2237,-108.8887,81.9052,1.9181
107.72,-111.396,81.4868,-1.2237,-108.9091,81.9616,1.9181
107.76,-111.4164,81.5432,-1.2237,-108.9295,82.0181,1.9181
107.8,-111.4368,81.5997,-1.2237,-108.9499,82.0745,1.9181
107.84,-111.4573,81.6561,-1.2237,-108.9704,82.1309,1.9181
107.88,-111.4777,81.7125,-1.2237,-108.9908,82.1873,1.9181
107.92,-111.4981,81.7689,-1.2237,-109.0112,82.2437,1.9181
107.96,-111.5185,81.8254,-1.2237,-109.0316,82.3002,1.9181
108.0,-111.5389,81.8818,-1.2237,-109.052,82.3566,1.9181
108.04,-111.5593,81.9382,-1.2237,-109.0724,82.413,1.9181
108.08,-111.5797,81.9946,-1.2237,-109.0928,82.4694,1.9181
108.12,-111.6001,82.0511,-1.2237,-109.1132,82.5258,1.9181
108.16,-111.6205,82.1075,-1.2237,-109.1336,82.5822,1.9181
108.2,-111.6409,82.1639,-1.2237,-109.154,82.6387,1.9181
108.24,-111.6613,82.2203,-1.2237,-109.1744,82.6951,1.9181
108.28,-111.6818,82.2767,-1.2237,-109.1948,82.7515,1.9181
108.32,-111.7022,82.3332,-1.2237,-109.2153,82.8079,1.9181
108.36,-111.7226,82.3896,-1.2237,-109.2357,82.8643,1.9181
108.4,-111.743,82.446,-1.2237,-109.2561,82.9208,1.9181
108.44,-111.7634,82.5024,-1.2237,-109.2765,82.9772,1.9181
108.48,-111.7838,82.5589,-1.2237,-109.2969,83.0336,1.9181
108.52,-111.8042,82.6153,-1.2237,-109.3173,83.09,1.9181
108.56,-111.8246,82.6717,-1.2237,-109.3377,83.1464,1.9181
108.6,-111.845,82.7281,-1.2237,-109.3581,83.2029,1.9181
108.64,-111.8654,82.7845,-1.2237,-109.3785,83.2593,1.9181
108.68,-111.8858,82.841,-1.2237,-109.3989,83.3157,1.9181
108.72,-111.9063,82.8974,-1.2237,-109.4193,83.3721,1.9181
108.76,-111.9267,82.9538,-1.2237,-109.4397,83.4285,1.9181
108.8,-111.9471,83.0102,-1.2237,-109.4602,83.4849,1.9181
108.84,-111.9675,83.0667,-1.2237,-109.4806,83.5414,1.9181
108.88,-111.9879,83.1231,-1.2237,-109.501,83.5978,1.9181
108.92,-112.0083,83.1795,-1.2237,-109.5214,83.6542,1.9181
108.96,-112.0287,83.2359,-1.2237,-109.5418,83.7106,1.9181
109.0,-112.0491,83.2923,-1.2237,-109.5622,83.767,1.9181
109.04,-112.0695,83.3488,-1.2237,-109.5826,83.8235,1.9181
109.08,-112.0899,83.4052,-1.2237,-109.603,83.8799,1.9181
109.12,-112.1103,83.4616,-1.2237,-109.6234,83.9363,1.9181
109.16,-112.1308,83.518,-1.2237,-109.6438,83.9927,1.9181
109.2,-112.1512,83.5745,-1.2237,-109.6642,84.0491,1.9181
109.24,-112.1716,83.6309,-1.2237,-109.6847,84.1056,1.9181
109.28,-112.192,83.6873,-1.2237,-109.7051,84.162,1.9181
109.32,-112.2124,83.7437,-1.2237,-109.7255,84.2184,1.9181
109.36,-112.2328,83.8001,-1.2237,-109.7459,84.2748,1.9181
109.4,-112.2532,83.8566,-1.2237,-109.7663,84.3312,1.918
109.44,-112.2736,83.913,-1.2237,-109.7867,84.3877,1.918
109.48,-112.294,83.9694,-1.2237,-109.8071,84.4441,1.918
109.52,-112.3144,84.0258,-1.2237,-109.8275,84.5005,1.918
109.56,-112.3348,84.0823,-1.2237,-109.8479,84.5569,1.918
109.6,-112.3553,84.1387,-1.2237,-109.8683,84.6133,1.918
109.64,-112.3757,84.1951,-1.2237,-109.8887,84.6698,1.918
109.68,-112.3961,84.2515,-1.2237,-109.9091,84.7262,1.918
109.72,-112.4165,84.3079,-1.2237,-109.9296,84.7826,1.918
109.76,-112.4369,84.3644,-1.2237,-109.95,84.839,1.918
109.8,-112.4573,84.4208,-1.2237,-109.9704,84.8954,1.918
109.84,-112.4777,84.4772,-1.2237,-109.9908,84.9518,1.918
109.88,-112.4981,84.5336,-1.2237,-110.0112,85.0083,1.918
109.92,-112.5185,84.5901,-1.2237,-110.0316,85.0647,1.918
109.96,-112.5389,84.6465,-1.2237,-110.052,85.1211,1.918
110.0,-112.5593,84.7029,-1.2237,-110.0724,85.1775,1.918
110.04,-112.5798,84.7593,-1.2237,-110.0928,85.2339,1.918
110.08,-112.6002,84.8157,-1.2237,-110.1132,85.2904,1.918
110.12,-112.6206,84.8722,-1.2237,-110.1336,85.3468,1.918
110.16,-112.641,84.9286,-1.2237,-110.154,85.4032,1.918
110.2,-112.6614,84.985,-1.2237,-110.1745,85.4596,1.918
110.24,-112.6818,85.0414,-1.2237,-110.1949,85.516,1.918
110.28,-112.7022,85.0979,-1.2237,-110.2153,85.5725,1.918
110.32,-112.7226,85.1543,-1.2237,-110.2357,85.6289,1.918
110.36,-112.743,85.2107,-1.2237,-110.2561,85.6853,1.918
110.4,-112.7634,85.2671,-1.2237,-110.2765,85.7417,1.918
110.44,-112.7838,85.3235,-1.2237,-110.2969,85.7981,1.918
110.48,-112.8043,85.38,-1.2237,-110.3173,85.8546,1.918
110.52,-112.8247,85.4364,-1.2237,-110.3377,85.911,1.918
110.56,-112.8451,85.4928,-1.2237,-110.3581,85.9674,1.918
110.6,-112.8655,85.5492,-1.2237,-110.3785,86.0238,1.918
110.64,-112.8859,85.6057,-1.2237,-110.399,86.0802,1.918
110.68,-112.9063,85.6621,-1.2237,-110.4194,86.1367,1.918
110.72,-112.9267,85.7185,-1.2237,-110.4398,86.1931,1.918
110.76,-112.9471,85.7749,-1.2237,-110.4602,86.2495,1.918
110.8,-112.9675,85.8313,-1.2237,-110.4806,86.3059,1.918
110.84,-112.9879,85.8878,-1.2237,-110.501,86.3623,1.918
110.88,-113.0083,85.9442,-1.2237,-110.5214,86.4188,1.918
110.92,-113.0288,86.0006,-1.2237,-110.5418,86.4752,1.918
110.96,-113.0492,86.057,-1.2237,-110.5622,86.5316,1.918
111.0,-113.0696,86.1135,-1.2237,-110.5826,86.588,1.918
111.04,-113.09,86.1699,-1.2237,-110.603,86.6444,1.918
111.08,-113.1104,86.2263,-1.2237,-110.6234,86.7009,1.918
111.12,-113.1308,86.2827,-1.2237,-110.6439,86.7573,1.918
111.16,-113.1512,86.3391,-1.2237,-110.6643,86.8137,1.918
111.2,-113.1716,86.3956,-1.2237,-110.6847,86.8701,1.918
111.24,-113.192,86.452,-1.2237,-110.7051,86.9265,1.918
111.28,-113.2124,86.5084,-1.2237,-110.7255,86.983,1.918
111.32,-113.2328,86.5648,-1.2237,-110.7459,87.0394,1.918
111.36,-113.2532,86.6213,-1.2237,-110.7663,87.0958,1.918
111.4,-113.2737,86.6777,-1.2237,-110.7867,87.1522,1.918
111.44,-113.2941,86.7341,-1.2237,-110.8071,87.2086,1.918
111.48,-113.3145,86.7905,-1.2237,-110.8275,87.2651,1.918
111.52,-113.3349,86.8469,-1.2237,-110.8479,87.3215,1.918
111.56,-113.3553,86.9034,-1.2237,-110.8684,87.3779,1.918
111.6,-113.3757,86.9598,-1.2237,-110.8888,87.4343,1.918
111.64,-113.3961,87.0162,-1.2237,-110.9092,87.4907,1.918
111.68,-113.4165,87.0726,-1.2237,-110.9296,87.5472,1.918
111.72,-113.4369,87.1291,-1.2237,-110.95,87.6036,1.918
111.76,-113.4573,87.1855,-1.2237,-110.9704,87.66,1.918
111.8,-113.4777,87.2419,-1.2237,-110.9908,87.7164,1.918
111.84,-113.4982,87.2983,-1.2237,-111.0112,87.7728,1.918
111.88,-113.5186,87.3547,-1.2237,-111.0316,87.8293,1.918
111.92,-113.539,87.4112,-1.2237,-111.052,87.8857,1.918
111.96,-113.5594,87.4676,-1.2237,-111.0724,87.9421,1.918
112.0,-113.5798,87.524,-1.2237,-111.0928,87.9985,1.918
112.04,-113.6002,87.5804,-1.2237,-111.1133,88.0549,1.918
112.08,-113.6206,87.6369,-1.2237,-111.1337,88.1114,1.918
112.12,-113.641,87.6933,-1.2237,-111.1541,88.1678,1.918
112.16,-113.6614,87.7497,-1.2237,-111.1745,88.2242,1.918
112.2,-113.6818,87.8061,-1.2237,-111.1949,88.2806,1.918
112.24,-113.7022,87.8625,-1.2237,-111.2153,88.337,1.918
112.28,-113.7227,87.919,-1.2237,-111.2357,88.3935,1.918
112.32,-113.7431,87.9754,-1.2237,-111.2561,88.4499,1.918
112.36,-113.7635,88.0318,-1.2237,-111.2765,88.5063,1.918
112.4,-113.7839,88.0882,-1.2237,-111.2969,88.5627,1.918
112.44,-113.8043,88.1447,-1.2237,-111.3173,88.6191,1.918
112.48,-113.8247,88.2011,-1.2237,-111.3378,88.6756,1.918
112.52,-113.8451,88.2575,-1.2237,-111.3582,88.732,1.918
112.56,-113.8655,88.3139,-1.2237,-111.3786,88.7884,1.918
112.6,-113.8859,88.3703,-1.2237,-111.399,88.8448,1.918
112.64,-113.9063,88.4268,-1.2237,-111.4194,88.9012,1.918
112.68,-113.9267,88.4832,-1.2237,-111.4398,88.9577,1.918
112.72,-113.9472,88.5396,-1.2237,-111.4602,89.0141,1.918
112.76,-113.9676,88.596,-1.2237,-111.4806,89.0705,1.918
112.8,-113.988,88.6525,-1.2237,-111.501,89.1269,1.918
112.84,-114.0084,88.7089,-1.2237,-111.5214,89.1834,1.918
112.88,-114.0288,88.7653,-1.2237,-111.5418,89.2398,1.918
112.92,-114.0492,88.8217,-1.2237,-111.5623,89.2962,1.918
112.96,-114.0696,88.8781,-1.2237,-111.5827,89.3526,1.918
113.0,-114.09,88.9346,-1.2237,-111.6031,89.409,1.918
113.04,-114.1104,88.991,-1.2237,-111.6235,89.4655,1.918
113.08,-114.1308,89.0474,-1.2237,-111.6439,89.5219,1.918
113.12,-114.1512,89.1038,-1.2237,-111.6643,89.5783,1.918
113.16,-114.1717,89.1603,-1.2237,-111.6847,89.6347,1.918
113.2,-114.1921,89.2167,-1.2237,-111.7051,89.6911,1.918
113.24,-114.2125,89.2731,-1.2237,-111.7255,89.7476,1.918
113.28,-114.2329,89.3295,-1.2237,-111.7459,89.804,1.918
113.32,-114.2533,89.3859,-1.2237,-111.7663,89.8604,1.918
113.36,-114.2737,89.4424,-1.2237,-111.7867,89.9168,1.918
113.4,-114.2941,89.4988,-1.2237,-111.8072,89.9732,1.918
113.44,-114.3145,89.5552,-1.2237,-111.8276,90.0297,1.918
113.48,-114.3349,89.6116,-1.2237,-111.848,90.0861,1.918
113.52,-114.3553,89.6681,-1.2237,-111.8684,90.1425,1.918
113.56,-114.3757,89.7245,-1.2237,-111.8888,90.1989,1.918
113.6,-114.3962,89.7809,-1.2237,-111.9092,90.2553,1.918
113.64,-114.4166,89.8373,-1.2237,-111.9296,90.3118,1.918
113.68,-114.437,89.8937,-1.2237,-111.95,90.3682,1.918
113.72,-114.4574,89.9502,-1.2237,-111.9704,90.4246,1.918
113.76,-114.4778,90.0066,-1.2237,-111.9908,90.481,1.918
113.8,-114.4982,90.063,-1.2237,-112.0112,90.5374,1.918
113.84,-114.5186,90.1194,-1.2237,-112.0317,90.5939,1.918
113.88,-114.539,90.1759,-1.2237,-112.0521,90.6503,1.918
113.92,-114.5594,90.2323,-1.2237,-112.0725,90.7067,1.918
113.96,-114.5798,90.2887,-1.2237,-112.0929,90.7631,1.918
114.0,-114.6002,90.3451,-1.2237,-112.1133,90.8196,1.918
114.04,-114.6207,90.4015,-1.2237,-112.1337,90.876,1.918
114.08,-114.6411,90.458,-1.2237,-112.1541,90.9324,1.918
114.12,-114.6615,90.5144,-1.2237,-112.1745,90.9888,1.918
114.16,-114.6819,90.5708,-1.2237,-112.1949,91.0452,1.918
114.2,-114.7023,90.6272,-1.2237,-112.2153,91.1017,1.918
114.24,-114.7227,90.6837,-1.2237,-112.2357,91.1581,1.918
114.28,-114.7431,90.7401,-1.2237,-112.2562,91.2145,1.9179
114.32,-114.7635,90.7965,-1.2237,-112.2766,91.2709,1.9179
114.36,-114.7839,90.8529,-1.2237,-112.297,91.3273,1.9179
114.4,-114.8043,90.9093,-1.2237,-112.3174,91.3838,1.9179
114.44,-114.8247,90.9658,-1.2237,-112.3378,91.4402,1.9179
114.48,-114.8452,91.0222,-1.2237,-112.3582,91.4966,1.9179
114.52,-114.8656,91.0786,-1.2237,-112.3786,91.553,1.9179
114.56,-114.886,91.135,-1.2237,-112.399,91.6094,1.9179
114.6,-114.9064,91.1915,-1.2237,-112.4194,91.6659,1.9179
114.64,-114.9268,91.2479,-1.2237,-112.4398,91.7223,1.9179
114.68,-114.9472,91.3043,-1.2237,-112.4602,91.7787,1.9179
114.72,-114.9676,91.3607,-1.2237,-112.4806,91.8351,1.9179
114.76,-114.988,91.4171,-1.2237,-112.5011,91.8916,1.9179
114.8,-115.0084,91.4736,-1.2237,-112.5215,91.948,1.9179
114.84,-115.0288,91.53,-1.2237,-112.5419,92.0044,1.9179
114.88,-115.0492,91.5864,-1.2237,-112.5623,92.0608,1.9179
114.92,-115.0697,91.6428,-1.2237,-112.5827,92.1172,1.9179
114.96,-115.0901,91.6993,-1.2237,-112.6031,92.1737,1.9179
115.0,-115.1105,91.7557,-1.2237,-112.6235,92.2301,1.9179
115.04,-115.1309,91.8121,-1.2237,-112.6439,92.2865,1.9179
115.08,-115.1513,91.8685,-1.2237,-112.6643,92.3429,1.9179
115.12,-115.1717,91.9249,-1.2237,-112.6847,92.3993,1.9179
115.16,-115.1921,91.9814,-1.2237,-112.7051,92.4558,1.9179
115.2,-115.2125,92.0378,-1.2237,-112.7256,92.5122,1.9179
115.24,-115.2329,92.0942,-1.2237,-112.746,92.5686,1.9179
115.28,-115.2533,92.1506,-1.2237,-112.7664,92.625,1.9179
115.32,-115.2737,92.2071,-1.2237,-112.7868,92.6814,1.9179
115.36,-115.2942,92.2635,-1.2237,-112.8072,92.7379,1.9179
115.4,-115.3146,92.3199,-1.2237,-112.8276,92.7943,1.9179
115.44,-115.335,92.3763,-1.2237,-112.848,92.8507,1.9179
115.48,-115.3554,92.4327,-1.2237,-112.8684,92.9071,1.9179
115.52,-115.3758,92.4892,-1.2237,-112.8888,92.9636,1.9179
115.56,-115.3962,92.5456,-1.2237,-112.9092,93.02,1.9179
115.6,-115.4166,92.602,-1.2237,-112.9296,93.0764,1.9179
115.64,-115.437,92.6584,-1.2237,-112.9501,93.1328,1.9179
115.68,-115.4574,92.7149,-1.2237,-112.9705,93.1892,1.9179
115.72,-115.4778,92.7713,-1.2237,-112.9909,93.2457,1.9179
115.76,-115.4982,92.8277,-1.2237,-113.0113,93.3021,1.9179
115.8,-115.5187,92.8841,-1.2237,-113.0317,93.3585,1.9179
115.84,-115.5391,92.9405,-1.2237,-113.0521,93.4149,1.9179
115.88,-115.5595,92.997,-1.2237,-113.0725,93.4713,1.9179
115.92,-115.5799,93.0534,-1.2237,-113.0929,93.5278,1.9179
115.96,-115.6003,93.1098,-1.2237,-113.1133,93.5842,1.9179
116.0,-115.6207,93.1662,-1.2237,-113.1337,93.6406,1.9179
116.04,-115.6411,93.2227,-1.2237,-113.1541,93.697,1.9179
116.08,-115.6615,93.2791,-1.2237,-113.1746,93.7534,1.9179
116.12,-115.6819,93.3355,-1.2237,-113.195,93.8099,1.9179
116.16,-115.7023,93.3919,-1.2237,-113.2154,93.8663,1.9179
116.2,-115.7227,93.4483,-1.2237,-113.2358,93.9227,1.9179
116.24,-115.7432,93.5048,-1.2237,-113.2562,93.9791,1.9179
116.28,-115.7636,93.5612,-1.2237,-113.2766,94.0356,1.9179
116.32,-115.784,93.6176,-1.2237,-113.297,94.092,1.9179
116.36,-115.8044,93.674,-1.2237,-113.3174,94.1484,1.9179
116.4,-115.8248,93.7305,-1.2237,-113.3378,94.2048,1.9179
116.44,-115.8452,93.7869,-1.2237,-113.3582,94.2612,1.9179
116.48,-115.8656,93.8433,-1.2237,-113.3786,94.3177,1.9179
116.52,-115.886,93.8997,-1.2237,-113.399,94.3741,1.9179
116.56,-115.9064,93.9561,-1.2237,-113.4195,94.4305,1.9179
116.6,-115.9268,94.0126,-1.2237,-113.4399,94.4869,1.9179
116.64,-115.9472,94.069,-1.2237,-113.4603,94.5433,1.9179
116.68,-115.9677,94.1254,-1.2237,-113.4807,94.5998,1.9179
116.72,-115.9881,94.1818,-1.2237,-113.5011,94.6562,1.9179
116.76,-116.0085,94.2383,-1.2237,-113.5215,94.7126,1.9179
116.8,-116.0289,94.2947,-1.2237,-113.5419,94.769,1.9179
116.84,-116.0493,94.3511,-1.2237,-113.5623,94.8255,1.9179
116.88,-116.0697,94.4075,-1.2237,-113.5827,94.8819,1.9179
116.92,-116.0901,94.4639,-1.2237,-113.6031,94.9383,1.9179
116.96,-116.1105,94.5204,-1.2237,-113.6235,94.9947,1.9179
117.0,-116.1309,94.5768,-1.2237,-113.644,95.0511,1.9179
117.04,-116.1513,94.6332,-1.2237,-113.6644,95.1076,1.9179
117.08,-116.1717,94.6896,-1.2237,-113.6848,95.164,1.9179
117.12,-116.1922,94.7461,-1.2237,-113.7052,95.2204,1.9179
117.16,-116.2126,94.8025,-1.2237,-113.7256,95.2768,1.9179
117.2,-116.233,94.8589,-1.2237,-113.746,95.3332,1.9179
117.24,-116.2534,94.9153,-1.2237,-113.7664,95.3897,1.9179
117.28,-116.2738,94.9717,-1.2237,-113.7868,95.4461,1.9179
117.32,-116.2942,95.0282,-1.2237,-113.8072,95.5025,1.9179
117.36,-116.3146,95.0846,-1.2237,-113.8276,95.5589,1.9179
117.4,-116.335,95.141,-1.2237,-113.848,95.6154,1.9179
117.44,-116.3554,95.1974,-1.2237,-113.8685,95.6718,1.9179
117.48,-116.3758,95.2539,-1.2237,-113.8889,95.7282,1.9179
117.52,-116.3962,95.3103,-1.2237,-113.9093,95.7846,1.9179
117.56,-116.4167,95.3667,-1.2237,-113.9297,95.841,1.9179
117.6,-116.4371,95.4231,-1.2237,-113.9501,95.8975,1.9179
117.64,-116.4575,95.4795,-1.2237,-113.9705,95.9539,1.9179
117.68,-116.4779,95.536,-1.2237,-113.9909,96.0103,1.9179
117.72,-116.4983,95.5924,-1.2237,-114.0113,96.0667,1.9179
117.76,-116.5187,95.6488,-1.2237,-114.0317,96.1231,1.9179
117.8,-116.5391,95.7052,-1.2237,-114.0521,96.1796,1.9179
117.84,-116.5595,95.7617,-1.2237,-114.0725,96.236,1.9179
117.88,-116.5799,95.8181,-1.2237,-114.093,96.2924,1.9179
117.92,-116.6003,95.8745,-1.2237,-114.1134,96.3488,1.9179
117.96,-116.6207,95.9309,-1.2237,-114.1338,96.4053,1.9179
118.0,-116.6412,95.9873,-1.2237,-114.1542,96.4617,1.9179
118.04,-116.6616,96.0438,-1.2237,-114.1746,96.5181,1.9179
118.08,-116.682,96.1002,-1.2237,-114.195,96.5745,1.9179
118.12,-116.7024,96.1566,-1.2237,-114.2154,96.6309,1.9179
118.16,-116.7228,96.213,-1.2237,-114.2358,96.6874,1.9179
118.2,-116.7432,96.2695,-1.2237,-114.2562,96.7438,1.9179
118.24,-116.7636,96.3259,-1.2237,-114.2766,96.8002,1.9179
118.28,-116.784,96.3823,-1.2237,-114.297,96.8566,1.9179
118.32,-116.8044,96.4387,-1.2237,-114.3174,96.9131,1.9179
118.36,-116.8248,96.4951,-1.2237,-114.3379,96.9695,1.9179
118.4,-116.8452,96.5516,-1.2237,-114.3583,97.0259,1.9179
118.44,-116.8656,96.608,-1.2237,-114.3787,97.0823,1.9179
118.48,-116.8861,96.6644,-1.2237,-114.3991,97.1387,1.9179
118.52,-116.9065,96.7208,-1.2237,-114.4195,97.1952,1.9179
118.56,-116.9269,96.7773,-1.2237,-114.4399,97.2516,1.9179
118.6,-116.9473,96.8337,-1.2237,-114.4603,97.308,1.9179
118.64,-116.9677,96.8901,-1.2237,-114.4807,97.3644,1.9179
118.68,-116.9881,96.9465,-1.2237,-114.5011,97.4208,1.9179
118.72,-117.0085,97.0029,-1.2237,-114.5215,97.4773,1.9179
118.76,-117.0289,97.0594,-1.2237,-114.5419,97.5337,1.9179
118.8,-117.0493,97.1158,-1.2237,-114.5624,97.5901,1.9179
118.84,-117.0697,97.1722,-1.2237,-114.5828,97.6465,1.9179
118.88,-117.0901,97.2286,-1.2237,-114.6032,97.703,1.9179
118.92,-117.1106,97.2851,-1.2237,-114.6236,97.7594,1.9179
118.96,-117.131,97.3415,-1.2237,-114.644,97.8158,1.9179
119.0,-117.1514,97.3979,-1.2237,-114.6644,97.8722,1.9179
119.04,-117.1718,97.4543,-1.2237,-114.6848,97.9286,1.9179
119.08,-117.1922,97.5107,-1.2237,-114.7052,97.9851,1.9179
119.12,-117.2126,97.5672,-1.2237,-114.7256,98.0415,1.9179
119.16,-117.233,97.6236,-1.2237,-114.746,98.0979,1.9179
119.2,-117.2534,97.68,-1.2237,-114.7664,98.1543,1.9179
119.24,-117.2738,97.7364,-1.2237,-114.7869,98.2107,1.9179
119.28,-117.2942,97.7929,-1.2237,-114.8073,98.2672,1.9179
119.32,-117.3146,97.8493,-1.2237,-114.8277,98.3236,1.9179
119.36,-117.3351,97.9057,-1.2237,-114.8481,98.38,1.9179
119.4,-117.3555,97.9621,-1.2237,-114.8685,98.4364,1.9179
119.44,-117.3759,98.0185,-1.2237,-114.8889,98.4929,1.9179
119.48,-117.3963,98.075,-1.2237,-114.9093,98.5493,1.9179
119.52,-117.4167,98.1314,-1.2237,-114.9297,98.6057,1.9179
119.56,-117.4371,98.1878,-1.2237,-114.9501,98.6621,1.9179
119.6,-117.4575,98.2442,-1.2237,-114.9705,98.7185,1.9179
119.64,-117.4779,98.3007,-1.2237,-114.9909,98.775,1.9179
119.68,-117.4983,98.3571,-1.2237,-115.0114,98.8314,1.9179
119.72,-117.5187,98.4135,-1.2237,-115.0318,98.8878,1.9179
119.76,-117.5391,98.4699,-1.2237,-115.0522,98.9442,1.9179
119.8,-117.5596,98.5263,-1.2237,-115.0726,99.0007,1.9179
119.84,-117.58,98.5828,-1.2237,-115.093,99.0571,1.9179
119.88,-117.6004,98.6392,-1.2237,-115.1134,99.1135,1.9179
119.92,-117.6208,98.6956,-1.2237,-115.1338,99.1699,1.9179
119.96,-117.6412,98.752,-1.2237,-115.1542,99.2263,1.9179
120.0,-117.6616,98.8085,-1.2237,-115.1746,99.2828,1.9179
120.04,-117.682,98.8649,-1.2237,-115.195,99.3392,1.9179
120.08,-117.7024,98.9213,-1.2237,-115.2154,99.3956,1.9179
120.12,-117.7228,98.9777,-1.2237,-115.2359,99.452,1.9179
120.16,-117.7432,99.0341,-1.2237,-115.2563,99.5084,1.9179
120.2,-117.7636,99.0906,-1.2237,-115.2767,99.5649,1.9179
120.24,-117.7841,99.147,-1.2237,-115.2971,99.6213,1.9179
120.28,-117.8045,99.2034,-1.2237,-115.3175,99.6777,1.9179
120.32,-117.8249,99.2598,-1.2237,-115.3379,99.7341,1.9179
120.36,-117.8453,99.3163,-1.2237,-115.3583,99.7906,1.9179
120.4,-117.8657,99.3727,-1.2237,-115.3787,99.847,1.9179
120.44,-117.8861,99.4291,-1.2237,-115.3991,99.9034,1.9179
120.48,-117.9065,99.4855,-1.2237,-115.4195,99.9598,1.9179
120.52,-117.9269,99.5419,-1.2237,-115.4399,100.0162,1.9179
120.56,-117.9473,99.5984,-1.2237,-115.4604,100.0727,1.9179
120.6,-117.9677,99.6548,-1.2237,-115.4808,100.1291,1.9179
120.64,-117.9881,99.7112,-1.2237,-115.5012,100.1855,1.9179
120.68,-118.0086,99.7676,-1.2237,-115.5216,100.2419,1.9179
120.72,-118.029,99.8241,-1.2237,-115.542,100.2984,1.9179
120.76,-118.0494,99.8805,-1.2237,-115.5624,100.3548,1.9179
120.8,-118.0698,99.9369,-1.2237,-115.5828,100.4112,1.9179
120.84,-118.0902,99.9933,-1.2237,-115.6032,100.4676,1.9179
120.88,-118.1106,100.0498,-1.2237,-115.6236,100.524,1.9179
120.92,-118.131,100.1062,-1.2237,-115.644,100.5805,1.9179
120.96,-118.1514,100.1626,-1.2237,-115.6644,100.6369,1.9179
121.0,-118.1718,100.219,-1.2237,-115.6849,100.6933,1.9179
121.04,-118.1922,100.2754,-1.2237,-115.7053,100.7497,1.9179
121.08,-118.2126,100.3319,-1.2237,-115.7257,100.8061,1.9179
121.12,-118.2331,100.3883,-1.2237,-115.7461,100.8626,1.9179
121.16,-118.2535,100.4447,-1.2237,-115.7665,100.919,1.9179
121.2,-118.2739,100.5011,-1.2237,-115.7869,100.9754,1.9179
121.24,-118.2943,100.5576,-1.2237,-115.8073,101.0318,1.9179
121.28,-118.3147,100.614,-1.2237,-115.8277,101.0883,1.9179
121.32,-118.3351,100.6704,-1.2237,-115.8481,101.1447,1.9179
121.36,-118.3555,100.7268,-1.2237,-115.8685,101.2011,1.9179
121.4,-118.3759,100.7832,-1.2237,-115.8889,101.2575,1.9179
121.44,-118.3963,100.8397,-1.2237,-115.9093,101.3139,1.9179
121.48,-118.4167,100.8961,-1.2237,-115.9298,101.3704,1.9179
121.52,-118.4371,100.9525,-1.2237,-115.9502,101.4268,1.9179
121.56,-118.4576,101.0089,-1.2237,-115.9706,101.4832,1.9179
121.6,-118.478,101.0654,-1.2237,-115.991,101.5396,1.9179
121.64,-118.4984,101.1218,-1.2237,-116.0114,101.5961,1.9179
121.68,-118.5188,101.1782,-1.2237,-116.0318,101.6525,1.9179
121.72,-118.5392,101.2346,-1.2237,-116.0522,101.7089,1.9179
121.76,-118.5596,101.291,-1.2237,-116.0726,101.7653,1.9179
121.8,-118.58,101.3475,-1.2237,-116.093,101.8217,1.9179
121.84,-118.6004,101.4039,-1.2237,-116.1134,101.8782,1.9179
121.88,-118.6208,101.4603,-1.2237,-116.1338,101.9346,1.9179
121.92,-118.6412,101.5167,-1.2237,-116.1543,101.991,1.9179
121.96,-118.6616,101.5732,-1.2237,-116.1747,102.0474,1.9179
122.0,-118.6821,101.6296,-1.2237,-116.1951,102.1039,1.9179
122.04,-118.7025,101.686,-1.2237,-116.2155,102.1603,1.9179
122.08,-118.7229,101.7424,-1.2237,-116.2359,102.2167,1.9179
122.12,-118.7433,101.7988,-1.2237,-116.2563,102.2731,1.9179
122.16,-118.7637,101.8553,-1.2237,-116.2767,102.3295,1.9179
122.2,-118.7841,101.9117,-1.2237,-116.2971,102.386,1.9179
122.24,-118.8045,101.9681,-1.2237,-116.3175,102.4424,1.9179
122.28,-118.8249,102.0245,-1.2237,-116.3379,102.4988,1.9179
122.32,-118.8453,102.081,-1.2237,-116.3583,102.5552,1.9179
122.36,-118.8657,102.1374,-1.2237,-116.3788,102.6117,1.9179
122.4,-118.8861,102.1938,-1.2237,-116.3992,102.6681,1.9179
122.44,-118.9066,102.2502,-1.2237,-116.4196,102.7245,1.9179
122.48,-118.927,102.3066,-1.2237,-116.44,102.7809,1.9179
122.52,-118.9474,102.3631,-1.2237,-116.4604,102.8373,1.9179
122.56,-118.9678,102.4195,-1.2237,-116.4808,102.8938,1.9179
122.6,-118.9882,102.4759,-1.2237,-116.5012,102.9502,1.9179
122.64,-119.0086,102.5323,-1.2237,-116.5216,103.0066,1.9179
122.68,-119.029,102.5888,-1.2237,-116.542,103.063,1.9179
122.72,-119.0494,102.6452,-1.2237,-116.5624,103.1194,1.9179
122.76,-119.0698,102.7016,-1.2237,-116.5828,103.1759,1.9179
122.8,-119.0902,102.758,-1.2237,-116.6033,103.2323,1.9179
122.84,-119.1106,102.8144,-1.2237,-116.6237,103.2887,1.9179
122.88,-119.1311,102.8709,-1.2237,-116.6441,103.3451,1.9179
122.92,-119.1515,102.9273,-1.2237,-116.6645,103.4016,1.9179
122.96,-119.1719,102.9837,-1.2237,-116.6849,103.458,1.9179
123.0,-119.1923,103.0401,-1.2237,-116.7053,103.5144,1.9179
123.04,-119.2127,103.0966,-1.2237,-116.7257,103.5708,1.9179
123.08,-119.2331,103.153,-1.2237,-116.7461,103.6272,1.9179
123.12,-119.2535,103.2094,-1.2237,-116.7665,103.6837,1.9179
123.16,-119.2739,103.2658,-1.2237,-116.7869,103.7401,1.9179
123.2,-119.2943,103.3222,-1.2237,-116.8073,103.7965,1.9179
123.24,-119.3147,103.3787,-1.2237,-116.8278,103.8529,1.9179
123.28,-119.3351,103.4351,-1.2237,-116.8482,103.9094,1.9179
123.32,-119.3556,103.4915,-1.2237,-116.8686,103.9658,1.9179
123.36,-119.376,103.5479,-1.2237,-116.889,104.0222,1.9179
123.4,-119.3964,103.6044,-1.2237,-116.9094,104.0786,1.9179
123.44,-119.4168,103.6608,-1.2237,-116.9298,104.135,1.9179
123.48,-119.4372,103.7172,-1.2237,-116.9502,104.1915,1.9179
123.52,-119.4576,103.7736,-1.2237,-116.9706,104.2479,1.9179
123.56,-119.478,103.83,-1.2237,-116.991,104.3043,1.9179
123.6,-119.4984,103.8865,-1.2237,-117.0114,104.3607,1.9179
123.64,-119.5188,103.9429,-1.2237,-117.0318,104.4172,1.9179
123.68,-119.5392,103.9993,-1.2237,-117.0523,104.4736,1.9179
123.72,-119.5596,104.0557,-1.2237,-117.0727,104.53,1.9179
123.76,-119.5801,104.1122,-1.2237,-117.0931,104.5864,1.9179
123.8,-119.6005,104.1686,-1.2237,-117.1135,104.6428,1.9179
123.84,-119.6209,104.225,-1.2237,-117.1339,104.6993,1.9179
123.88,-119.6413,104.2814,-1.2237,-117.1543,104.7557,1.9179
123.92,-119.6617,104.3378,-1.2237,-117.1747,104.8121,1.9179
123.96,-119.6821,104.3943,-1.2237,-117.1951,104.8685,1.9179
124.0,-119.7025,104.4507,-1.2237,-117.2155,104.925,1.9179
124.04,-119.7229,104.5071,-1.2237,-117.2359,104.9814,1.9179
124.08,-119.7433,104.5635,-1.2237,-117.2563,105.0378,1.9179
124.12,-119.7637,104.62,-1.2237,-117.2768,105.0942,1.9179
124.16,-119.7841,104.6764,-1.2237,-117.2972,105.1506,1.9179
124.2,-119.8046,104.7328,-1.2237,-117.3176,105.2071,1.9179
124.24,-119.825,104.7892,-1.2237,-117.338,105.2635,1.9179
124.28,-119.8454,104.8456,-1.2237,-117.3584,105.3199,1.9179
124.32,-119.8658,104.9021,-1.2237,-117.3788,105.3763,1.9179
124.36,-119.8862,104.9585,-1.2237,-117.3992,105.4327,1.9179
124.4,-119.9066,105.0149,-1.2237,-117.4196,105.4892,1.9179
124.44,-119.927,105.0713,-1.2237,-117.44,105.5456,1.9179
124.48,-119.9474,105.1278,-1.2237,-117.4604,105.602,1.9179
124.52,-119.9678,105.1842,-1.2237,-117.4808,105.6584,1.9179
124.56,-119.9882,105.2406,-1.2237,-117.5013,105.7149,1.9179
124.6,-120.0086,105.297,-1.2237,-117.5217,105.7713,1.9179
124.64,-120.0291,105.3534,-1.2237,-117.5421,105.8277,1.9179
124.68,-120.0495,105.4099,-1.2237,-117.5625,105.8841,1.9179
124.72,-120.0699,105.4663,-1.2237,-117.5829,105.9405,1.9179
124.76,-120.0903,105.5227,-1.2237,-117.6033,105.997,1.9179
124.8,-120.1107,105.5791,-1.2237,-117.6237,106.0534,1.9179
124.84,-120.1311,105.6356,-1.2237,-117.6441,106.1098,1.9179
124.88,-120.1515,105.692,-1.2237,-117.6645,106.1662,1.9179
124.92,-120.1719,105.7484,-1.2237,-117.6849,106.2227,1.9179
124.96,-120.1923,105.8048,-1.2237,-117.7053,106.2791,1.9179
125.0,-120.2127,105.8612,-1.2237,-117.7257,106.3355,1.9179
125.04,-120.2331,105.9177,-1.2237,-117.7462,106.3919,1.9179
125.08,-120.2536,105.9741,-1.2237,-117.7666,106.4483,1.9179
125.12,-120.274,106.0305,-1.2237,-117.787,106.5048,1.9179
125.16,-120.2944,106.0869,-1.2237,-117.8074,106.5612,1.9179
125.2,-120.3148,106.1434,-1.2237,-117.8278,106.6176,1.9179
125.24,-120.3352,106.1998,-1.2237,-117.8482,106.674,1.9179
125.28,-120.3556,106.2562,-1.2237,-117.8686,106.7305,1.9179
125.32,-120.376,106.3126,-1.2237,-117.889,106.7869,1.9179
125.36,-120.3964,106.369,-1.2237,-117.9094,106.8433,1.9179
125.4,-120.4168,106.4255,-1.2237,-117.9298,106.8997,1.9179
125.44,-120.4372,106.4819,-1.2237,-117.9502,106.9561,1.9179
125.48,-120.4576,106.5383,-1.2237,-117.9707,107.0126,1.9179
125.52,-120.4781,106.5947,-1.2237,-117.9911,107.069,1.9179
125.56,-120.4985,106.6512,-1.2237,-118.0115,107.1254,1.9179
125.6,-120.5189,106.7076,-1.2237,-118.0319,107.1818,1.9179
125.64,-120.5393,106.764,-1.2237,-118.0523,107.2383,1.9179
125.68,-120.5597,106.8204,-1.2237,-118.0727,107.2947,1.9179
125.72,-120.5801,106.8768,-1.2237,-118.0931,107.3511,1.9179
125.76,-120.6005,106.9333,-1.2237,-118.1135,107.4075,1.9179
125.8,-120.6209,106.9897,-1.2237,-118.1339,107.4639,1.9179
125.84,-120.6413,107.0461,-1.2237,-118.1543,107.5204,1.9179
125.88,-120.6617,107.1025,-1.2237,-118.1747,107.5768,1.9179
125.92,-120.6821,107.159,-1.2237,-118.1952,107.6332,1.9179
125.96,-120.7025,107.2154,-1.2237,-118.2156,107.6896,1.9179
126.0,-120.723,107.2718,-1.2237,-118.236,107.7461,1.9179
126.04,-120.7434,107.3282,-1.2237,-118.2564,107.8025,1.9179
126.08,-120.7638,107.3846,-1.2237,-118.2768,107.8589,1.9179
126.12,-120.7842,107.4411,-1.2237,-118.2972,107.9153,1.9179
126.16,-120.8046,107.4975,-1.2237,-118.3176,107.9717,1.9179
126.2,-120.825,107.5539,-1.2237,-118.338,108.0282,1.9179
126.24,-120.8454,107.6103,-1.2237,-118.3584,108.0846,1.9179
126.28,-120.8658,107.6668,-1.2237,-118.3788,108.141,1.9179
126.32,-120.8862,107.7232,-1.2237,-118.3992,108.1974,1.9179
126.36,-120.9066,107.7796,-1.2237,-118.4197,108.2539,1.9179
126.4,-120.927,107.836,-1.2237,-118.4401,108.3103,1.9179
126.44,-120.9475,107.8924,-1.2237,-118.4605,108.3667,1.9179
126.48,-120.9679,107.9489,-1.2237,-118.4809,108.4231,1.9179
126.52,-120.9883,108.0053,-1.2237,-118.5013,108.4795,1.9179
126.56,-121.0087,108.0617,-1.2237,-118.5217,108.536,1.9179
126.6,-121.0291,108.1181,-1.2237,-118.5421,108.5924,1.9179
126.64,-121.0495,108.1746,-1.2237,-118.5625,108.6488,1.9179
126.68,-121.0699,108.231,-1.2237,-118.5829,108.7052,1.9179
126.72,-121.0903,108.2874,-1.2237,-118.6033,108.7617,1.9179
126.76,-121.1107,108.3438,-1.2237,-118.6237,108.8181,1.9179
126.8,-121.1311,108.4002,-1.2237,-118.6442,108.8745,1.9179
126.84,-121.1515,108.4567,-1.2237,-118.6646,108.9309,1.9179
126.88,-121.172,108.5131,-1.2237,-118.685,108.9873,1.9179
126.92,-121.1924,108.5695,-1.2237,-118.7054,109.0438,1.9179
126.96,-121.2128,108.6259,-1.2237,-118.7258,109.1002,1.9179
127.0,-121.2332,108.6824,-1.2237,-118.7462,109.1566,1.9179
127.04,-121.2536,108.7388,-1.2237,-118.7666,109.213,1.9179
127.08,-121.274,108.7952,-1.2237,-118.787,109.2694,1.9179
127.12,-121.2944,108.8516,-1.2237,-118.8074,109.3259,1.9179
127.16,-121.3148,108.908,-1.2237,-118.8278,109.3823,1.9179
127.2,-121.3352,108.9645,-1.2237,-118.8482,109.4387,1.9179
127.24,-121.3556,109.0209,-1.2237,-118.8687,109.4951,1.9179
127.28,-121.376,109.0773,-1.2237,-118.8891,109.5516,1.9179
127.32,-121.3965,109.1337,-1.2237,-118.9095,109.608,1.9179
127.36,-121.4169,109.1902,-1.2237,-118.9299,109.6644,1.9179
127.4,-121.4373,109.2466,-1.2237,-118.9503,109.7208,1.9179
127.44,-121.4577,109.303,-1.2237,-118.9707,109.7772,1.9179
127.48,-121.4781,109.3594,-1.2237,-118.9911,109.8337,1.9179
127.52,-121.4985,109.4158,-1.2237,-119.0115,109.8901,1.9179
127.56,-121.5189,109.4723,-1.2237,-119.0319,109.9465,1.9179
127.6,-121.5393,109.5287,-1.2237,-119.0523,110.0029,1.9179
127.64,-121.5597,109.5851,-1.2237,-119.0727,110.0594,1.9179
127.68,-121.5801,109.6415,-1.2237,-119.0932,110.1158,1.9179
127.72,-121.6005,109.698,-1.2237,-119.1136,110.1722,1.9179
127.76,-121.621,109.7544,-1.2237,-119.134,110.2286,1.9179
127.8,-121.6414,109.8108,-1.2237,-119.1544,110.285,1.9179
127.84,-121.6618,109.8672,-1.2237,-119.1748,110.3415,1.9179
127.88,-121.6822,109.9236,-1.2237,-119.1952,110.3979,1.9179
127.92,-121.7026,109.9801,-1.2237,-119.2156,110.4543,1.9179
127.96,-121.723,110.0365,-1.2237,-119.236,110.5107,1.9179
128.0,-121.7434,110.0929,-1.2237,-119.2564,110.5672,1.9179
128.04,-121.7638,110.1493,-1.2237,-119.2768,110.6236,1.9179
128.08,-121.7842,110.2058,-1.2237,-119.2972,110.68,1.9179
128.12,-121.8046,110.2622,-1.2237,-119.3177,110.7364,1.9179
128.16,-121.825,110.3186,-1.2237,-119.3381,110.7928,1.9179
128.2,-121.8455,110.375,-1.2237,-119.3585,110.8493,1.9179
128.24,-121.8659,110.4314,-1.2237,-119.3789,110.9057,1.9179
128.28,-121.8863,110.4879,-1.2237,-119.3993,110.9621,1.9179
128.32,-121.9067,110.5443,-1.2237,-119.4197,111.0185,1.9179
128.36,-121.9271,110.6007,-1.2237,-119.4401,111.075,1.9179
128.4,-121.9475,110.6571,-1.2237,-119.4605,111.1314,1.9179
128.44,-121.9679,110.7136,-1.2237,-119.4809,111.1878,1.9179
128.48,-121.9883,110.77,-1.2237,-119.5013,111.2442,1.9179
128.52,-122.0087,110.8264,-1.2237,-119.5217,111.3006,1.9179
128.56,-122.0291,110.8828,-1.2237,-119.5422,111.3571,1.9179
128.6,-122.0495,110.9392,-1.2237,-119.5626,111.4135,1.9179
128.64,-122.07,110.9957,-1.2237,-119.583,111.4699,1.9179
128.68,-122.0904,111.0521,-1.2237,-119.6034,111.5263,1.9179
128.72,-122.1108,111.1085,-1.2237,-119.6238,111.5828,1.9179
128.76,-122.1312,111.1649,-1.2237,-119.6442,111.6392,1.9179
128.8,-122.1516,111.2214,-1.2237,-119.6646,111.6956,1.9179
128.84,-122.172,111.2778,-1.2237,-119.685,111.752,1.9179
128.88,-122.1924,111.3342,-1.2237,-119.7054,111.8084,1.9179
128.92,-122.2128,111.3906,-1.2237,-119.7258,111.8649,1.9179
128.96,-122.2332,111.447,-1.2237,-119.7462,111.9213,1.9179
129.0,-122.2536,111.5035,-1.2237,-119.7667,111.9777,1.9179
129.04,-122.274,111.5599,-1.2237,-119.7871,112.0341,1.9179
129.08,-122.2945,111.6163,-1.2237,-119.8075,112.0906,1.9179
129.12,-122.3149,111.6727,-1.2237,-119.8279,112.147,1.9179
129.16,-122.3353,111.7292,-1.2237,-119.8483,112.2034,1.9179
129.2,-122.3557,111.7856,-1.2237,-119.8687,112.2598,1.9179
129.24,-122.3761,111.842,-1.2237,-119.8891,112.3162,1.9179
129.28,-122.3965,111.8984,-1.2237,-119.9095,112.3727,1.9179
129.32,-122.4169,111.9548,-1.2237,-119.9299,112.4291,1.9179
129.36,-122.4373,112.0113,-1.2237,-119.9503,112.4855,1.9179
129.4,-122.4577,112.0677,-1.2237,-119.9707,112.5419,1.9179
129.44,-122.4781,112.1241,-1.2237,-119.9912,112.5984,1.9179
129.48,-122.4985,112.1805,-1.2237,-120.0116,112.6548,1.9179
129.52,-122.519,112.237,-1.2237,-120.032,112.7112,1.9179
129.56,-122.5394,112.2934,-1.2237,-120.0524,112.7676,1.9179
129.6,-122.5598,112.3498,-1.2237,-120.0728,112.824,1.9179
129.64,-122.5802,112.4062,-1.2237,-120.0932,112.8805,1.9179
129.68,-122.6006,112.4626,-1.2237,-120.1136,112.9369,1.9179
129.72,-122.621,112.5191,-1.2237,-120.134,112.9933,1.9179
129.76,-122.6414,112.5755,-1.2237,-120.1544,113.0497,1.9179
129.8,-122.6618,112.6319,-1.2237,-120.1748,113.1062,1.9179
129.84,-122.6822,112.6883,-1.2237,-120.1952,113.1626,1.9179
129.88,-122.7026,112.7448,-1.2237,-120.2156,113.219,1.9179
129.92,-122.723,112.8012,-1.2237,-120.2361,113.2754,1.9179
129.96,-122.7435,112.8576,-1.2237,-120.2565,113.3318,1.9179
