time,tug_x,tug_y,tug_yaw,ac_x,ac_y,ac_yaw
0.0,-609.9149,-649.9511,0.5236,-617.5195,-654.3416,0.5236
0.04,-609.9188,-649.9534,0.5236,-617.5234,-654.3439,0.5236
0.08,-609.9246,-649.9567,0.5236,-617.5292,-654.3472,0.5236
0.12,-609.9324,-649.9612,0.5236,-617.537,-654.3517,0.5236
0.16,-609.9421,-649.9668,0.5236,-617.5467,-654.3573,0.5236
0.2,-609.9537,-649.9735,0.5236,-617.5583,-654.364,0.5236
0.24,-609.9673,-649.9814,0.5236,-617.5719,-654.3719,0.5236
0.28,-609.9828,-649.9903,0.5236,-617.5874,-654.3808,0.5236
0.32,-610.0003,-650.0004,0.5236,-617.6049,-654.3909,0.5236
0.36,-610.0197,-650.0116,0.5236,-617.6243,-654.4021,0.5236
0.4,-610.041,-650.0239,0.5236,-617.6456,-654.4144,0.5236
0.44,-610.0643,-650.0374,0.5236,-617.6689,-654.4279,0.5236
0.48,-610.0895,-650.0519,0.5236,-617.6941,-654.4424,0.5236
0.52,-610.1167,-650.0676,0.5236,-617.7213,-654.4581,0.5236
0.56,-610.1458,-650.0844,0.5236,-617.7504,-654.4749,0.5236
0.6,-610.1768,-650.1023,0.5236,-617.7814,-654.4928,0.5236
0.64,-610.2098,-650.1214,0.5236,-617.8144,-654.5119,0.5236
0.68,-610.2447,-650.1415,0.5236,-617.8493,-654.532,0.5236
0.72,-610.2816,-650.1628,0.5236,-617.8861,-654.5533,0.5236
0.76,-610.3204,-650.1852,0.5236,-617.9249,-654.5757,0.5236
0.8,-610.3611,-650.2087,0.5236,-617.9657,-654.5992,0.5236
0.84,-610.4038,-650.2334,0.5236,-618.0084,-654.6239,0.5236
0.88,-610.4484,-650.2591,0.5236,-618.053,-654.6496,0.5236
0.92,-610.495,-650.286,0.5236,-618.0995,-654.6765,0.5236
0.96,-610.5435,-650.314,0.5236,-618.148,-654.7045,0.5236
1.0,-610.5939,-650.3431,0.5236,-618.1985,-654.7336,0.5236
1.04,-610.6463,-650.3734,0.5236,-618.2509,-654.7639,0.5236
1.08,-610.6982,-650.4034,0.5236,-618.3028,-654.7939,0.5236
1.12,-610.7502,-650.4334,0.5236,-618.3548,-654.8239,0.5236
1.16,-610.8022,-650.4634,0.5236,-618.4067,-654.8539,0.5236
1.2,-610.8541,-650.4934,0.5236,-618.4587,-654.8839,0.5236
1.24,-610.9061,-650.5234,0.5236,-618.5107,-654.9139,0.5236
1.28,-610.9581,-650.5534,0.5236,-618.5626,-654.9439,0.5236
1.32,-611.01,-650.5834,0.5236,-618.6146,-654.9739,0.5236
1.36,-611.062,-650.6134,0.5236,-618.6665,-655.0039,0.5236
1.4,-611.1139,-650.6434,0.5236,-618.7185,-655.0339,0.5236
1.44,-611.1659,-650.6734,0.5236,-618.7705,-655.0639,0.5236
1.48,-611.2179,-650.7034,0.5236,-618.8224,-655.0939,0.5236
1.52,-611.2698,-650.7334,0.5236,-618.8744,-655.1239,0.5236
1.56,-611.3218,-650.7634,0.5236,-618.9263,-655.1539,0.5236
1.6,-611.3737,-650.7934,0.5236,-618.9783,-655.1839,0.5236
1.64,-611.4257,-650.8234,0.5236,-619.0303,-655.2139,0.5236
1.68,-611.4777,-650.8534,0.5236,-619.0822,-655.2439,0.5236
1.72,-611.5296,-650.8834,0.5236,-619.1342,-655.2739,0.5236
1.76,-611.5816,-650.9134,0.5236,-619.1862,-655.3039,0.5236
1.8,-611.6335,-650.9434,0.5236,-619.2381,-655.3339,0.5236
1.84,-611.6855,-650.9734,0.5236,-619.2901,-655.3639,0.5236
1.88,-611.7375,-651.0034,0.5236,-619.342,-655.3939,0.5236
1.92,-611.7894,-651.0334,0.5236,-619.394,-655.4239,0.5236
1.96,-611.8414,-651.0634,0.5236,-619.446,-655.4539,0.5236
2.0,-611.8934,-651.0934,0.5236,-619.4979,-655.4839,0.5236
2.04,-611.9453,-651.1234,0.5236,-619.5499,-655.5139,0.5236
2.08,-611.9973,-651.1534,0.5236,-619.6018,-655.5439,0.5236
2.12,-612.0492,-651.1834,0.5236,-619.6538,-655.5739,0.5236
2.16,-612.1012,-651.2134,0.5236,-619.7058,-655.6039,0.5236
2.2,-612.1532,-651.2434,0.5236,-619.7577,-655.6339,0.5236
2.24,-612.2051,-651.2734,0.5236,-619.8097,-655.6639,0.5236
2.28,-612.2571,-651.3034,0.5236,-619.8617,-655.6939,0.5236
2.32,-612.309,-651.3334,0.5236,-619.9136,-655.7239,0.5236
2.36,-612.361,-651.3634,0.5236,-619.9656,-655.7539,0.5236
2.4,-612.413,-651.3934,0.5236,-620.0175,-655.7839,0.5236
2.44,-612.4649,-651.4234,0.5236,-620.0695,-655.8139,0.5236
2.48,-612.5169,-651.4534,0.5236,-620.1215,-655.8439,0.5236
2.52,-612.5689,-651.4834,0.5236,-620.1734,-655.8739,0.5236
2.56,-612.6208,-651.5134,0.5236,-620.2254,-655.9039,0.5236
2.6,-612.6728,-651.5434,0.5236,-620.2773,-655.9339,0.5236
2.64,-612.7247,-651.5734,0.5236,-620.3293,-655.9639,0.5236
2.68,-612.7767,-651.6034,0.5236,-620.3813,-655.9939,0.5236
2.72,-612.8287,-651.6334,0.5236,-620.4332,-656.0239,0.5236
2.76,-612.8806,-651.6634,0.5236,-620.4852,-656.0539,0.5236
2.8,-612.9326,-651.6934,0.5236,-620.5372,-656.0839,0.5236
2.84,-612.9845,-651.7234,0.5236,-620.5891,-656.1139,0.5236
2.88,-613.0365,-651.7534,0.5236,-620.6411,-656.1439,0.5236
2.92,-613.0885,-651.7834,0.5236,-620.693,-656.1739,0.5236
2.96,-613.1404,-651.8134,0.5236,-620.745,-656.2039,0.5236
3.0,-613.1924,-651.8434,0.5236,-620.797,-656.2339,0.5236
3.04,-613.2444,-651.8734,0.5236,-620.8489,-656.2639,0.5236
3.08,-613.2963,-651.9034,0.5236,-620.9009,-656.2939,0.5236
3.12,-613.3483,-651.9334,0.5236,-620.9528,-656.3239,0.5236
3.16,-613.4002,-651.9634,0.5236,-621.0048,-656.3539,0.5236
3.2,-613.4522,-651.9934,0.5236,-621.0568,-656.3839,0.5236
3.24,-613.5042,-652.0234,0.5236,-621.1087,-656.4139,0.5236
3.28,-613.5561,-652.0534,0.5236,-621.1607,-656.4439,0.5236
3.32,-613.6081,-652.0834,0.5236,-621.2127,-656.4739,0.5236
3.36,-613.66,-652.1134,0.5236,-621.2646,-656.5039,0.5236
3.4,-613.712,-652.1434,0.5236,-621.3166,-656.5339,0.5236
3.44,-613.764,-652.1734,0.5236,-621.3685,-656.5639,0.5236
3.48,-613.8159,-652.2034,0.5236,-621.4205,-656.5939,0.5236
3.52,-613.8679,-652.2334,0.5236,-621.4725,-656.6239,0.5236
3.56,-613.9199,-652.2634,0.5236,-621.5244,-656.6539,0.5236
3.6,-613.9718,-652.2934,0.5236,-621.5764,-656.6839,0.5236
3.64,-614.0238,-652.3234,0.5236,-621.6283,-656.7139,0.5236
3.68,-614.0757,-652.3534,0.5236,-621.6803,-656.7439,0.5236
3.72,-614.1277,-652.3834,0.5236,-621.7323,-656.7739,0.5236
3.76,-614.1797,-652.4134,0.5236,-621.7842,-656.8039,0.5236
3.8,-614.2316,-652.4434,0.5236,-621.8362,-656.8339,0.5236
3.84,-614.2836,-652.4734,0.5236,-621.8882,-656.8639,0.5236
3.88,-614.3355,-652.5034,0.5236,-621.9401,-656.8939,0.5236
3.92,-614.3875,-652.5334,0.5236,-621.9921,-656.9239,0.5236
3.96,-614.4395,-652.5634,0.5236,-622.044,-656.9539,0.5236
4.0,-614.4914,-652.5934,0.5236,-622.096,-656.9839,0.5236
4.04,-614.5434,-652.6234,0.5236,-622.148,-657.0139,0.5236
4.08,-614.5954,-652.6534,0.5236,-622.1999,-657.0439,0.5236
4.12,-614.6473,-652.6834,0.5236,-622.2519,-657.0739,0.5236
4.16,-614.6993,-652.7134,0.5236,-622.3038,-657.1039,0.5236
4.2,-614.7512,-652.7434,0.5236,-622.3558,-657.1339,0.5236
4.24,-614.8032,-652.7734,0.5236,-622.4078,-657.1639,0.5236
4.28,-614.8552,-652.8034,0.5236,-622.4597,-657.1939,0.5236
4.32,-614.9071,-652.8334,0.5236,-622.5117,-657.2239,0.5236
4.36,-614.9591,-652.8634,0.5236,-622.5637,-657.2539,0.5236
4.4,-615.011,-652.8934,0.5236,-622.6156,-657.2839,0.5236
4.44,-615.063,-652.9234,0.5236,-622.6676,-657.3139,0.5236
4.48,-615.115,-652.9534,0.5236,-622.7195,-657.3439,0.5236
4.52,-615.1669,-652.9834,0.5236,-622.7715,-657.3739,0.5236
4.56,-615.2189,-653.0134,0.5236,-622.8235,-657.4039,0.5236
4.6,-615.2709,-653.0434,0.5236,-622.8754,-657.4339,0.5236
4.64,-615.3228,-653.0734,0.5236,-622.9274,-657.4639,0.5236
4.68,-615.3748,-653.1034,0.5236,-622.9793,-657.4939,0.5236
4.72,-615.4267,-653.1334,0.5236,-623.0313,-657.5239,0.5236
4.76,-615.4787,-653.1634,0.5236,-623.0833,-657.5539,0.5236
4.8,-615.5307,-653.1934,0.5236,-623.1352,-657.5839,0.5236
4.84,-615.5826,-653.2234,0.5236,-623.1872,-657.6139,0.5236
4.88,-615.6346,-653.2534,0.5236,-623.2392,-657.6439,0.5236
4.92,-615.6865,-653.2834,0.5236,-623.2911,-657.6739,0.5236
4.96,-615.7385,-653.3134,0.5236,-623.3431,-657.7039,0.5236
5.0,-615.7905,-653.3434,0.5236,-623.395,-657.7339,0.5236
5.04,-615.8424,-653.3734,0.5236,-623.447,-657.7639,0.5236
5.08,-615.8944,-653.4034,0.5236,-623.499,-657.7939,0.5236
5.12,-615.9464,-653.4334,0.5236,-623.5509,-657.8239,0.5236
5.16,-615.9983,-653.4634,0.5236,-623.6029,-657.8539,0.5236
5.2,-616.0503,-653.4934,0.5236,-623.6548,-657.8839,0.5236
5.24,-616.1022,-653.5234,0.5236,-623.7068,-657.9139,0.5236
5.28,-616.1542,-653.5534,0.5236,-623.7588,-657.9439,0.5236
5.32,-616.2062,-653.5834,0.5236,-623.8107,-657.9739,0.5236
5.36,-616.2581,-653.6134,0.5236,-623.8627,-658.0039,0.5236
5.4,-616.3101,-653.6434,0.5236,-623.9147,-658.0339,0.5236
5.44,-616.362,-653.6734,0.5236,-623.9666,-658.0639,0.5236
5.48,-616.414,-653.7034,0.5236,-624.0186,-658.0939,0.5236
5.52,-616.466,-653.7334,0.5236,-624.0705,-658.1239,0.5236
5.56,-616.5179,-653.7634,0.5236,-624.1225,-658.1539,0.5236
5.6,-616.5699,-653.7934,0.5236,-624.1745,-658.1839,0.5236
5.64,-616.6219,-653.8234,0.5236,-624.2264,-658.2139,0.5236
5.68,-616.6738,-653.8534,0.5236,-624.2784,-658.2439,0.5236
5.72,-616.7258,-653.8834,0.5236,-624.3303,-658.2739,0.5236
5.76,-616.7777,-653.9134,0.5236,-624.3823,-658.3039,0.5236
5.8,-616.8297,-653.9434,0.5236,-624.4343,-658.3339,0.5236
5.84,-616.8817,-653.9734,0.5236,-624.4862,-658.3639,0.5236
5.88,-616.9336,-654.0034,0.5236,-624.5382,-658.3939,0.5236
5.92,-616.9856,-654.0334,0.5236,-624.5902,-658.4239,0.5236
5.96,-617.0375,-654.0634,0.5236,-624.6421,-658.4539,0.5236
6.0,-617.0895,-654.0934,0.5236,-624.6941,-658.4839,0.5236
6.04,-617.1415,-654.1234,0.5236,-624.746,-658.5139,0.5236
6.08,-617.1934,-654.1534,0.5236,-624.798,-658.5439,0.5236
6.12,-617.2454,-654.1834,0.5236,-624.85,-658.5739,0.5236
6.16,-617.2974,-654.2134,0.5236,-624.9019,-658.6039,0.5236
6.2,-617.3493,-654.2434,0.5236,-624.9539,-658.6339,0.5236
6.24,-617.4013,-654.2734,0.5236,-625.0058,-658.6639,0.5236
6.28,-617.4532,-654.3034,0.5236,-625.0578,-658.6939,0.5236
6.32,-617.5052,-654.3334,0.5236,-625.1098,-658.7239,0.5236
6.36,-617.5572,-654.3634,0.5236,-625.1617,-658.7539,0.5236
6.4,-617.6091,-654.3934,0.5236,-625.2137,-658.7839,0.5236
6.44,-617.6611,-654.4234,0.5236,-625.2657,-658.8139,0.5236
6.48,-617.713,-654.4534,0.5236,-625.3176,-658.8439,0.5236
6.52,-617.765,-654.4834,0.5236,-625.3696,-658.8739,0.5236
6.56,-617.817,-654.5134,0.5236,-625.4215,-658.9039,0.5236
6.6,-617.8689,-654.5434,0.5236,-625.4735,-658.9339,0.5236
6.64,-617.9209,-654.5734,0.5236,-625.5255,-658.9639,0.5236
6.68,-617.9729,-654.6034,0.5236,-625.5774,-658.9939,0.5236
6.72,-618.0248,-654.6334,0.5236,-625.6294,-659.0239,0.5236
6.76,-618.0768,-654.6634,0.5236,-625.6813,-659.0539,0.5236
6.8,-618.1287,-654.6934,0.5236,-625.7333,-659.0839,0.5236
6.84,-618.1807,-654.7234,0.5236,-625.7853,-659.1139,0.5236
6.88,-618.2327,-654.7534,0.5236,-625.8372,-659.1439,0.5236
6.92,-618.2846,-654.7834,0.5236,-625.8892,-659.1739,0.5236
6.96,-618.3366,-654.8134,0.5236,-625.9412,-659.2039,0.5236
7.0,-618.3885,-654.8434,0.5236,-625.9931,-659.2339,0.5236
7.04,-618.4405,-654.8734,0.5236,-626.0451,-659.2639,0.5236
7.08,-618.4925,-654.9034,0.5236,-626.097,-659.2939,0.5236
7.12,-618.5444,-654.9334,0.5236,-626.149,-659.3239,0.5236
7.16,-618.5964,-654.9634,0.5236,-626.201,-659.3539,0.5236
7.2,-618.6484,-654.9934,0.5236,-626.2529,-659.3839,0.5236
7.24,-618.7003,-655.0234,0.5236,-626.3049,-659.4139,0.5236
7.28,-618.7523,-655.0534,0.5236,-626.3568,-659.4439,0.5236
7.32,-618.8042,-655.0834,0.5236,-626.4088,-659.4739,0.5236
7.36,-618.8562,-655.1134,0.5236,-626.4608,-659.5039,0.5236
7.4,-618.9082,-655.1434,0.5236,-626.5127,-659.5339,0.5236
7.44,-618.9601,-655.1734,0.5236,-626.5647,-659.5639,0.5236
7.48,-619.0121,-655.2034,0.5236,-626.6167,-659.5939,0.5236
7.52,-619.064,-655.2334,0.5236,-626.6686,-659.6239,0.5236
7.56,-619.116,-655.2634,0.5236,-626.7206,-659.6539,0.5236
7.6,-619.168,-655.2934,0.5236,-626.7725,-659.6839,0.5236
7.64,-619.2199,-655.3234,0.5236,-626.8245,-659.7139,0.5236
7.68,-619.2719,-655.3534,0.5236,-626.8765,-659.7439,0.5236
7.72,-619.3239,-655.3834,0.5236,-626.9284,-659.7739,0.5236
7.76,-619.3758,-655.4134,0.5236,-626.9804,-659.8039,0.5236
7.8,-619.4278,-655.4434,0.5236,-627.0323,-659.8339,0.5236
7.84,-619.4797,-655.4734,0.5236,-627.0843,-659.8639,0.5236
7.88,-619.5317,-655.5034,0.5236,-627.1363,-659.8939,0.5236
7.92,-619.5837,-655.5334,0.5236,-627.1882,-659.9239,0.5236
7.96,-619.6356,-655.5634,0.5236,-627.2402,-659.9539,0.5236
8.0,-619.6876,-655.5934,0.5236,-627.2922,-659.9839,0.5236
8.04,-619.7395,-655.6234,0.5236,-627.3441,-660.0139,0.5236
8.08,-619.7915,-655.6534,0.5236,-627.3961,-660.0439,0.5236
8.12,-619.8435,-655.6834,0.5236,-627.448,-660.0739,0.5236
8.16,-619.8954,-655.7134,0.5236,-627.5,-660.1039,0.5236
8.2,-619.9474,-655.7434,0.5236,-627.552,-660.1339,0.5236
8.24,-619.9994,-655.7734,0.5236,-627.6039,-660.1639,0.5236
8.28,-620.0513,-655.8034,0.5236,-627.6559,-660.1939,0.5236
8.32,-620.1033,-655.8334,0.5236,-627.7078,-660.2239,0.5236
8.36,-620.1552,-655.8634,0.5236,-627.7598,-660.2539,0.5236
8.4,-620.2072,-655.8934,0.5236,-627.8118,-660.2839,0.5236
8.44,-620.2592,-655.9234,0.5236,-627.8637,-660.3139,0.5236
8.48,-620.3111,-655.9534,0.5236,-627.9157,-660.3439,0.5236
8.52,-620.3631,-655.9834,0.5236,-627.9677,-660.3739,0.5236
8.56,-620.415,-656.0134,0.5236,-628.0196,-660.4039,0.5236
8.6,-620.467,-656.0434,0.5236,-628.0716,-660.4339,0.5236
8.64,-620.519,-656.0734,0.5236,-628.1235,-660.4639,0.5236
8.68,-620.5709,-656.1034,0.5236,-628.1755,-660.4939,0.5236
8.72,-620.6229,-656.1334,0.5236,-628.2275,-660.5239,0.5236
8.76,-620.6749,-656.1634,0.5236,-628.2794,-660.5539,0.5236
8.8,-620.7268,-656.1934,0.5236,-628.3314,-660.5839,0.5236
8.84,-620.7788,-656.2234,0.5236,-628.3833,-660.6139,0.5236
8.88,-620.8307,-656.2534,0.5236,-628.4353,-660.6439,0.5236
8.92,-620.8827,-656.2834,0.5236,-628.4873,-660.6739,0.5236
8.96,-620.9347,-656.3134,0.5236,-628.5392,-660.7039,0.5236
9.0,-620.9866,-656.3434,0.5236,-628.5912,-660.7339,0.5236
9.04,-621.0386,-656.3734,0.5236,-628.6432,-660.7639,0.5236
9.08,-621.0905,-656.4034,0.5236,-628.6951,-660.7939,0.5236
9.12,-621.1425,-656.4334,0.5236,-628.7471,-660.8239,0.5236
9.16,-621.1945,-656.4634,0.5236,-628.799,-660.8539,0.5236
9.2,-621.2464,-656.4934,0.5236,-628.851,-660.8839,0.5236
9.24,-621.2984,-656.5234,0.5236,-628.903,-660.9139,0.5236
9.28,-621.3504,-656.5534,0.5236,-628.9549,-660.9439,0.5236
9.32,-621.4023,-656.5834,0.5236,-629.0069,-660.9739,0.5236
9.36,-621.4543,-656.6134,0.5236,-629.0588,-661.0039,0.5236
9.4,-621.5062,-656.6434,0.5236,-629.1108,-661.0339,0.5236
9.44,-621.5582,-656.6734,0.5236,-629.1628,-661.0639,0.5236
9.48,-621.6102,-656.7034,0.5236,-629.2147,-661.0939,0.5236
9.52,-621.6621,-656.7334,0.5236,-629.2667,-661.1239,0.5236
9.56,-621.7141,-656.7634,0.5236,-629.3187,-661.1539,0.5236
9.6,-621.766,-656.7934,0.5236,-629.3706,-661.1839,0.5236
9.64,-621.818,-656.8234,0.5236,-629.4226,-661.2139,0.5236
9.68,-621.87,-656.8534,0.5236,-629.4745,-661.2439,0.5236
9.72,-621.9219,-656.8834,0.5236,-629.5265,-661.2739,0.5236
9.76,-621.9739,-656.9134,0.5236,-629.5785,-661.3039,0.5236
9.8,-622.0259,-656.9434,0.5236,-629.6304,-661.3339,0.5236
9.84,-622.0778,-656.9734,0.5236,-629.6824,-661.3639,0.5236
9.88,-622.1298,-657.0034,0.5236,-629.7343,-661.3939,0.5236
9.92,-622.1817,-657.0334,0.5236,-629.7863,-661.4239,0.5236
9.96,-622.2337,-657.0634,0.5236,-629.8383,-661.4539,0.5236
10.0,-622.2857,-657.0934,0.5236,-629.8902,-661.4839,0.5236
10.04,-622.3376,-657.1234,0.5236,-629.9422,-661.5139,0.5236
10.08,-622.3896,-657.1534,0.5236,-629.9942,-661.5439,0.5236
10.12,-622.4415,-657.1834,0.5236,-630.0461,-661.5739,0.5236
10.16,-622.4935,-657.2134,0.5236,-630.0981,-661.6039,0.5236
10.2,-622.5455,-657.2434,0.5236,-630.15,-661.6339,0.5236
10.24,-622.5974,-657.2734,0.5236,-630.202,-661.6639,0.5236
10.28,-622.6494,-657.3034,0.5236,-630.254,-661.6939,0.5236
10.32,-622.7014,-657.3334,0.5236,-630.3059,-661.7239,0.5236
10.36,-622.7533,-657.3634,0.5236,-630.3579,-661.7539,0.5236
10.4,-622.8053,-657.3934,0.5236,-630.4098,-661.7839,0.5236
10.44,-622.8572,-657.4234,0.5236,-630.4618,-661.8139,0.5236
10.48,-622.9092,-657.4534,0.5236,-630.5138,-661.8439,0.5236
10.52,-622.9612,-657.4834,0.5236,-630.5657,-661.8739,0.5236
10.56,-623.0131,-657.5134,0.5236,-630.6177,-661.9039,0.5236
10.6,-623.0651,-657.5434,0.5236,-630.6697,-661.9339,0.5236
10.64,-623.117,-657.5734,0.5236,-630.7216,-661.9639,0.5236
10.68,-623.169,-657.6034,0.5236,-630.7736,-661.9939,0.5236
10.72,-623.221,-657.6334,0.5236,-630.8255,-662.0239,0.5236
10.76,-623.2729,-657.6634,0.5236,-630.8775,-662.0539,0.5236
10.8,-623.3249,-657.6934,0.5236,-630.9295,-662.0839,0.5236
10.84,-623.3769,-657.7234,0.5236,-630.9814,-662.1139,0.5236
10.88,-623.4288,-657.7534,0.5236,-631.0334,-662.1439,0.5236
10.92,-623.4808,-657.7834,0.5236,-631.0853,-662.1739,0.5236
10.96,-623.5327,-657.8134,0.5236,-631.1373,-662.2039,0.5236
11.0,-623.5847,-657.8434,0.5236,-631.1893,-662.2339,0.5236
11.04,-623.6367,-657.8734,0.5236,-631.2412,-662.2639,0.5236
11.08,-623.6886,-657.9034,0.5236,-631.2932,-662.2939,0.5236
11.12,-623.7406,-657.9334,0.5236,-631.3452,-662.3239,0.5236
11.16,-623.7925,-657.9634,0.5236,-631.3971,-662.3539,0.5236
11.2,-623.8445,-657.9934,0.5236,-631.4491,-662.3839,0.5236
11.24,-623.8965,-658.0234,0.5236,-631.501,-662.4139,0.5236
11.28,-623.9484,-658.0534,0.5236,-631.553,-662.4439,0.5236
11.32,-624.0004,-658.0834,0.5236,-631.605,-662.4739,0.5236
11.36,-624.0524,-658.1134,0.5236,-631.6569,-662.5039,0.5236
11.4,-624.1043,-658.1434,0.5236,-631.7089,-662.5339,0.5236
11.44,-624.1563,-658.1734,0.5236,-631.7608,-662.5639,0.5236
11.48,-624.2082,-658.2034,0.5236,-631.8128,-662.5939,0.5236
11.52,-624.2602,-658.2334,0.5236,-631.8648,-662.6239,0.5236
11.56,-624.3122,-658.2634,0.5236,-631.9167,-662.6539,0.5236
11.6,-624.3641,-658.2934,0.5236,-631.9687,-662.6839,0.5236
11.64,-624.4161,-658.3234,0.5236,-632.0207,-662.7139,0.5236
11.68,-624.468,-658.3534,0.5236,-632.0726,-662.7439,0.5236
11.72,-624.52,-658.3834,0.5236,-632.1246,-662.7739,0.5236
11.76,-624.572,-658.4134,0.5236,-632.1765,-662.8039,0.5236
11.8,-624.6239,-658.4434,0.5236,-632.2285,-662.8339,0.5236
11.84,-624.6759,-658.4734,0.5236,-632.2805,-662.8639,0.5236
11.88,-624.7279,-658.5034,0.5236,-632.3324,-662.8939,0.5236
11.92,-624.7798,-658.5334,0.5236,-632.3844,-662.9239,0.5236
11.96,-624.8318,-658.5634,0.5236,-632.4363,-662.9539,0.5236
12.0,-624.8837,-658.5934,0.5236,-632.4883,-662.9839,0.5236
12.04,-624.9357,-658.6234,0.5236,-632.5403,-663.0139,0.5236
12.08,-624.9877,-658.6534,0.5236,-632.5922,-663.0439,0.5236
12.12,-625.0396,-658.6834,0.5236,-632.6442,-663.0739,0.5236
12.16,-625.0916,-658.7134,0.5236,-632.6962,-663.1039,0.5236
12.2,-625.1435,-658.7434,0.5236,-632.7481,-663.1339,0.5236
12.24,-625.1955,-658.7734,0.5236,-632.8001,-663.1639,0.5236
12.28,-625.2475,-658.8034,0.5236,-632.852,-663.1939,0.5236
12.32,-625.2994,-658.8334,0.5236,-632.904,-663.2239,0.5236
12.36,-625.3514,-658.8634,0.5236,-632.956,-663.2539,0.5236
12.4,-625.4034,-658.8934,0.5236,-633.0079,-663.2839,0.5236
12.44,-625.4553,-658.9234,0.5236,-633.0599,-663.3139,0.5236
12.48,-625.5073,-658.9534,0.5236,-633.1118,-663.3439,0.5236
12.52,-625.5592,-658.9834,0.5236,-633.1638,-663.3739,0.5236
12.56,-625.6112,-659.0134,0.5236,-633.2158,-663.4039,0.5236
12.6,-625.6632,-659.0434,0.5236,-633.2677,-663.4339,0.5236
12.64,-625.7151,-659.0734,0.5236,-633.3197,-663.4639,0.5236
12.68,-625.7671,-659.1034,0.5236,-633.3717,-663.4939,0.5236
12.72,-625.819,-659.1334,0.5236,-633.4236,-663.5239,0.5236
12.76,-625.871,-659.1634,0.5236,-633.4756,-663.5539,0.5236
12.8,-625.923,-659.1934,0.5236,-633.5275,-663.5839,0.5236
12.84,-625.9749,-659.2234,0.5236,-633.5795,-663.6139,0.5236
12.88,-626.0269,-659.2534,0.5236,-633.6315,-663.6439,0.5236
12.92,-626.0789,-659.2834,0.5236,-633.6834,-663.6739,0.5236
12.96,-626.1308,-659.3134,0.5236,-633.7354,-663.7039,0.5236
13.0,-626.1828,-659.3434,0.5236,-633.7873,-663.7339,0.5236
13.04,-626.2347,-659.3734,0.5236,-633.8393,-663.7639,0.5236
13.08,-626.2867,-659.4034,0.5236,-633.8913,-663.7939,0.5236
13.12,-626.3387,-659.4334,0.5236,-633.9432,-663.8239,0.5236
13.16,-626.3906,-659.4634,0.5236,-633.9952,-663.8539,0.5236
13.2,-626.4426,-659.4934,0.5236,-634.0472,-663.8839,0.5236
13.24,-626.4945,-659.5234,0.5236,-634.0991,-663.9139,0.5236
13.28,-626.5465,-659.5534,0.5236,-634.1511,-663.9439,0.5236
13.32,-626.5985,-659.5834,0.5236,-634.203,-663.9739,0.5236
13.36,-626.6504,-659.6134,0.5236,-634.255,-664.0039,0.5236
13.4,-626.7024,-659.6434,0.5236,-634.307,-664.0339,0.5236
13.44,-626.7544,-659.6734,0.5236,-634.3589,-664.0639,0.5236
13.48,-626.8063,-659.7034,0.5236,-634.4109,-664.0939,0.5236
13.52,-626.8583,-659.7334,0.5236,-634.4628,-664.1239,0.5236
13.56,-626.9102,-659.7634,0.5236,-634.5148,-664.1539,0.5236
13.6,-626.9622,-659.7934,0.5236,-634.5668,-664.1839,0.5236
13.64,-627.0142,-659.8234,0.5236,-634.6187,-664.2139,0.5236
13.68,-627.0661,-659.8534,0.5236,-634.6707,-664.2439,0.5236
13.72,-627.1181,-659.8834,0.5236,-634.7227,-664.2739,0.5236
13.76,-627.17,-659.9134,0.5236,-634.7746,-664.3039,0.5236
13.8,-627.222,-659.9434,0.5236,-634.8266,-664.3339,0.5236
13.84,-627.274,-659.9734,0.5236,-634.8785,-664.3639,0.5236
13.88,-627.3259,-660.0034,0.5236,-634.9305,-664.3939,0.5236
13.92,-627.3779,-660.0334,0.5236,-634.9825,-664.4239,0.5236
13.96,-627.4299,-660.0634,0.5236,-635.0344,-664.4539,0.5236
14.0,-627.4818,-660.0934,0.5236,-635.0864,-664.4839,0.5236
14.04,-627.5338,-660.1234,0.5236,-635.1383,-664.5139,0.5236
14.08,-627.5857,-660.1534,0.5236,-635.1903,-664.5439,0.5236
14.12,-627.6377,-660.1834,0.5236,-635.2423,-664.5739,0.5236
14.16,-627.6897,-660.2134,0.5236,-635.2942,-664.6039,0.5236
14.2,-627.7416,-660.2434,0.5236,-635.3462,-664.6339,0.5236
14.24,-627.7936,-660.2734,0.5236,-635.3982,-664.6639,0.5236
14.28,-627.8455,-660.3034,0.5236,-635.4501,-664.6939,0.5236
14.32,-627.8975,-660.3334,0.5236,-635.5021,-664.7239,0.5236
14.36,-627.9495,-660.3634,0.5236,-635.554,-664.7539,0.5236
14.4,-628.0014,-660.3934,0.5236,-635.606,-664.7839,0.5236
14.44,-628.0534,-660.4234,0.5236,-635.658,-664.8139,0.5236
14.48,-628.1054,-660.4534,0.5236,-635.7099,-664.8439,0.5236
14.52,-628.1573,-660.4834,0.5236,-635.7619,-664.8739,0.5236
14.56,-628.2093,-660.5134,0.5236,-635.8138,-664.9039,0.5236
14.6,-628.2612,-660.5434,0.5236,-635.8658,-664.9339,0.5236
14.64,-628.3132,-660.5734,0.5236,-635.9178,-664.9639,0.5236
14.68,-628.3652,-660.6034,0.5236,-635.9697,-664.9939,0.5236
14.72,-628.4171,-660.6334,0.5236,-636.0217,-665.0239,0.5236
14.76,-628.4691,-660.6634,0.5236,-636.0737,-665.0539,0.5236
14.8,-628.521,-660.6934,0.5236,-636.1256,-665.0839,0.5236
14.84,-628.573,-660.7234,0.5236,-636.1776,-665.1139,0.5236
14.88,-628.625,-660.7534,0.5236,-636.2295,-665.1439,0.5236
14.92,-628.6769,-660.7834,0.5236,-636.2815,-665.1739,0.5236
14.96,-628.7289,-660.8134,0.5236,-636.3335,-665.2039,0.5236
15.0,-628.7809,-660.8434,0.5236,-636.3854,-665.2339,0.5236
15.04,-628.8328,-660.8734,0.5236,-636.4374,-665.2639,0.5236
15.08,-628.8848,-660.9034,0.5236,-636.4893,-665.2939,0.5236
15.12,-628.9367,-660.9334,0.5236,-636.5413,-665.3239,0.5236
15.16,-628.9887,-660.9634,0.5236,-636.5933,-665.3539,0.5236
15.2,-629.0407,-660.9934,0.5236,-636.6452,-665.3839,0.5236
15.24,-629.0926,-661.0234,0.5236,-636.6972,-665.4139,0.5236
15.28,-629.1446,-661.0534,0.5236,-636.7492,-665.4439,0.5236
15.32,-629.1965,-661.0834,0.5236,-636.8011,-665.4739,0.5236
15.36,-629.2485,-661.1134,0.5236,-636.8531,-665.5039,0.5236
15.4,-629.3005,-661.1434,0.5236,-636.905,-665.5339,0.5236
15.44,-629.3524,-661.1734,0.5236,-636.957,-665.5639,0.5236
15.48,-629.4044,-661.2034,0.5236,-637.009,-665.5939,0.5236
15.52,-629.4564,-661.2334,0.5236,-637.0609,-665.6239,0.5236
15.56,-629.5083,-661.2634,0.5236,-637.1129,-665.6539,0.5236
15.6,-629.5603,-661.2934,0.5236,-637.1648,-665.6839,0.5236
15.64,-629.6122,-661.3234,0.5236,-637.2168,-665.7139,0.5236
15.68,-629.6642,-661.3534,0.5236,-637.2688,-665.7439,0.5236
15.72,-629.7162,-661.3834,0.5236,-637.3207,-665.7739,0.5236
15.76,-629.7681,-661.4134,0.5236,-637.3727,-665.8039,0.5236
15.8,-629.8201,-661.4434,0.5236,-637.4247,-665.8339,0.5236
15.84,-629.872,-661.4734,0.5236,-637.4766,-665.8639,0.5236
15.88,-629.924,-661.5034,0.5236,-637.5286,-665.8939,0.5236
15.92,-629.976,-661.5334,0.5236,-637.5805,-665.9239,0.5236
15.96,-630.0279,-661.5634,0.5236,-637.6325,-665.9539,0.5236
16.0,-630.0799,-661.5934,0.5236,-637.6845,-665.9839,0.5236
16.04,-630.1319,-661.6234,0.5236,-637.7364,-666.0139,0.5236
16.08,-630.1838,-661.6534,0.5236,-637.7884,-666.0439,0.5236
16.12,-630.2358,-661.6834,0.5236,-637.8403,-666.0739,0.5236
16.16,-630.2877,-661.7134,0.5236,-637.8923,-666.1039,0.5236
16.2,-630.3397,-661.7434,0.5236,-637.9443,-666.1339,0.5236
16.24,-630.3917,-661.7734,0.5236,-637.9962,-666.1639,0.5236
16.28,-630.4436,-661.8034,0.5236,-638.0482,-666.1939,0.5236
16.32,-630.4956,-661.8334,0.5236,-638.1002,-666.2239,0.5236
16.36,-630.5475,-661.8634,0.5236,-638.1521,-666.2539,0.5236
16.4,-630.5995,-661.8934,0.5236,-638.2041,-666.2839,0.5236
16.44,-630.6515,-661.9234,0.5236,-638.256,-666.3139,0.5236
16.48,-630.7034,-661.9534,0.5236,-638.308,-666.3439,0.5236
16.52,-630.7554,-661.9834,0.5236,-638.36,-666.3739,0.5236
16.56,-630.8074,-662.0134,0.5236,-638.4119,-666.4039,0.5236
16.6,-630.8593,-662.0434,0.5236,-638.4639,-666.4339,0.5236
16.64,-630.9113,-662.0734,0.5236,-638.5158,-666.4639,0.5236
16.68,-630.9632,-662.1034,0.5236,-638.5678,-666.4939,0.5236
16.72,-631.0152,-662.1334,0.5236,-638.6198,-666.5239,0.5236
16.76,-631.0672,-662.1634,0.5236,-638.6717,-666.5539,0.5236
16.8,-631.1191,-662.1934,0.5236,-638.7237,-666.5839,0.5236
16.84,-631.1711,-662.2234,0.5236,-638.7757,-666.6139,0.5236
16.88,-631.223,-662.2534,0.5236,-638.8276,-666.6439,0.5236
16.92,-631.275,-662.2834,0.5236,-638.8796,-666.6739,0.5236
16.96,-631.327,-662.3134,0.5236,-638.9315,-666.7039,0.5236
17.0,-631.3789,-662.3434,0.5236,-638.9835,-666.7339,0.5236
17.04,-631.4309,-662.3734,0.5236,-639.0355,-666.7639,0.5236
17.08,-631.4829,-662.4034,0.5236,-639.0874,-666.7939,0.5236
17.12,-631.5348,-662.4334,0.5236,-639.1394,-666.8239,0.5236
17.16,-631.5868,-662.4634,0.5236,-639.1913,-666.8539,0.5236
17.2,-631.6387,-662.4934,0.5236,-639.2433,-666.8839,0.5236
17.24,-631.6907,-662.5234,0.5236,-639.2953,-666.9139,0.5236
17.28,-631.7427,-662.5534,0.5236,-639.3472,-666.9439,0.5236
17.32,-631.7946,-662.5834,0.5236,-639.3992,-666.9739,0.5236
17.36,-631.8466,-662.6134,0.5236,-639.4512,-667.0039,0.5236
17.4,-631.8985,-662.6434,0.5236,-639.5031,-667.0339,0.5236
17.44,-631.9505,-662.6734,0.5236,-639.5551,-667.0639,0.5236
17.48,-632.0025,-662.7034,0.5236,-639.607,-667.0939,0.5236
17.52,-632.0544,-662.7334,0.5236,-639.659,-667.1239,0.5236
17.56,-632.1064,-662.7634,0.5236,-639.711,-667.1539,0.5236
17.6,-632.1584,-662.7934,0.5236,-639.7629,-667.1839,0.5236
17.64,-632.2103,-662.8234,0.5236,-639.8149,-667.2139,0.5236
17.68,-632.2623,-662.8534,0.5236,-639.8668,-667.2439,0.5236
17.72,-632.3142,-662.8834,0.5236,-639.9188,-667.2739,0.5236
17.76,-632.3662,-662.9134,0.5236,-639.9708,-667.3039,0.5236
17.8,-632.4182,-662.9434,0.5236,-640.0227,-667.3339,0.5236
17.84,-632.4701,-662.9734,0.5236,-640.0747,-667.3639,0.5236
17.88,-632.5221,-663.0034,0.5236,-640.1267,-667.3939,0.5236
17.92,-632.574,-663.0334,0.5236,-640.1786,-667.4239,0.5236
17.96,-632.626,-663.0634,0.5236,-640.2306,-667.4539,0.5236
18.0,-632.678,-663.0934,0.5236,-640.2825,-667.4839,0.5236
18.04,-632.7299,-663.1234,0.5236,-640.3345,-667.5139,0.5236
18.08,-632.7819,-663.1534,0.5236,-640.3865,-667.5439,0.5236
18.12,-632.8339,-663.1834,0.5236,-640.4384,-667.5739,0.5236
18.16,-632.8858,-663.2134,0.5236,-640.4904,-667.6039,0.5236
18.2,-632.9378,-663.2434,0.5236,-640.5423,-667.6339,0.5236
18.24,-632.9897,-663.2734,0.5236,-640.5943,-667.6639,0.5236
18.28,-633.0417,-663.3034,0.5236,-640.6463,-667.6939,0.5236
18.32,-633.0937,-663.3334,0.5236,-640.6982,-667.7239,0.5236
18.36,-633.1456,-663.3634,0.5236,-640.7502,-667.7539,0.5236
18.4,-633.1976,-663.3934,0.5236,-640.8022,-667.7839,0.5236
18.44,-633.2495,-663.4234,0.5236,-640.8541,-667.8139,0.5236
18.48,-633.3015,-663.4534,0.5236,-640.9061,-667.8439,0.5236
18.52,-633.3535,-663.4834,0.5236,-640.958,-667.8739,0.5236
18.56,-633.4054,-663.5134,0.5236,-641.01,-667.9039,0.5236
18.6,-633.4574,-663.5434,0.5236,-641.062,-667.9339,0.5236
18.64,-633.5094,-663.5734,0.5236,-641.1139,-667.9639,0.5236
18.68,-633.5613,-663.6034,0.5236,-641.1659,-667.9939,0.5236
18.72,-633.6133,-663.6334,0.5236,-641.2178,-668.0239,0.5236
18.76,-633.6652,-663.6634,0.5236,-641.2698,-668.0539,0.5236
18.8,-633.7172,-663.6934,0.5236,-641.3218,-668.0839,0.5236
18.84,-633.7692,-663.7234,0.5236,-641.3737,-668.1139,0.5236
18.88,-633.8211,-663.7534,0.5236,-641.4257,-668.1439,0.5236
18.92,-633.8731,-663.7834,0.5236,-641.4777,-668.1739,0.5236
18.96,-633.925,-663.8134,0.5236,-641.5296,-668.2039,0.5236
19.0,-633.977,-663.8434,0.5236,-641.5816,-668.2339,0.5236
19.04,-634.029,-663.8734,0.5236,-641.6335,-668.2639,0.5236
19.08,-634.0809,-663.9034,0.5236,-641.6855,-668.2939,0.5236
19.12,-634.1329,-663.9334,0.5236,-641.7375,-668.3239,0.5236
19.16,-634.1849,-663.9634,0.5236,-641.7894,-668.3539,0.5236
19.2,-634.2368,-663.9934,0.5236,-641.8414,-668.3839,0.5236
19.24,-634.2888,-664.0234,0.5236,-641.8933,-668.4139,0.5236
19.28,-634.3407,-664.0534,0.5236,-641.9453,-668.4439,0.5236
19.32,-634.3927,-664.0834,0.5236,-641.9973,-668.4739,0.5236
19.36,-634.4447,-664.1134,0.5236,-642.0492,-668.5039,0.5236
19.4,-634.4966,-664.1434,0.5236,-642.1012,-668.5339,0.5236
19.44,-634.5486,-664.1734,0.5236,-642.1532,-668.5639,0.5236
19.48,-634.6005,-664.2034,0.5236,-642.2051,-668.5939,0.5236
19.52,-634.6525,-664.2334,0.5236,-642.2571,-668.6239,0.5236
19.56,-634.7045,-664.2634,0.5236,-642.309,-668.6539,0.5236
19.6,-634.7564,-664.2934,0.5236,-642.361,-668.6839,0.5236
19.64,-634.8084,-664.3234,0.5236,-642.413,-668.7139,0.5236
19.68,-634.8604,-664.3534,0.5236,-642.4649,-668.7439,0.5236
19.72,-634.9123,-664.3834,0.5236,-642.5169,-668.7739,0.5236
19.76,-634.9643,-664.4134,0.5236,-642.5688,-668.8039,0.5236
19.8,-635.0162,-664.4434,0.5236,-642.6208,-668.8339,0.5236
19.84,-635.0682,-664.4734,0.5236,-642.6728,-668.8639,0.5236
19.88,-635.1202,-664.5034,0.5236,-642.7247,-668.8939,0.5236
19.92,-635.1721,-664.5334,0.5236,-642.7767,-668.9239,0.5236
19.96,-635.2241,-664.5634,0.5236,-642.8287,-668.9539,0.5236
20.0,-635.276,-664.5934,0.5236,-642.8806,-668.9839,0.5236
20.04,-635.328,-664.6234,0.5236,-642.9326,-669.0139,0.5236
20.08,-635.38,-664.6534,0.5236,-642.9845,-669.0439,0.5236
20.12,-635.4319,-664.6834,0.5236,-643.0365,-669.0739,0.5236
20.16,-635.4839,-664.7134,0.5236,-643.0885,-669.1039,0.5236
20.2,-635.5359,-664.7434,0.5236,-643.1404,-669.1339,0.5236
20.24,-635.5878,-664.7734,0.5236,-643.1924,-669.1639,0.5236
20.28,-635.6398,-664.8034,0.5236,-643.2443,-669.1939,0.5236
20.32,-635.6917,-664.8334,0.5236,-643.2963,-669.2239,0.5236
20.36,-635.7437,-664.8634,0.5236,-643.3483,-669.2539,0.5236
20.4,-635.7957,-664.8934,0.5236,-643.4002,-669.2839,0.5236
20.44,-635.8476,-664.9234,0.5236,-643.4522,-669.3139,0.5236
20.48,-635.8996,-664.9534,0.5236,-643.5042,-669.3439,0.5236
20.52,-635.9515,-664.9834,0.5236,-643.5561,-669.3739,0.5236
20.56,-636.0035,-665.0134,0.5236,-643.6081,-669.4039,0.5236
20.6,-636.0555,-665.0434,0.5236,-643.66,-669.4339,0.5236
20.64,-636.1074,-665.0734,0.5236,-643.712,-669.4639,0.5236
20.68,-636.1594,-665.1034,0.5236,-643.764,-669.4939,0.5236
20.72,-636.2114,-665.1334,0.5236,-643.8159,-669.5239,0.5236
20.76,-636.2633,-665.1634,0.5236,-643.8679,-669.5539,0.5236
20.8,-636.3153,-665.1934,0.5236,-643.9198,-669.5839,0.5236
20.84,-636.3672,-665.2234,0.5236,-643.9718,-669.6139,0.5236
20.88,-636.4192,-665.2534,0.5236,-644.0238,-669.6439,0.5236
20.92,-636.4712,-665.2834,0.5236,-644.0757,-669.6739,0.5236
20.96,-636.5231,-665.3134,0.5236,-644.1277,-669.7039,0.5236
21.0,-636.5751,-665.3434,0.5236,-644.1797,-669.7339,0.5236
21.04,-636.627,-665.3734,0.5236,-644.2316,-669.7639,0.5236
21.08,-636.679,-665.4034,0.5236,-644.2836,-669.7939,0.5236
21.12,-636.731,-665.4334,0.5236,-644.3355,-669.8239,0.5236
21.16,-636.7829,-665.4634,0.5236,-644.3875,-669.8539,0.5236
21.2,-636.8349,-665.4934,0.5236,-644.4395,-669.8839,0.5236
21.24,-636.8869,-665.5234,0.5236,-644.4914,-669.9139,0.5236
21.28,-636.9388,-665.5534,0.5236,-644.5434,-669.9439,0.5236
21.32,-636.9908,-665.5834,0.5236,-644.5953,-669.9739,0.5236
21.36,-637.0427,-665.6134,0.5236,-644.6473,-670.0039,0.5236
21.4,-637.0947,-665.6434,0.5236,-644.6993,-670.0339,0.5236
21.44,-637.1467,-665.6734,0.5236,-644.7512,-670.0639,0.5236
21.48,-637.1986,-665.7034,0.5236,-644.8032,-670.0939,0.5236
21.52,-637.2506,-665.7334,0.5236,-644.8552,-670.1239,0.5236
21.56,-637.3025,-665.7634,0.5236,-644.9071,-670.1539,0.5236
21.6,-637.3545,-665.7934,0.5236,-644.9591,-670.1839,0.5236
21.64,-637.4065,-665.8234,0.5236,-645.011,-670.2139,0.5236
21.68,-637.4584,-665.8534,0.5236,-645.063,-670.2439,0.5236
21.72,-637.5104,-665.8834,0.5236,-645.115,-670.2739,0.5236
21.76,-637.5624,-665.9134,0.5236,-645.1669,-670.3039,0.5236
21.8,-637.6143,-665.9434,0.5236,-645.2189,-670.3339,0.5236
21.84,-637.6663,-665.9734,0.5236,-645.2708,-670.3639,0.5236
21.88,-637.7182,-666.0034,0.5236,-645.3228,-670.3939,0.5236
21.92,-637.7702,-666.0334,0.5236,-645.3748,-670.4239,0.5236
21.96,-637.8222,-666.0634,0.5236,-645.4267,-670.4539,0.5236
22.0,-637.8741,-666.0934,0.5236,-645.4787,-670.4839,0.5236
22.04,-637.9261,-666.1234,0.5236,-645.5307,-670.5139,0.5236
22.08,-637.978,-666.1534,0.5236,-645.5826,-670.5439,0.5236
22.12,-638.03,-666.1834,0.5236,-645.6346,-670.5739,0.5236
22.16,-638.082,-666.2134,0.5236,-645.6865,-670.6039,0.5236
22.2,-638.1339,-666.2434,0.5236,-645.7385,-670.6339,0.5236
22.24,-638.1859,-666.2734,0.5236,-645.7905,-670.6639,0.5236
22.28,-638.2379,-666.3034,0.5236,-645.8424,-670.6939,0.5236
22.32,-638.2898,-666.3334,0.5236,-645.8944,-670.7239,0.5236
22.36,-638.3418,-666.3634,0.5236,-645.9463,-670.7539,0.5236
22.4,-638.3937,-666.3934,0.5236,-645.9983,-670.7839,0.5236
22.44,-638.4457,-666.4234,0.5236,-646.0503,-670.8139,0.5236
22.48,-638.4977,-666.4534,0.5236,-646.1022,-670.8439,0.5236
22.52,-638.5496,-666.4834,0.5236,-646.1542,-670.8739,0.5236
22.56,-638.6016,-666.5134,0.5236,-646.2062,-670.9039,0.5236
22.6,-638.6535,-666.5434,0.5236,-646.2581,-670.9339,0.5236
22.64,-638.7055,-666.5734,0.5236,-646.3101,-670.9639,0.5236
22.68,-638.7575,-666.6034,0.5236,-646.362,-670.9939,0.5236
22.72,-638.8094,-666.6334,0.5236,-646.414,-671.0239,0.5236
22.76,-638.8614,-666.6634,0.5236,-646.466,-671.0539,0.5236
22.8,-638.9134,-666.6934,0.5236,-646.5179,-671.0839,0.5236
22.84,-638.9653,-666.7234,0.5236,-646.5699,-671.1139,0.5236
22.88,-639.0173,-666.7534,0.5236,-646.6218,-671.1439,0.5236
22.92,-639.0692,-666.7834,0.5236,-646.6738,-671.1739,0.5236
22.96,-639.1212,-666.8134,0.5236,-646.7258,-671.2039,0.5236
23.0,-639.1732,-666.8434,0.5236,-646.7777,-671.2339,0.5236
23.04,-639.2251,-666.8734,0.5236,-646.8297,-671.2639,0.5236
23.08,-639.2771,-666.9034,0.5236,-646.8816,-671.2939,0.5236
23.12,-639.329,-666.9334,0.5236,-646.9336,-671.3239,0.5236
23.16,-639.381,-666.9634,0.5236,-646.9856,-671.3539,0.5236
23.2,-639.433,-666.9934,0.5236,-647.0375,-671.3839,0.5236
23.24,-639.4849,-667.0234,0.5236,-647.0895,-671.4139,0.5236
23.28,-639.5369,-667.0534,0.5236,-647.1415,-671.4439,0.5236
23.32,-639.5889,-667.0834,0.5236,-647.1934,-671.4739,0.5236
23.36,-639.6408,-667.1134,0.5236,-647.2454,-671.5039,0.5236
23.4,-639.6928,-667.1434,0.5236,-647.2973,-671.5339,0.5236
23.44,-639.7447,-667.1734,0.5236,-647.3493,-671.5639,0.5236
23.48,-639.7967,-667.2034,0.5236,-647.4013,-671.5939,0.5236
23.52,-639.8487,-667.2334,0.5236,-647.4532,-671.6239,0.5236
23.56,-639.9006,-667.2634,0.5236,-647.5052,-671.6539,0.5236
23.6,-639.9526,-667.2934,0.5236,-647.5571,-671.6839,0.5236
23.64,-640.0045,-667.3234,0.5236,-647.6091,-671.7139,0.5236
23.68,-640.0565,-667.3534,0.5236,-647.6611,-671.7439,0.5236
23.72,-640.1085,-667.3834,0.5236,-647.713,-671.7739,0.5236
23.76,-640.1604,-667.4134,0.5236,-647.765,-671.8039,0.5236
23.8,-640.2124,-667.4434,0.5236,-647.817,-671.8339,0.5236
23.84,-640.2643,-667.4734,0.5236,-647.8689,-671.8639,0.5236
23.88,-640.3163,-667.5034,0.5236,-647.9209,-671.8939,0.5236
23.92,-640.3683,-667.5334,0.5236,-647.9728,-671.9239,0.5236
23.96,-640.4202,-667.5634,0.5236,-648.0248,-671.9539,0.5236
24.0,-640.4722,-667.5934,0.5236,-648.0768,-671.9839,0.5236
24.04,-640.5242,-667.6234,0.5236,-648.1287,-672.0139,0.5236
24.08,-640.5761,-667.6534,0.5236,-648.1807,-672.0439,0.5236
24.12,-640.6281,-667.6834,0.5236,-648.2326,-672.0739,0.5236
24.16,-640.68,-667.7134,0.5236,-648.2846,-672.1039,0.5236
24.2,-640.732,-667.7434,0.5236,-648.3366,-672.1339,0.5236
24.24,-640.784,-667.7734,0.5236,-648.3885,-672.1639,0.5236
24.28,-640.8359,-667.8034,0.5236,-648.4405,-672.1939,0.5236
24.32,-640.8879,-667.8334,0.5236,-648.4925,-672.2239,0.5236
24.36,-640.9398,-667.8634,0.5236,-648.5444,-672.2539,0.5236
24.4,-640.9918,-667.8934,0.5236,-648.5964,-672.2839,0.5236
24.44,-641.0438,-667.9234,0.5236,-648.6483,-672.3139,0.5236
24.48,-641.0957,-667.9534,0.5236,-648.7003,-672.3439,0.5236
24.52,-641.1477,-667.9834,0.5236,-648.7523,-672.3739,0.5236
24.56,-641.1997,-668.0134,0.5236,-648.8042,-672.4039,0.5236
24.6,-641.2516,-668.0434,0.5236,-648.8562,-672.4339,0.5236
24.64,-641.3036,-668.0734,0.5236,-648.9081,-672.4639,0.5236
24.68,-641.3555,-668.1034,0.5236,-648.9601,-672.4939,0.5236
24.72,-641.4075,-668.1334,0.5236,-649.0121,-672.5239,0.5236
24.76,-641.4595,-668.1634,0.5236,-649.064,-672.5539,0.5236
24.8,-641.5114,-668.1934,0.5236,-649.116,-672.5839,0.5236
24.84,-641.5634,-668.2234,0.5236,-649.168,-672.6139,0.5236
24.88,-641.6153,-668.2534,0.5236,-649.2199,-672.6439,0.5236
24.92,-641.6673,-668.2834,0.5236,-649.2719,-672.6739,0.5236
24.96,-641.7193,-668.3134,0.5236,-649.3238,-672.7039,0.5236
25.0,-641.7712,-668.3434,0.5236,-649.3758,-672.7339,0.5236
25.04,-641.8232,-668.3734,0.5236,-649.4278,-672.7639,0.5236
25.08,-641.8752,-668.4034,0.5236,-649.4797,-672.7939,0.5236
25.12,-641.9271,-668.4334,0.5236,-649.5317,-672.8239,0.5236
25.16,-641.9791,-668.4634,0.5236,-649.5836,-672.8539,0.5236
25.2,-642.031,-668.4934,0.5236,-649.6356,-672.8839,0.5236
25.24,-642.083,-668.5234,0.5236,-649.6876,-672.9139,0.5236
25.28,-642.135,-668.5534,0.5236,-649.7395,-672.9439,0.5236
25.32,-642.1869,-668.5834,0.5236,-649.7915,-672.9739,0.5236
25.36,-642.2389,-668.6134,0.5236,-649.8435,-673.0039,0.5236
25.4,-642.2908,-668.6434,0.5236,-649.8954,-673.0339,0.5236
25.44,-642.3428,-668.6734,0.5236,-649.9474,-673.0639,0.5236
25.48,-642.3948,-668.7034,0.5236,-649.9993,-673.0939,0.5236
25.52,-642.4467,-668.7334,0.5236,-650.0513,-673.1239,0.5236
25.56,-642.4987,-668.7634,0.5236,-650.1033,-673.1539,0.5236
25.6,-642.5507,-668.7934,0.5236,-650.1552,-673.1839,0.5236
25.64,-642.6026,-668.8234,0.5236,-650.2072,-673.2139,0.5236
25.68,-642.6546,-668.8534,0.5236,-650.2591,-673.2439,0.5236
25.72,-642.7065,-668.8834,0.5236,-650.3111,-673.2739,0.5236
25.76,-642.7585,-668.9134,0.5236,-650.3631,-673.3039,0.5236
25.8,-642.8105,-668.9434,0.5236,-650.415,-673.3339,0.5236
25.84,-642.8624,-668.9734,0.5236,-650.467,-673.3639,0.5236
25.88,-642.9144,-669.0034,0.5236,-650.519,-673.3939,0.5236
25.92,-642.9663,-669.0334,0.5236,-650.5709,-673.4239,0.5236
25.96,-643.0183,-669.0634,0.5236,-650.6229,-673.4539,0.5236
26.0,-643.0703,-669.0934,0.5236,-650.6748,-673.4839,0.5236
26.04,-643.1222,-669.1234,0.5236,-650.7268,-673.5139,0.5236
26.08,-643.1742,-669.1534,0.5236,-650.7788,-673.5439,0.5236
26.12,-643.2262,-669.1834,0.5236,-650.8307,-673.5739,0.5236
26.16,-643.2781,-669.2134,0.5236,-650.8827,-673.6039,0.5236
26.2,-643.3301,-669.2434,0.5236,-650.9346,-673.6339,0.5236
26.24,-643.382,-669.2734,0.5236,-650.9866,-673.6639,0.5236
26.28,-643.434,-669.3034,0.5236,-651.0386,-673.6939,0.5236
26.32,-643.486,-669.3334,0.5236,-651.0905,-673.7239,0.5236
26.36,-643.5379,-669.3634,0.5236,-651.1425,-673.7539,0.5236
26.4,-643.5899,-669.3934,0.5236,-651.1945,-673.7839,0.5236
26.44,-643.6418,-669.4234,0.5236,-651.2464,-673.8139,0.5236
26.48,-643.6938,-669.4534,0.5236,-651.2984,-673.8439,0.5236
26.52,-643.7458,-669.4834,0.5236,-651.3503,-673.8739,0.5236
26.56,-643.7977,-669.5134,0.5236,-651.4023,-673.9039,0.5236
26.6,-643.8497,-669.5434,0.5236,-651.4543,-673.9339,0.5236
26.64,-643.9017,-669.5734,0.5236,-651.5062,-673.9639,0.5236
26.68,-643.9536,-669.6034,0.5236,-651.5582,-673.9939,0.5236
26.72,-644.0056,-669.6334,0.5236,-651.6101,-674.0239,0.5236
26.76,-644.0575,-669.6634,0.5236,-651.6621,-674.0539,0.5236
26.8,-644.1095,-669.6934,0.5236,-651.7141,-674.0839,0.5236
26.84,-644.1615,-669.7234,0.5236,-651.766,-674.1139,0.5236
26.88,-644.2134,-669.7534,0.5236,-651.818,-674.1439,0.5236
26.92,-644.2654,-669.7834,0.5236,-651.87,-674.1739,0.5236
26.96,-644.3173,-669.8134,0.5236,-651.9219,-674.2039,0.5236
27.0,-644.3693,-669.8434,0.5236,-651.9739,-674.2339,0.5236
27.04,-644.4213,-669.8734,0.5236,-652.0258,-674.2639,0.5236
27.08,-644.4732,-669.9034,0.5236,-652.0778,-674.2939,0.5236
27.12,-644.5252,-669.9334,0.5236,-652.1298,-674.3239,0.5236
27.16,-644.5772,-669.9634,0.5236,-652.1817,-674.3539,0.5236
27.2,-644.6291,-669.9934,0.5236,-652.2337,-674.3839,0.5236
27.24,-644.6811,-670.0234,0.5236,-652.2856,-674.4139,0.5236
27.28,-644.733,-670.0534,0.5236,-652.3376,-674.4439,0.5236
27.32,-644.785,-670.0834,0.5236,-652.3896,-674.4739,0.5236
27.36,-644.837,-670.1134,0.5236,-652.4415,-674.5039,0.5236
27.4,-644.8889,-670.1434,0.5236,-652.4935,-674.5339,0.5236
27.44,-644.9409,-670.1734,0.5236,-652.5455,-674.5639,0.5236
27.48,-644.9928,-670.2034,0.5236,-652.5974,-674.5939,0.5236
27.52,-645.0448,-670.2334,0.5236,-652.6494,-674.6239,0.5236
27.56,-645.0968,-670.2634,0.5236,-652.7013,-674.6539,0.5236
27.6,-645.1487,-670.2934,0.5236,-652.7533,-674.6839,0.5236
27.64,-645.2007,-670.3234,0.5236,-652.8053,-674.7139,0.5236
27.68,-645.2527,-670.3534,0.5236,-652.8572,-674.7439,0.5236
27.72,-645.3046,-670.3834,0.5236,-652.9092,-674.7739,0.5236
27.76,-645.3566,-670.4134,0.5236,-652.9611,-674.8039,0.5236
27.8,-645.4085,-670.4434,0.5236,-653.0131,-674.8339,0.5236
27.84,-645.4605,-670.4734,0.5236,-653.0651,-674.8639,0.5236
27.88,-645.5125,-670.5034,0.5236,-653.117,-674.8939,0.5236
27.92,-645.5644,-670.5334,0.5236,-653.169,-674.9239,0.5236
27.96,-645.6164,-670.5634,0.5236,-653.221,-674.9539,0.5236
28.0,-645.6683,-670.5934,0.5236,-653.2729,-674.9839,0.5236
28.04,-645.7203,-670.6234,0.5236,-653.3249,-675.0139,0.5236
28.08,-645.7723,-670.6534,0.5236,-653.3768,-675.0439,0.5236
28.12,-645.8242,-670.6834,0.5236,-653.4288,-675.0739,0.5236
28.16,-645.8762,-670.7134,0.5236,-653.4808,-675.1039,0.5236
28.2,-645.9282,-670.7434,0.5236,-653.5327,-675.1339,0.5236
28.24,-645.9801,-670.7734,0.5236,-653.5847,-675.1639,0.5236
28.28,-646.0321,-670.8034,0.5236,-653.6366,-675.1939,0.5236
28.32,-646.084,-670.8334,0.5236,-653.6886,-675.2239,0.5236
28.36,-646.136,-670.8634,0.5236,-653.7406,-675.2539,0.5236
28.4,-646.188,-670.8934,0.5236,-653.7925,-675.2839,0.5236
28.44,-646.2399,-670.9234,0.5236,-653.8445,-675.3139,0.5236
28.48,-646.2919,-670.9534,0.5236,-653.8965,-675.3439,0.5236
28.52,-646.3438,-670.9834,0.5236,-653.9484,-675.3739,0.5236
28.56,-646.3958,-671.0134,0.5236,-654.0004,-675.4039,0.5236
28.6,-646.4478,-671.0434,0.5236,-654.0523,-675.4339,0.5236
28.64,-646.4997,-671.0734,0.5236,-654.1043,-675.4639,0.5236
28.68,-646.5517,-671.1034,0.5236,-654.1563,-675.4939,0.5236
28.72,-646.6037,-671.1334,0.5236,-654.2082,-675.5239,0.5236
28.76,-646.6556,-671.1634,0.5236,-654.2602,-675.5539,0.5236
28.8,-646.7076,-671.1934,0.5236,-654.3121,-675.5839,0.5236
28.84,-646.7595,-671.2234,0.5236,-654.3641,-675.6139,0.5236
28.88,-646.8115,-671.2534,0.5236,-654.4161,-675.6439,0.5236
28.92,-646.8635,-671.2834,0.5236,-654.468,-675.6739,0.5236
28.96,-646.9154,-671.3134,0.5236,-654.52,-675.7039,0.5236
29.0,-646.9674,-671.3434,0.5236,-654.572,-675.7339,0.5236
29.04,-647.0193,-671.3734,0.5236,-654.6239,-675.7639,0.5236
29.08,-647.0713,-671.4034,0.5236,-654.6759,-675.7939,0.5236
29.12,-647.1233,-671.4334,0.5236,-654.7278,-675.8239,0.5236
29.16,-647.1752,-671.4634,0.5236,-654.7798,-675.8539,0.5236
29.2,-647.2272,-671.4934,0.5236,-654.8318,-675.8839,0.5236
29.24,-647.2792,-671.5234,0.5236,-654.8837,-675.9139,0.5236
29.28,-647.3311,-671.5534,0.5236,-654.9357,-675.9439,0.5236
29.32,-647.3831,-671.5834,0.5236,-654.9876,-675.9739,0.5236
29.36,-647.435,-671.6134,0.5236,-655.0396,-676.0039,0.5236
29.4,-647.487,-671.6434,0.5236,-655.0916,-676.0339,0.5236
29.44,-647.539,-671.6734,0.5236,-655.1435,-676.0639,0.5236
29.48,-647.5909,-671.7034,0.5236,-655.1955,-676.0939,0.5236
29.52,-647.6429,-671.7334,0.5236,-655.2475,-676.1239,0.5236
29.56,-647.6948,-671.7634,0.5236,-655.2994,-676.1539,0.5236
29.6,-647.7468,-671.7934,0.5236,-655.3514,-676.1839,0.5236
29.64,-647.7988,-671.8234,0.5236,-655.4033,-676.2139,0.5236
29.68,-647.8507,-671.8534,0.5236,-655.4553,-676.2439,0.5236
29.72,-647.9027,-671.8834,0.5236,-655.5073,-676.2739,0.5236
29.76,-647.9547,-671.9134,0.5236,-655.5592,-676.3039,0.5236
29.8,-648.0066,-671.9434,0.5236,-655.6112,-676.3339,0.5236
29.84,-648.0586,-671.9734,0.5236,-655.6631,-676.3639,0.5236
29.88,-648.1105,-672.0034,0.5236,-655.7151,-676.3939,0.5236
29.92,-648.1625,-672.0334,0.5236,-655.7671,-676.4239,0.5236
29.96,-648.2145,-672.0634,0.5236,-655.819,-676.4539,0.5236
30.0,-648.2664,-672.0934,0.5236,-655.871,-676.4839,0.5236
30.04,-648.3184,-672.1234,0.5236,-655.923,-676.5139,0.5236
30.08,-648.3703,-672.1534,0.5236,-655.9749,-676.5439,0.5236
30.12,-648.4223,-672.1834,0.5236,-656.0269,-676.5739,0.5236
30.16,-648.4743,-672.2134,0.5236,-656.0788,-676.6039,0.5236
30.2,-648.5262,-672.2434,0.5236,-656.1308,-676.6339,0.5236
30.24,-648.5782,-672.2734,0.5236,-656.1828,-676.6639,0.5236
30.28,-648.6302,-672.3034,0.5236,-656.2347,-676.6939,0.5236
30.32,-648.6821,-672.3334,0.5236,-656.2867,-676.7239,0.5236
30.36,-648.7341,-672.3634,0.5236,-656.3386,-676.7539,0.5236
30.4,-648.786,-672.3934,0.5236,-656.3906,-676.7839,0.5236
30.44,-648.838,-672.4234,0.5236,-656.4426,-676.8139,0.5236
30.48,-648.89,-672.4534,0.5236,-656.4945,-676.8439,0.5236
30.52,-648.9419,-672.4834,0.5236,-656.5465,-676.8739,0.5236
30.56,-648.9939,-672.5134,0.5236,-656.5985,-676.9039,0.5236
30.6,-649.0458,-672.5434,0.5236,-656.6504,-676.9339,0.5236
30.64,-649.0978,-672.5734,0.5236,-656.7024,-676.9639,0.5236
30.68,-649.1498,-672.6034,0.5236,-656.7543,-676.9939,0.5236
30.72,-649.2017,-672.6334,0.5236,-656.8063,-677.0239,0.5236
30.76,-649.2537,-672.6634,0.5236,-656.8583,-677.0539,0.5236
30.8,-649.3057,-672.6934,0.5236,-656.9102,-677.0839,0.5236
30.84,-649.3576,-672.7234,0.5236,-656.9622,-677.1139,0.5236
30.88,-649.4096,-672.7534,0.5236,-657.0141,-677.1439,0.5236
30.92,-649.4615,-672.7834,0.5236,-657.0661,-677.1739,0.5236
30.96,-649.5135,-672.8134,0.5236,-657.1181,-677.2039,0.5236
31.0,-649.5655,-672.8434,0.5236,-657.17,-677.2339,0.5236
31.04,-649.6174,-672.8734,0.5236,-657.222,-677.2639,0.5236
31.08,-649.6694,-672.9034,0.5236,-657.274,-677.2939,0.5236
31.12,-649.7213,-672.9334,0.5236,-657.3259,-677.3239,0.5236
31.16,-649.7733,-672.9634,0.5236,-657.3779,-677.3539,0.5236
31.2,-649.8253,-672.9934,0.5236,-657.4298,-677.3839,0.5236
31.24,-649.8772,-673.0234,0.5236,-657.4818,-677.4139,0.5236
31.28,-649.9292,-673.0534,0.5236,-657.5338,-677.4439,0.5236
31.32,-649.9812,-673.0834,0.5236,-657.5857,-677.4739,0.5236
31.36,-650.0331,-673.1134,0.5236,-657.6377,-677.5039,0.5236
31.4,-650.0851,-673.1434,0.5236,-657.6896,-677.5339,0.5236
31.44,-650.137,-673.1734,0.5236,-657.7416,-677.5639,0.5236
31.48,-650.189,-673.2034,0.5236,-657.7936,-677.5939,0.5236
31.52,-650.241,-673.2334,0.5236,-657.8455,-677.6239,0.5236
31.56,-650.2929,-673.2634,0.5236,-657.8975,-677.6539,0.5236
31.6,-650.3449,-673.2934,0.5236,-657.9495,-677.6839,0.5236
31.64,-650.3968,-673.3234,0.5236,-658.0014,-677.7139,0.5236
31.68,-650.4488,-673.3534,0.5236,-658.0534,-677.7439,0.5236
31.72,-650.5008,-673.3834,0.5236,-658.1053,-677.7739,0.5236
31.76,-650.5527,-673.4134,0.5236,-658.1573,-677.8039,0.5236
31.8,-650.6047,-673.4434,0.5236,-658.2093,-677.8339,0.5236
31.84,-650.6567,-673.4734,0.5236,-658.2612,-677.8639,0.5236
31.88,-650.7086,-673.5034,0.5236,-658.3132,-677.8939,0.5236
31.92,-650.7606,-673.5334,0.5236,-658.3651,-677.9239,0.5236
31.96,-650.8125,-673.5634,0.5236,-658.4171,-677.9539,0.5236
32.0,-650.8645,-673.5934,0.5236,-658.4691,-677.9839,0.5236
32.04,-650.9165,-673.6234,0.5236,-658.521,-678.0139,0.5236
32.08,-650.9684,-673.6534,0.5236,-658.573,-678.0439,0.5236
32.12,-651.0204,-673.6834,0.5236,-658.625,-678.0739,0.5236
32.16,-651.0723,-673.7134,0.5236,-658.6769,-678.1039,0.5236
32.2,-651.1243,-673.7434,0.5236,-658.7289,-678.1339,0.5236
32.24,-651.1763,-673.7734,0.5236,-658.7808,-678.1639,0.5236
32.28,-651.2282,-673.8034,0.5236,-658.8328,-678.1939,0.5236
32.32,-651.2802,-673.8334,0.5236,-658.8848,-678.2239,0.5236
32.36,-651.3322,-673.8634,0.5236,-658.9367,-678.2539,0.5236
32.4,-651.3841,-673.8934,0.5236,-658.9887,-678.2839,0.5236
32.44,-651.4361,-673.9234,0.5236,-659.0406,-678.3139,0.5236
32.48,-651.488,-673.9534,0.5236,-659.0926,-678.3439,0.5236
32.52,-651.54,-673.9834,0.5236,-659.1446,-678.3739,0.5236
32.56,-651.592,-674.0134,0.5236,-659.1965,-678.4039,0.5236
32.6,-651.6439,-674.0434,0.5236,-659.2485,-678.4339,0.5236
32.64,-651.6959,-674.0734,0.5236,-659.3005,-678.4639,0.5236
32.68,-651.7478,-674.1034,0.5236,-659.3524,-678.4939,0.5236
32.72,-651.7998,-674.1334,0.5236,-659.4044,-678.5239,0.5236
32.76,-651.8518,-674.1634,0.5236,-659.4563,-678.5539,0.5236
32.8,-651.9037,-674.1934,0.5236,-659.5083,-678.5839,0.5236
32.84,-651.9557,-674.2234,0.5236,-659.5603,-678.6139,0.5236
32.88,-652.0077,-674.2534,0.5236,-659.6122,-678.6439,0.5236
32.92,-652.0596,-674.2834,0.5236,-659.6642,-678.6739,0.5236
32.96,-652.1116,-674.3134,0.5236,-659.7161,-678.7039,0.5236
33.0,-652.1635,-674.3434,0.5236,-659.7681,-678.7339,0.5236
33.04,-652.2155,-674.3734,0.5236,-659.8201,-678.7639,0.5236
33.08,-652.2675,-674.4034,0.5236,-659.872,-678.7939,0.5236
33.12,-652.3194,-674.4334,0.5236,-659.924,-678.8239,0.5236
33.16,-652.3714,-674.4634,0.5236,-659.976,-678.8539,0.5236
33.2,-652.4233,-674.4934,0.5236,-660.0279,-678.8839,0.5236
33.24,-652.4753,-674.5234,0.5236,-660.0799,-678.9139,0.5236
33.28,-652.5273,-674.5534,0.5236,-660.1318,-678.9439,0.5236
33.32,-652.5792,-674.5834,0.5236,-660.1838,-678.9739,0.5236
33.36,-652.6312,-674.6134,0.5236,-660.2358,-679.0039,0.5236
33.4,-652.6832,-674.6434,0.5236,-660.2877,-679.0339,0.5236
33.44,-652.7351,-674.6734,0.5236,-660.3397,-679.0639,0.5236
33.48,-652.7871,-674.7034,0.5236,-660.3916,-679.0939,0.5236
33.52,-652.839,-674.7334,0.5236,-660.4436,-679.1239,0.5236
33.56,-652.891,-674.7634,0.5236,-660.4956,-679.1539,0.5236
33.6,-652.943,-674.7934,0.5236,-660.5475,-679.1839,0.5236
33.64,-652.9949,-674.8234,0.5236,-660.5995,-679.2139,0.5236
33.68,-653.0469,-674.8534,0.5236,-660.6515,-679.2439,0.5236
33.72,-653.0988,-674.8834,0.5236,-660.7034,-679.2739,0.5236
33.76,-653.1508,-674.9134,0.5236,-660.7554,-679.3039,0.5236
33.8,-653.2028,-674.9434,0.5236,-660.8073,-679.3339,0.5236
33.84,-653.2547,-674.9734,0.5236,-660.8593,-679.3639,0.5236
33.88,-653.3067,-675.0034,0.5236,-660.9113,-679.3939,0.5236
33.92,-653.3587,-675.0334,0.5236,-660.9632,-679.4239,0.5236
33.96,-653.4106,-675.0634,0.5236,-661.0152,-679.4539,0.5236
34.0,-653.4626,-675.0934,0.5236,-661.0671,-679.4839,0.5236
34.04,-653.5145,-675.1234,0.5236,-661.1191,-679.5139,0.5236
34.08,-653.5665,-675.1534,0.5236,-661.1711,-679.5439,0.5236
34.12,-653.6185,-675.1834,0.5236,-661.223,-679.5739,0.5236
34.16,-653.6704,-675.2134,0.5236,-661.275,-679.6039,0.5236
34.2,-653.7224,-675.2434,0.5236,-661.327,-679.6339,0.5236
34.24,-653.7743,-675.2734,0.5236,-661.3789,-679.6639,0.5236
34.28,-653.8263,-675.3034,0.5236,-661.4309,-679.6939,0.5236
34.32,-653.8783,-675.3334,0.5236,-661.4828,-679.7239,0.5236
34.36,-653.9302,-675.3634,0.5236,-661.5348,-679.7539,0.5236
34.4,-653.9822,-675.3934,0.5236,-661.5868,-679.7839,0.5236
34.44,-654.0342,-675.4234,0.5236,-661.6387,-679.8139,0.5236
34.48,-654.0861,-675.4534,0.5236,-661.6907,-679.8439,0.5236
34.52,-654.1381,-675.4834,0.5236,-661.7426,-679.8739,0.5236
34.56,-654.19,-675.5134,0.5236,-661.7946,-679.9039,0.5236
34.6,-654.242,-675.5434,0.5236,-661.8466,-679.9339,0.5236
34.64,-654.294,-675.5734,0.5236,-661.8985,-679.9639,0.5236
34.68,-654.3459,-675.6034,0.5236,-661.9505,-679.9939,0.5236
34.72,-654.3979,-675.6334,0.5236,-662.0025,-680.0239,0.5236
34.76,-654.4498,-675.6634,0.5236,-662.0544,-680.0539,0.5236
34.8,-654.5018,-675.6934,0.5236,-662.1064,-680.0839,0.5236
34.84,-654.5538,-675.7234,0.5236,-662.1583,-680.1139,0.5236
34.88,-654.6057,-675.7534,0.5236,-662.2103,-680.1439,0.5236
34.92,-654.6577,-675.7834,0.5236,-662.2623,-680.1739,0.5236
34.96,-654.7097,-675.8134,0.5236,-662.3142,-680.2039,0.5236
35.0,-654.7616,-675.8434,0.5236,-662.3662,-680.2339,0.5236
35.04,-654.8136,-675.8734,0.5236,-662.4181,-680.2639,0.5236
35.08,-654.8655,-675.9034,0.5236,-662.4701,-680.2939,0.5236
35.12,-654.9175,-675.9334,0.5236,-662.5221,-680.3239,0.5236
35.16,-654.9695,-675.9634,0.5236,-662.574,-680.3539,0.5236
35.2,-655.0214,-675.9934,0.5236,-662.626,-680.3839,0.5236
35.24,-655.0734,-676.0234,0.5236,-662.678,-680.4139,0.5236
35.28,-655.1253,-676.0534,0.5236,-662.7299,-680.4439,0.5236
35.32,-655.1773,-676.0834,0.5236,-662.7819,-680.4739,0.5236
35.36,-655.2293,-676.1134,0.5236,-662.8338,-680.5039,0.5236
35.4,-655.2812,-676.1434,0.5236,-662.8858,-680.5339,0.5236
35.44,-655.3332,-676.1734,0.5236,-662.9378,-680.5639,0.5236
35.48,-655.3852,-676.2034,0.5236,-662.9897,-680.5939,0.5236
35.52,-655.4371,-676.2334,0.5236,-663.0417,-680.6239,0.5236
35.56,-655.4891,-676.2634,0.5236,-663.0936,-680.6539,0.5236
35.6,-655.541,-676.2934,0.5236,-663.1456,-680.6839,0.5236
35.64,-655.593,-676.3234,0.5236,-663.1976,-680.7139,0.5236
35.68,-655.645,-676.3534,0.5236,-663.2495,-680.7439,0.5236
35.72,-655.6969,-676.3834,0.5236,-663.3015,-680.7739,0.5236
35.76,-655.7489,-676.4134,0.5236,-663.3535,-680.8039,0.5236
35.8,-655.8008,-676.4434,0.5236,-663.4054,-680.8339,0.5236
35.84,-655.8528,-676.4734,0.5236,-663.4574,-680.8639,0.5236
35.88,-655.9048,-676.5034,0.5236,-663.5093,-680.8939,0.5236
35.92,-655.9567,-676.5334,0.5236,-663.5613,-680.9239,0.5236
35.96,-656.0087,-676.5634,0.5236,-663.6133,-680.9539,0.5236
36.0,-656.0607,-676.5934,0.5236,-663.6652,-680.9839,0.5236
36.04,-656.1126,-676.6234,0.5236,-663.7172,-681.0139,0.5236
36.08,-656.1646,-676.6534,0.5236,-663.7691,-681.0439,0.5236
36.12,-656.2165,-676.6834,0.5236,-663.8211,-681.0739,0.5236
36.16,-656.2685,-676.7134,0.5236,-663.8731,-681.1039,0.5236
36.2,-656.3205,-676.7434,0.5236,-663.925,-681.1339,0.5236
36.24,-656.3724,-676.7734,0.5236,-663.977,-681.1639,0.5236
36.28,-656.4244,-676.8034,0.5236,-664.029,-681.1939,0.5236
36.32,-656.4763,-676.8334,0.5236,-664.0809,-681.2239,0.5236
36.36,-656.5283,-676.8634,0.5236,-664.1329,-681.2539,0.5236
36.4,-656.5803,-676.8934,0.5236,-664.1848,-681.2839,0.5236
36.44,-656.6322,-676.9234,0.5236,-664.2368,-681.3139,0.5236
36.48,-656.6842,-676.9534,0.5236,-664.2888,-681.3439,0.5236
36.52,-656.7362,-676.9834,0.5236,-664.3407,-681.3739,0.5236
36.56,-656.7881,-677.0134,0.5236,-664.3927,-681.4039,0.5236
36.6,-656.8401,-677.0434,0.5236,-664.4446,-681.4339,0.5236
36.64,-656.892,-677.0734,0.5236,-664.4966,-681.4639,0.5236
36.68,-656.944,-677.1034,0.5236,-664.5486,-681.4939,0.5236
36.72,-656.996,-677.1334,0.5236,-664.6005,-681.5239,0.5236
36.76,-657.0479,-677.1634,0.5236,-664.6525,-681.5539,0.5236
36.8,-657.0999,-677.1934,0.5236,-664.7045,-681.5839,0.5236
36.84,-657.1518,-677.2234,0.5236,-664.7564,-681.6139,0.5236
36.88,-657.2038,-677.2534,0.5236,-664.8084,-681.6439,0.5236
36.92,-657.2558,-677.2834,0.5236,-664.8603,-681.6739,0.5236
36.96,-657.3077,-677.3134,0.5236,-664.9123,-681.7039,0.5236
37.0,-657.3597,-677.3434,0.5236,-664.9643,-681.7339,0.5236
37.04,-657.4117,-677.3734,0.5236,-665.0162,-681.7639,0.5236
37.08,-657.4636,-677.4034,0.5236,-665.0682,-681.7939,0.5236
37.12,-657.5156,-677.4334,0.5236,-665.1201,-681.8239,0.5236
37.16,-657.5675,-677.4634,0.5236,-665.1721,-681.8539,0.5236
37.2,-657.6195,-677.4934,0.5236,-665.2241,-681.8839,0.5236
37.24,-657.6715,-677.5234,0.5236,-665.276,-681.9139,0.5236
37.28,-657.7234,-677.5534,0.5236,-665.328,-681.9439,0.5236
37.32,-657.7754,-677.5834,0.5236,-665.38,-681.9739,0.5236
37.36,-657.8273,-677.6134,0.5236,-665.4319,-682.0039,0.5236
37.4,-657.8793,-677.6434,0.5236,-665.4839,-682.0339,0.5236
37.44,-657.9313,-677.6734,0.5236,-665.5358,-682.0639,0.5236
37.48,-657.9832,-677.7034,0.5236,-665.5878,-682.0939,0.5236
37.52,-658.0352,-677.7334,0.5236,-665.6398,-682.1239,0.5236
37.56,-658.0872,-677.7634,0.5236,-665.6917,-682.1539,0.5236
37.6,-658.1391,-677.7934,0.5236,-665.7437,-682.1839,0.5236
37.64,-658.1911,-677.8234,0.5236,-665.7956,-682.2139,0.5236
37.68,-658.243,-677.8534,0.5236,-665.8476,-682.2439,0.5236
37.72,-658.295,-677.8834,0.5236,-665.8996,-682.2739,0.5236
37.76,-658.347,-677.9134,0.5236,-665.9515,-682.3039,0.5236
37.8,-658.3989,-677.9434,0.5236,-666.0035,-682.3339,0.5236
37.84,-658.4509,-677.9734,0.5236,-666.0555,-682.3639,0.5236
37.88,-658.5028,-678.0034,0.5236,-666.1074,-682.3939,0.5236
37.92,-658.5548,-678.0334,0.5236,-666.1594,-682.4239,0.5236
37.96,-658.6068,-678.0634,0.5236,-666.2113,-682.4539,0.5236
38.0,-658.6587,-678.0934,0.5236,-666.2633,-682.4839,0.5236
38.04,-658.7107,-678.1234,0.5236,-666.3153,-682.5139,0.5236
38.08,-658.7627,-678.1534,0.5236,-666.3672,-682.5439,0.5236
38.12,-658.8146,-678.1834,0.5236,-666.4192,-682.5739,0.5236
38.16,-658.8666,-678.2134,0.5236,-666.4711,-682.6039,0.5236
38.2,-658.9185,-678.2434,0.5236,-666.5231,-682.6339,0.5236
38.24,-658.9705,-678.2734,0.5236,-666.5751,-682.6639,0.5236
38.28,-659.0225,-678.3034,0.5236,-666.627,-682.6939,0.5236
38.32,-659.0744,-678.3334,0.5236,-666.679,-682.7239,0.5236
38.36,-659.1264,-678.3634,0.5236,-666.731,-682.7539,0.5236
38.4,-659.1783,-678.3934,0.5236,-666.7829,-682.7839,0.5236
38.44,-659.2303,-678.4234,0.5236,-666.8349,-682.8139,0.5236
38.48,-659.2823,-678.4534,0.5236,-666.8868,-682.8439,0.5236
38.52,-659.3342,-678.4834,0.5236,-666.9388,-682.8739,0.5236
38.56,-659.3862,-678.5134,0.5236,-666.9908,-682.9039,0.5236
38.6,-659.4382,-678.5434,0.5236,-667.0427,-682.9339,0.5236
38.64,-659.4901,-678.5734,0.5236,-667.0947,-682.9639,0.5236
38.68,-659.5421,-678.6034,0.5236,-667.1466,-682.9939,0.5236
38.72,-659.594,-678.6334,0.5236,-667.1986,-683.0239,0.5236
38.76,-659.646,-678.6634,0.5236,-667.2506,-683.0539,0.5236
38.8,-659.698,-678.6934,0.5236,-667.3025,-683.0839,0.5236
38.84,-659.7499,-678.7234,0.5236,-667.3545,-683.1139,0.5236
38.88,-659.8019,-678.7534,0.5236,-667.4065,-683.1439,0.5236
38.92,-659.8538,-678.7834,0.5236,-667.4584,-683.1739,0.5236
38.96,-659.9058,-678.8134,0.5236,-667.5104,-683.2039,0.5236
39.0,-659.9578,-678.8434,0.5236,-667.5623,-683.2339,0.5236
39.04,-660.0097,-678.8734,0.5236,-667.6143,-683.2639,0.5236
39.08,-660.0617,-678.9034,0.5236,-667.6663,-683.2939,0.5236
39.12,-660.1137,-678.9334,0.5236,-667.7182,-683.3239,0.5236
39.16,-660.1656,-678.9634,0.5236,-667.7702,-683.3539,0.5236
39.2,-660.2176,-678.9934,0.5236,-667.8221,-683.3839,0.5236
39.24,-660.2695,-679.0234,0.5236,-667.8741,-683.4139,0.5236
39.28,-660.3215,-679.0534,0.5236,-667.9261,-683.4439,0.5236
39.32,-660.3735,-679.0834,0.5236,-667.978,-683.4739,0.5236
39.36,-660.4254,-679.1134,0.5236,-668.03,-683.5039,0.5236
39.4,-660.4774,-679.1434,0.5236,-668.082,-683.5339,0.5236
39.44,-660.5293,-679.1734,0.5236,-668.1339,-683.5639,0.5236
39.48,-660.5813,-679.2034,0.5236,-668.1859,-683.5939,0.5236
39.52,-660.6333,-679.2334,0.5236,-668.2378,-683.6239,0.5236
39.56,-660.6852,-679.2634,0.5236,-668.2898,-683.6539,0.5236
39.6,-660.7372,-679.2934,0.5236,-668.3418,-683.6839,0.5236
39.64,-660.7892,-679.3234,0.5236,-668.3937,-683.7139,0.5236
39.68,-660.8411,-679.3534,0.5236,-668.4457,-683.7439,0.5236
39.72,-660.8931,-679.3834,0.5236,-668.4976,-683.7739,0.5236
39.76,-660.945,-679.4134,0.5236,-668.5496,-683.8039,0.5236
39.8,-660.997,-679.4434,0.5236,-668.6016,-683.8339,0.5236
39.84,-661.049,-679.4734,0.5236,-668.6535,-683.8639,0.5236
39.88,-661.1009,-679.5034,0.5236,-668.7055,-683.8939,0.5236
39.92,-661.1529,-679.5334,0.5236,-668.7575,-683.9239,0.5236
39.96,-661.2048,-679.5634,0.5236,-668.8094,-683.9539,0.5236
40.0,-661.2568,-679.5934,0.5236,-668.8614,-683.9839,0.5236
40.04,-661.3088,-679.6234,0.5222,-668.9133,-684.0139,0.5236
40.08,-661.3608,-679.6533,0.5208,-668.9652,-684.044,0.5236
40.12,-661.4128,-679.6831,0.5194,-669.0171,-684.0741,0.5237
40.16,-661.4649,-679.7129,0.518,-669.069,-684.1042,0.5237
40.2,-661.517,-679.7426,0.5166,-669.121,-684.1342,0.5237
40.24,-661.5692,-679.7723,0.5152,-669.1729,-684.1643,0.5238
40.28,-661.6214,-679.8018,0.5138,-669.2248,-684.1944,0.5239
40.32,-661.6737,-679.8313,0.5124,-669.2767,-684.2245,0.5239
40.36,-661.726,-679.8607,0.511,-669.3286,-684.2546,0.524
40.4,-661.7783,-679.8901,0.5096,-669.3805,-684.2847,0.5241
40.44,-661.8307,-679.9194,0.5082,-669.4324,-684.3148,0.5242
40.48,-661.8831,-679.9485,0.5068,-669.4843,-684.3449,0.5244
40.52,-661.9355,-679.9777,0.5054,-669.5362,-684.375,0.5245
40.56,-661.988,-680.0067,0.504,-669.5881,-684.4051,0.5246
40.6,-662.0406,-680.0357,0.5026,-669.6399,-684.4352,0.5248
40.64,-662.0932,-680.0646,0.5012,-669.6918,-684.4653,0.5249
40.68,-662.1458,-680.0934,0.4998,-669.7437,-684.4955,0.5251
40.72,-662.1984,-680.1222,0.4984,-669.7955,-684.5256,0.5253
40.76,-662.2511,-680.1509,0.497,-669.8474,-684.5558,0.5255
40.8,-662.3039,-680.1795,0.4956,-669.8992,-684.5859,0.5257
40.84,-662.3567,-680.208,0.4942,-669.9511,-684.6161,0.5259
40.88,-662.4095,-680.2365,0.4928,-670.0029,-684.6463,0.5261
40.92,-662.4623,-680.2649,0.4914,-670.0547,-684.6764,0.5264
40.96,-662.5152,-680.2932,0.49,-670.1065,-684.7066,0.5266
41.0,-662.5682,-680.3214,0.4886,-670.1583,-684.7369,0.5269
41.04,-662.6212,-680.3496,0.4872,-670.2101,-684.7671,0.5272
41.08,-662.6742,-680.3777,0.4858,-670.2619,-684.7973,0.5274
41.12,-662.7272,-680.4057,0.4844,-670.3136,-684.8276,0.5277
41.16,-662.7803,-680.4336,0.483,-670.3654,-684.8578,0.528
41.2,-662.8335,-680.4615,0.4816,-670.4171,-684.8881,0.5283
41.24,-662.8866,-680.4893,0.4802,-670.4688,-684.9184,0.5287
41.28,-662.9399,-680.517,0.4788,-670.5205,-684.9487,0.529
41.32,-662.9931,-680.5447,0.4774,-670.5722,-684.979,0.5294
41.36,-663.0464,-680.5722,0.476,-670.6239,-685.0093,0.5297
41.4,-663.0997,-680.5997,0.4747,-670.6755,-685.0397,0.5301
41.44,-663.1531,-680.6271,0.4733,-670.7272,-685.07,0.5305
41.48,-663.2065,-680.6545,0.4719,-670.7788,-685.1004,0.5309
41.52,-663.2599,-680.6818,0.4705,-670.8304,-685.1308,0.5313
41.56,-663.3134,-680.709,0.4691,-670.882,-685.1612,0.5317
41.6,-663.3669,-680.7361,0.4677,-670.9336,-685.1916,0.5322
41.64,-663.4205,-680.7631,0.4663,-670.9851,-685.2221,0.5326
41.68,-663.4741,-680.7901,0.4649,-671.0367,-685.2526,0.5331
41.72,-663.5277,-680.817,0.4635,-671.0882,-685.2831,0.5336
41.76,-663.5814,-680.8438,0.4621,-671.1397,-685.3136,0.5341
41.8,-663.6351,-680.8706,0.4607,-671.1911,-685.3441,0.5346
41.84,-663.6889,-680.8973,0.4593,-671.2426,-685.3747,0.5351
41.88,-663.7426,-680.9238,0.4579,-671.294,-685.4052,0.5356
41.92,-663.7965,-680.9504,0.4565,-671.3454,-685.4358,0.5361
41.96,-663.8503,-680.9768,0.4551,-671.3968,-685.4665,0.5367
42.0,-663.9042,-681.0032,0.4537,-671.4481,-685.4971,0.5373
42.04,-663.9581,-681.0295,0.4523,-671.4994,-685.5278,0.5378
42.08,-664.0121,-681.0557,0.4509,-671.5507,-685.5585,0.5384
42.12,-664.0661,-681.0819,0.4495,-671.602,-685.5892,0.539
42.16,-664.1201,-681.1079,0.4481,-671.6532,-685.6199,0.5397
42.2,-664.1742,-681.1339,0.4467,-671.7045,-685.6507,0.5403
42.24,-664.2283,-681.1598,0.4453,-671.7556,-685.6815,0.5409
42.28,-664.2825,-681.1857,0.4439,-671.8068,-685.7123,0.5416
42.32,-664.3367,-681.2114,0.4425,-671.8579,-685.7432,0.5423
42.36,-664.3909,-681.2371,0.4411,-671.909,-685.7741,0.543
42.4,-664.4451,-681.2627,0.4397,-671.9601,-685.805,0.5437
42.44,-664.4994,-681.2883,0.4383,-672.0111,-685.8359,0.5444
42.48,-664.5538,-681.3138,0.4369,-672.0621,-685.8669,0.5451
42.52,-664.6081,-681.3391,0.4355,-672.113,-685.8979,0.5459
42.56,-664.6625,-681.3645,0.4341,-672.164,-685.9289,0.5466
42.6,-664.717,-681.3897,0.4327,-672.2149,-685.96,0.5474
42.64,-664.7714,-681.4148,0.4313,-672.2657,-685.9911,0.5482
42.68,-664.8259,-681.4399,0.4299,-672.3165,-686.0222,0.549
42.72,-664.8805,-681.4649,0.4285,-672.3673,-686.0534,0.5498
42.76,-664.9351,-681.4899,0.4271,-672.418,-686.0846,0.5507
42.8,-664.9897,-681.5147,0.4257,-672.4687,-686.1158,0.5515
42.84,-665.0443,-681.5395,0.4243,-672.5194,-686.147,0.5524
42.88,-665.099,-681.5642,0.4229,-672.57,-686.1783,0.5533
42.92,-665.1537,-681.5888,0.4215,-672.6206,-686.2097,0.5542
42.96,-665.2085,-681.6134,0.4201,-672.6711,-686.241,0.5551
43.0,-665.2632,-681.6378,0.4187,-672.7216,-686.2724,0.556
43.04,-665.3181,-681.6622,0.4173,-672.772,-686.3039,0.5569
43.08,-665.3729,-681.6866,0.4159,-672.8224,-686.3353,0.5579
43.12,-665.4278,-681.7108,0.4145,-672.8727,-686.3669,0.5589
43.16,-665.4827,-681.735,0.4131,-672.923,-686.3984,0.5599
43.2,-665.5377,-681.759,0.4117,-672.9733,-686.43,0.5609
43.24,-665.5927,-681.7831,0.4103,-673.0235,-686.4616,0.5619
43.28,-665.6477,-681.807,0.4089,-673.0736,-686.4933,0.563
43.32,-665.7027,-681.8309,0.4075,-673.1237,-686.525,0.564
43.36,-665.7578,-681.8546,0.4061,-673.1737,-686.5568,0.5651
43.4,-665.8129,-681.8783,0.4047,-673.2237,-686.5886,0.5662
43.44,-665.8681,-681.902,0.4033,-673.2737,-686.6204,0.5673
43.48,-665.9233,-681.9255,0.4019,-673.3235,-686.6523,0.5684
43.52,-665.9785,-681.949,0.4005,-673.3733,-686.6842,0.5696
43.56,-666.0337,-681.9724,0.3991,-673.4231,-686.7161,0.5707
43.6,-666.089,-681.9957,0.3977,-673.4728,-686.7481,0.5719
43.64,-666.1443,-682.0189,0.3963,-673.5224,-686.7802,0.5731
43.68,-666.1997,-682.0421,0.3949,-673.572,-686.8123,0.5743
43.72,-666.2551,-682.0652,0.3935,-673.6215,-686.8444,0.5755
43.76,-666.3105,-682.0882,0.3921,-673.671,-686.8766,0.5768
43.8,-666.3659,-682.1111,0.3907,-673.7204,-686.9088,0.578
43.84,-666.4214,-682.134,0.3893,-673.7697,-686.9411,0.5793
43.88,-666.4769,-682.1567,0.3879,-673.819,-686.9734,0.5806
43.92,-666.5325,-682.1794,0.3865,-673.8681,-687.0058,0.5819
43.96,-666.588,-682.2021,0.3851,-673.9173,-687.0382,0.5833
44.0,-666.6436,-682.2246,0.3837,-673.9663,-687.0707,0.5846
44.04,-666.6993,-682.2471,0.3823,-674.0153,-687.1032,0.586
44.08,-666.7549,-682.2694,0.3809,-674.0642,-687.1357,0.5874
44.12,-666.8106,-682.2918,0.3795,-674.113,-687.1683,0.5888
44.16,-666.8664,-682.314,0.3782,-674.1618,-687.201,0.5902
44.2,-666.9221,-682.3361,0.3768,-674.2105,-687.2337,0.5917
44.24,-666.9779,-682.3582,0.3754,-674.2591,-687.2665,0.5931
44.28,-667.0337,-682.3802,0.374,-674.3076,-687.2993,0.5946
44.32,-667.0896,-682.4021,0.3726,-674.356,-687.3321,0.5961
44.36,-667.1455,-682.424,0.3712,-674.4044,-687.365,0.5977
44.4,-667.2014,-682.4457,0.3698,-674.4527,-687.398,0.5992
44.44,-667.2573,-682.4674,0.3684,-674.5009,-687.431,0.6008
44.48,-667.3133,-682.489,0.367,-674.549,-687.4641,0.6023
44.52,-667.3693,-682.5105,0.3656,-674.597,-687.4972,0.6039
44.56,-667.4254,-682.532,0.3642,-674.6449,-687.5304,0.6056
44.6,-667.4814,-682.5534,0.3628,-674.6928,-687.5636,0.6072
44.64,-667.5375,-682.5747,0.3614,-674.7405,-687.5969,0.6089
44.68,-667.5936,-682.5959,0.36,-674.7882,-687.6302,0.6106
44.72,-667.6498,-682.617,0.3586,-674.8357,-687.6636,0.6123
44.76,-667.706,-682.6381,0.3572,-674.8832,-687.697,0.614
44.8,-667.7622,-682.659,0.3558,-674.9306,-687.7305,0.6157
44.84,-667.8184,-682.6799,0.3544,-674.9779,-687.7641,0.6175
44.88,-667.8747,-682.7008,0.353,-675.0251,-687.7977,0.6193
44.92,-667.931,-682.7215,0.3516,-675.0721,-687.8313,0.6211
44.96,-667.9873,-682.7422,0.3502,-675.1191,-687.865,0.6229
45.0,-668.0437,-682.7627,0.3488,-675.166,-687.8988,0.6248
45.04,-668.1001,-682.7833,0.3474,-675.2127,-687.9326,0.6266
45.08,-668.1565,-682.8037,0.346,-675.2594,-687.9665,0.6285
45.12,-668.2129,-682.824,0.3446,-675.3059,-688.0004,0.6304
45.16,-668.2694,-682.8443,0.3432,-675.3524,-688.0344,0.6324
45.2,-668.3259,-682.8645,0.3418,-675.3987,-688.0685,0.6343
45.24,-668.3824,-682.8846,0.3404,-675.4449,-688.1026,0.6363
45.28,-668.439,-682.9046,0.339,-675.491,-688.1367,0.6383
45.32,-668.4956,-682.9246,0.3376,-675.537,-688.171,0.6403
45.36,-668.5522,-682.9444,0.3362,-675.5829,-688.2052,0.6424
45.4,-668.6088,-682.9642,0.3348,-675.6286,-688.2396,0.6445
45.44,-668.6655,-682.984,0.3334,-675.6742,-688.2739,0.6465
45.48,-668.7222,-683.0036,0.332,-675.7197,-688.3084,0.6487
45.52,-668.7789,-683.0231,0.3306,-675.7651,-688.3429,0.6508
45.56,-668.8357,-683.0426,0.3292,-675.8103,-688.3774,0.653
45.6,-668.8925,-683.062,0.3278,-675.8555,-688.412,0.6551
45.64,-668.9493,-683.0813,0.3264,-675.9004,-688.4467,0.6573
45.68,-669.0061,-683.1006,0.325,-675.9453,-688.4814,0.6596
45.72,-669.063,-683.1197,0.3236,-675.99,-688.5162,0.6618
45.76,-669.1198,-683.1388,0.3222,-676.0346,-688.551,0.6641
45.8,-669.1768,-683.1578,0.3208,-676.079,-688.5859,0.6664
45.84,-669.2337,-683.1767,0.3194,-676.1234,-688.6209,0.6687
45.88,-669.2907,-683.1956,0.318,-676.1675,-688.6559,0.6711
45.92,-669.3477,-683.2143,0.3166,-676.2115,-688.6909,0.6734
45.96,-669.4047,-683.233,0.3152,-676.2554,-688.726,0.6758
46.0,-669.4617,-683.2516,0.3138,-676.2992,-688.7612,0.6783
46.04,-669.5188,-683.2701,0.3124,-676.3427,-688.7964,0.6807
46.08,-669.5759,-683.2886,0.311,-676.3862,-688.8317,0.6832
46.12,-669.633,-683.3069,0.3096,-676.4294,-688.867,0.6857
46.16,-669.6901,-683.3252,0.3082,-676.4726,-688.9024,0.6882
46.2,-669.7473,-683.3434,0.3068,-676.5155,-688.9378,0.6907
46.24,-669.8045,-683.3616,0.3054,-676.5583,-688.9733,0.6933
46.28,-669.8617,-683.3796,0.304,-676.601,-689.0088,0.6959
46.32,-669.919,-683.3976,0.3026,-676.6435,-689.0444,0.6985
46.36,-669.9763,-683.4154,0.3012,-676.6858,-689.0801,0.7012
46.4,-670.0336,-683.4332,0.2998,-676.728,-689.1158,0.7038
46.44,-670.0909,-683.451,0.2984,-676.7699,-689.1515,0.7065
46.48,-670.1482,-683.4686,0.297,-676.8118,-689.1873,0.7092
46.52,-670.2056,-683.4862,0.2956,-676.8534,-689.2231,0.712
46.56,-670.263,-683.5036,0.2942,-676.8949,-689.259,0.7148
46.6,-670.3204,-683.521,0.2928,-676.9362,-689.295,0.7176
46.64,-670.3779,-683.5384,0.2914,-676.9773,-689.3309,0.7204
46.68,-670.4353,-683.5556,0.29,-677.0182,-689.367,0.7232
46.72,-670.4928,-683.5728,0.2886,-677.0589,-689.403,0.7261
46.76,-670.5504,-683.5898,0.2872,-677.0995,-689.4392,0.729
46.8,-670.6079,-683.6068,0.2858,-677.1399,-689.4753,0.7319
46.84,-670.6655,-683.6238,0.2844,-677.1801,-689.5115,0.7349
46.88,-670.723,-683.6406,0.2831,-677.2201,-689.5478,0.7379
46.92,-670.7807,-683.6574,0.2817,-677.2599,-689.5841,0.7409
46.96,-670.8383,-683.674,0.2803,-677.2995,-689.6204,0.7439
47.0,-670.896,-683.6906,0.2789,-677.3389,-689.6568,0.747
47.04,-670.9536,-683.7071,0.2775,-677.3781,-689.6932,0.7501
47.08,-671.0113,-683.7236,0.2761,-677.4171,-689.7296,0.7532
47.12,-671.0691,-683.7399,0.2747,-677.4559,-689.7661,0.7564
47.16,-671.1268,-683.7562,0.2733,-677.4945,-689.8026,0.7595
47.2,-671.1846,-683.7724,0.2719,-677.5329,-689.8392,0.7627
47.24,-671.2424,-683.7885,0.2705,-677.571,-689.8757,0.766
47.28,-671.3002,-683.8045,0.2691,-677.609,-689.9123,0.7692
47.32,-671.3581,-683.8205,0.2677,-677.6467,-689.949,0.7725
47.36,-671.4159,-683.8364,0.2663,-677.6842,-689.9857,0.7758
47.4,-671.4738,-683.8521,0.2649,-677.7216,-690.0224,0.7792
47.44,-671.5317,-683.8679,0.2635,-677.7586,-690.0591,0.7825
47.48,-671.5896,-683.8835,0.2621,-677.7955,-690.0958,0.7859
47.52,-671.6476,-683.899,0.2607,-677.8321,-690.1326,0.7893
47.56,-671.7056,-683.9145,0.2593,-677.8685,-690.1694,0.7928
47.6,-671.7636,-683.9299,0.2579,-677.9047,-690.2062,0.7963
47.64,-671.8216,-683.9452,0.2565,-677.9406,-690.243,0.7998
47.68,-671.8796,-683.9604,0.2551,-677.9763,-690.2799,0.8033
47.72,-671.9377,-683.9755,0.2537,-678.0118,-690.3167,0.8069
47.76,-671.9957,-683.9906,0.2523,-678.047,-690.3536,0.8105
47.8,-672.0538,-684.0056,0.2509,-678.082,-690.3905,0.8141
47.84,-672.112,-684.0205,0.2495,-678.1167,-690.4274,0.8178
47.88,-672.1701,-684.0353,0.2481,-678.1512,-690.4643,0.8215
47.92,-672.2283,-684.05,0.2467,-678.1855,-690.5012,0.8252
47.96,-672.2865,-684.0647,0.2453,-678.2194,-690.5381,0.8289
48.0,-672.3447,-684.0792,0.2439,-678.2532,-690.575,0.8327
48.04,-672.4029,-684.0937,0.2425,-678.2867,-690.6119,0.8365
48.08,-672.4611,-684.1081,0.2411,-678.3199,-690.6488,0.8403
48.12,-672.5194,-684.1225,0.2397,-678.3528,-690.6858,0.8442
48.16,-672.5777,-684.1367,0.2383,-678.3855,-690.7226,0.8481
48.2,-672.636,-684.1509,0.2369,-678.418,-690.7595,0.852
48.24,-672.6943,-684.1649,0.2355,-678.4501,-690.7964,0.856
48.28,-672.7527,-684.1789,0.2341,-678.4821,-690.8333,0.8599
48.32,-672.811,-684.1929,0.2327,-678.5137,-690.8701,0.864
48.36,-672.8694,-684.2067,0.2313,-678.545,-690.9069,0.868
48.4,-672.9278,-684.2205,0.2299,-678.5761,-690.9437,0.8721
48.44,-672.9862,-684.2341,0.2285,-678.6069,-690.9805,0.8762
48.48,-673.0447,-684.2477,0.2271,-678.6375,-691.0173,0.8803
48.52,-673.1031,-684.2612,0.2257,-678.6677,-691.054,0.8845
48.56,-673.1616,-684.2747,0.2243,-678.6977,-691.0907,0.8886
48.6,-673.2201,-684.288,0.2229,-678.7274,-691.1273,0.8929
48.64,-673.2786,-684.3013,0.2215,-678.7568,-691.1639,0.8971
48.68,-673.3371,-684.3144,0.2201,-678.7859,-691.2005,0.9014
48.72,-673.3957,-684.3275,0.2187,-678.8147,-691.237,0.9057
48.76,-673.4543,-684.3406,0.2173,-678.8432,-691.2735,0.9101
48.8,-673.5129,-684.3535,0.2159,-678.8714,-691.3099,0.9144
48.84,-673.5715,-684.3664,0.2145,-678.8994,-691.3463,0.9188
48.88,-673.6301,-684.3791,0.2131,-678.927,-691.3826,0.9233
48.92,-673.6887,-684.3918,0.2117,-678.9544,-691.4189,0.9277
48.96,-673.7474,-684.4044,0.2103,-678.9814,-691.455,0.9322
49.0,-673.8061,-684.417,0.2089,-679.0081,-691.4912,0.9367
49.04,-673.8648,-684.4294,0.2075,-679.0346,-691.5272,0.9413
49.08,-673.9235,-684.4418,0.2061,-679.0607,-691.5632,0.9459
49.12,-673.9822,-684.454,0.2047,-679.0865,-691.5991,0.9505
49.16,-674.041,-684.4662,0.2033,-679.112,-691.6349,0.9551
49.2,-674.0997,-684.4784,0.2019,-679.1372,-691.6707,0.9598
49.24,-674.1585,-684.4904,0.2005,-679.1621,-691.7063,0.9645
49.28,-674.2173,-684.5023,0.1991,-679.1867,-691.7419,0.9692
49.32,-674.2761,-684.5142,0.1977,-679.211,-691.7773,0.974
49.36,-674.3349,-684.526,0.1963,-679.2349,-691.8127,0.9788
49.4,-674.3938,-684.5377,0.1949,-679.2586,-691.848,0.9836
49.44,-674.4527,-684.5493,0.1935,-679.2819,-691.8831,0.9885
49.48,-674.5115,-684.5609,0.1921,-679.3049,-691.9181,0.9934
49.52,-674.5704,-684.5723,0.1907,-679.3276,-691.9531,0.9983
49.56,-674.6293,-684.5837,0.1893,-679.35,-691.9879,1.0032
49.6,-674.6883,-684.595,0.188,-679.372,-692.0226,1.0082
49.64,-674.7472,-684.6062,0.1866,-679.3937,-692.0571,1.0132
49.68,-674.8062,-684.6173,0.1852,-679.4151,-692.0915,1.0182
49.72,-674.8651,-684.6284,0.1838,-679.4362,-692.1258,1.0233
49.76,-674.9241,-684.6393,0.1824,-679.4569,-692.16,1.0284
49.8,-674.9831,-684.6502,0.181,-679.4774,-692.194,1.0335
49.84,-675.0422,-684.661,0.1796,-679.4975,-692.2278,1.0387
49.88,-675.1012,-684.6717,0.1782,-679.5173,-692.2615,1.0438
49.92,-675.1602,-684.6824,0.1768,-679.5367,-692.295,1.049
49.96,-675.2193,-684.6929,0.1754,-679.5558,-692.3284,1.0543
50.0,-675.2784,-684.7034,0.174,-679.5746,-692.3616,1.0595
50.04,-675.3375,-684.7138,0.1726,-679.5931,-692.3946,1.0648
50.08,-675.3966,-684.7241,0.1712,-679.6112,-692.4275,1.0702
50.12,-675.4557,-684.7343,0.1698,-679.6291,-692.4602,1.0755
50.16,-675.5149,-684.7444,0.1684,-679.6466,-692.4927,1.0809
50.2,-675.574,-684.7545,0.167,-679.6637,-692.525,1.0863
50.24,-675.6332,-684.7645,0.1656,-679.6806,-692.5571,1.0918
50.28,-675.6924,-684.7744,0.1642,-679.6971,-692.589,1.0972
50.32,-675.7515,-684.7842,0.1628,-679.7133,-692.6207,1.1027
50.36,-675.8108,-684.7939,0.1614,-679.7291,-692.6522,1.1082
50.4,-675.87,-684.8035,0.16,-679.7447,-692.6834,1.1138
50.44,-675.9292,-684.8131,0.1586,-679.7599,-692.7145,1.1194
50.48,-675.9885,-684.8226,0.1572,-679.7748,-692.7453,1.125
50.52,-676.0477,-684.8319,0.1558,-679.7893,-692.7759,1.1306
50.56,-676.107,-684.8413,0.1544,-679.8036,-692.8063,1.1363
50.6,-676.1663,-684.8505,0.153,-679.8175,-692.8364,1.142
50.64,-676.2256,-684.8596,0.1516,-679.8311,-692.8663,1.1477
50.68,-676.2849,-684.8687,0.1502,-679.8444,-692.8959,1.1534
50.72,-676.3442,-684.8777,0.1488,-679.8574,-692.9252,1.1592
50.76,-676.4035,-684.8866,0.1474,-679.87,-692.9544,1.165
50.8,-676.4629,-684.8954,0.146,-679.8824,-692.9832,1.1708
50.84,-676.5223,-684.9041,0.1446,-679.8944,-693.0118,1.1766
50.88,-676.5816,-684.9127,0.1432,-679.9061,-693.0401,1.1825
50.92,-676.641,-684.9213,0.1418,-679.9176,-693.0681,1.1884
50.96,-676.7004,-684.9298,0.1404,-679.9287,-693.0958,1.1943
51.0,-676.7598,-684.9382,0.139,-679.9395,-693.1233,1.2003
51.04,-676.8192,-684.9465,0.1376,-679.95,-693.1504,1.2062
51.08,-676.8787,-684.9547,0.1362,-679.9602,-693.1773,1.2122
51.12,-676.9381,-684.9629,0.1348,-679.9701,-693.2038,1.2183
51.16,-676.9976,-684.9709,0.1334,-679.9797,-693.23,1.2243
51.2,-677.057,-684.9789,0.132,-679.989,-693.256,1.2304
51.24,-677.1165,-684.9868,0.1306,-679.998,-693.2816,1.2364
51.28,-677.176,-684.9946,0.1292,-680.0068,-693.3068,1.2426
51.32,-677.2355,-685.0024,0.1278,-680.0152,-693.3318,1.2487
51.36,-677.295,-685.01,0.1264,-680.0234,-693.3564,1.2549
51.4,-677.3545,-685.0176,0.125,-680.0313,-693.3806,1.261
51.44,-677.4141,-685.0251,0.1236,-680.0389,-693.4046,1.2672
51.48,-677.4736,-685.0325,0.1222,-680.0463,-693.4281,1.2735
51.52,-677.5332,-685.0398,0.1208,-680.0534,-693.4513,1.2797
51.56,-677.5927,-685.047,0.1194,-680.0602,-693.4742,1.286
51.6,-677.6523,-685.0541,0.118,-680.0667,-693.4967,1.2922
51.64,-677.7119,-685.0612,0.1166,-680.073,-693.5188,1.2986
51.68,-677.7715,-685.0682,0.1152,-680.079,-693.5406,1.3049
51.72,-677.8311,-685.0751,0.1138,-680.0848,-693.5619,1.3112
51.76,-677.8907,-685.0819,0.1124,-680.0904,-693.5829,1.3176
51.8,-677.9503,-685.0886,0.111,-680.0957,-693.6035,1.324
51.84,-678.0099,-685.0953,0.1096,-680.1007,-693.6237,1.3304
51.88,-678.0696,-685.1019,0.1082,-680.1056,-693.6436,1.3368
51.92,-678.1292,-685.1083,0.1068,-680.1102,-693.663,1.3432
51.96,-678.1889,-685.1147,0.1054,-680.1145,-693.682,1.3497
52.0,-678.2486,-685.121,0.104,-680.1187,-693.7006,1.3562
52.04,-678.3082,-685.1273,0.1026,-680.1226,-693.7188,1.3627
52.08,-678.3679,-685.1334,0.1012,-680.1264,-693.7366,1.3692
52.12,-678.4276,-685.1395,0.0998,-680.1299,-693.7539,1.3757
52.16,-678.4873,-685.1455,0.0984,-680.1332,-693.7708,1.3822
52.2,-678.547,-685.1514,0.097,-680.1363,-693.7873,1.3888
52.24,-678.6067,-685.1572,0.0956,-680.1393,-693.8034,1.3954
52.28,-678.6665,-685.1629,0.0942,-680.142,-693.819,1.402
52.32,-678.7262,-685.1686,0.0928,-680.1446,-693.8342,1.4086
52.36,-678.7859,-685.1741,0.0915,-680.147,-693.849,1.4152
52.4,-678.8457,-685.1796,0.0901,-680.1492,-693.8633,1.4218
52.44,-678.9054,-685.185,0.0887,-680.1513,-693.8772,1.4284
52.48,-678.9652,-685.1903,0.0873,-680.1532,-693.8906,1.4351
52.52,-679.025,-685.1955,0.0859,-680.1549,-693.9035,1.4418
52.56,-679.0848,-685.2007,0.0845,-680.1565,-693.916,1.4484
52.6,-679.1445,-685.2057,0.0831,-680.158,-693.9281,1.4551
52.64,-679.2043,-685.2107,0.0817,-680.1593,-693.9396,1.4618
52.68,-679.2641,-685.2156,0.0803,-680.1605,-693.9507,1.4685
52.72,-679.3239,-685.2204,0.0789,-680.1616,-693.9614,1.4753
52.76,-679.3838,-685.2252,0.0775,-680.1626,-693.9715,1.482
52.8,-679.4436,-685.2298,0.0761,-680.1634,-693.9812,1.4887
52.84,-679.5034,-685.2344,0.0747,-680.1641,-693.9905,1.4955
52.88,-679.5632,-685.2388,0.0733,-680.1648,-693.9992,1.5022
52.92,-679.6231,-685.2432,0.0719,-680.1654,-694.0075,1.509
52.96,-679.6829,-685.2475,0.0705,-680.1658,-694.0152,1.5158
53.0,-679.7428,-685.2518,0.0691,-680.1662,-694.0225,1.5226
53.04,-679.8026,-685.2559,0.0677,-680.1665,-694.0294,1.5293
53.08,-679.8625,-685.26,0.0663,-680.1668,-694.0357,1.5361
53.12,-679.9224,-685.2639,0.0649,-680.167,-694.0415,1.5429
53.16,-679.9822,-685.2678,0.0635,-680.1671,-694.0469,1.5497
53.2,-680.0421,-685.2716,0.0621,-680.1672,-694.0517,1.5565
53.24,-680.102,-685.2753,0.0607,-680.1673,-694.0561,1.5634
53.28,-680.1619,-685.279,0.0593,-680.1673,-694.06,1.5702
53.32,-680.2218,-685.2825,0.0579,-680.1673,-694.0634,1.577
53.36,-680.2817,-685.286,0.0565,-680.1673,-694.0663,1.5838
53.4,-680.3416,-685.2894,0.0551,-680.1672,-694.0687,1.5907
53.44,-680.4015,-685.2927,0.0537,-680.1672,-694.0706,1.5975
53.48,-680.4614,-685.2959,0.0523,-680.1672,-694.072,1.6043
53.52,-680.5213,-685.2991,0.0509,-680.1671,-694.0729,1.6111
53.56,-680.5813,-685.3021,0.0495,-680.1671,-694.0733,1.618
53.6,-680.6412,-685.3051,0.0481,-680.1671,-694.0733,1.6248
53.64,-680.7011,-685.308,0.0467,-680.1671,-694.0727,1.6316
53.68,-680.761,-685.3108,0.0453,-680.1672,-694.0717,1.6385
53.72,-680.821,-685.3135,0.0439,-680.1673,-694.0701,1.6453
53.76,-680.8809,-685.3161,0.0425,-680.1675,-694.0681,1.6521
53.8,-680.9409,-685.3187,0.0411,-680.1677,-694.0656,1.659
53.84,-681.0008,-685.3211,0.0397,-680.168,-694.0625,1.6658
53.88,-681.0608,-685.3235,0.0383,-680.1683,-694.059,1.6726
53.92,-681.1207,-685.3258,0.0369,-680.1687,-694.0551,1.6794
53.96,-681.1807,-685.328,0.0355,-680.1692,-694.0506,1.6862
54.0,-681.2406,-685.3302,0.0341,-680.1698,-694.0456,1.6931
54.04,-681.3006,-685.3322,0.0327,-680.1705,-694.0402,1.6999
54.08,-681.3606,-685.3342,0.0313,-680.1712,-694.0342,1.7067
54.12,-681.4206,-685.336,0.0299,-680.1721,-694.0278,1.7135
54.16,-681.4805,-685.3378,0.0285,-680.1731,-694.021,1.7202
54.2,-681.5405,-685.3395,0.0271,-680.1742,-694.0136,1.727
54.24,-681.6005,-685.3412,0.0257,-680.1755,-694.0058,1.7338
54.28,-681.6605,-685.3427,0.0243,-680.1769,-693.9975,1.7406
54.32,-681.7204,-685.3442,0.0229,-680.1784,-693.9887,1.7473
54.36,-681.7804,-685.3456,0.0215,-680.18,-693.9795,1.7541
54.4,-681.8404,-685.3468,0.0201,-680.1818,-693.9698,1.7608
54.44,-681.9004,-685.3481,0.0187,-680.1838,-693.9596,1.7676
54.48,-681.9604,-685.3492,0.0173,-680.1859,-693.949,1.7743
54.52,-682.0204,-685.3502,0.0159,-680.1882,-693.938,1.781
54.56,-682.0804,-685.3512,0.0145,-680.1907,-693.9264,1.7877
54.6,-682.1404,-685.352,0.0131,-680.1934,-693.9145,1.7944
54.64,-682.2004,-685.3528,0.0117,-680.1962,-693.9021,1.8011
54.68,-682.2604,-685.3535,0.0103,-680.1992,-693.8892,1.8077
54.72,-682.3204,-685.3542,0.0089,-680.2025,-693.8759,1.8144
54.76,-682.3804,-685.3547,0.0075,-680.2059,-693.8622,1.821
54.8,-682.4404,-685.3551,0.0061,-680.2095,-693.8481,1.8277
54.84,-682.5003,-685.3555,0.0047,-680.2134,-693.8335,1.8343
54.88,-682.5603,-685.3558,0.0033,-680.2175,-693.8185,1.8409
54.92,-682.6203,-685.356,0.0019,-680.2218,-693.8031,1.8475
54.96,-682.6803,-685.3561,0.0005,-680.2263,-693.7872,1.854
55.0,-682.7403,-685.3561,-0.0009,-680.231,-693.771,1.8606
55.04,-682.8003,-685.3561,-0.0023,-680.236,-693.7543,1.8671
55.08,-682.8603,-685.356,-0.0036,-680.2413,-693.7373,1.8737
55.12,-682.9203,-685.3557,-0.005,-680.2467,-693.7198,1.8802
55.16,-682.9803,-685.3554,-0.0064,-680.2525,-693.702,1.8867
55.2,-683.0403,-685.3551,-0.0078,-680.2585,-693.6837,1.8932
55.24,-683.1003,-685.3546,-0.0092,-680.2647,-693.6651,1.8996
55.28,-683.1603,-685.354,-0.0106,-680.2712,-693.6461,1.9061
55.32,-683.2203,-685.3534,-0.012,-680.278,-693.6268,1.9125
55.36,-683.2803,-685.3527,-0.0134,-680.285,-693.607,1.9189
55.4,-683.3403,-685.3519,-0.0148,-680.2924,-693.5869,1.9253
55.44,-683.4003,-685.351,-0.0162,-680.3,-693.5664,1.9317
55.48,-683.4603,-685.35,-0.0176,-680.3079,-693.5456,1.938
55.52,-683.5203,-685.3489,-0.019,-680.3161,-693.5244,1.9443
55.56,-683.5803,-685.3478,-0.0204,-680.3245,-693.5029,1.9506
55.6,-683.6403,-685.3466,-0.0218,-680.3333,-693.4811,1.9569
55.64,-683.7003,-685.3453,-0.0232,-680.3424,-693.4589,1.9632
55.68,-683.7603,-685.3439,-0.0246,-680.3517,-693.4363,1.9694
55.72,-683.8202,-685.3424,-0.026,-680.3614,-693.4135,1.9757
55.76,-683.8802,-685.3408,-0.0274,-680.3713,-693.3903,1.9819
55.8,-683.9402,-685.3392,-0.0288,-680.3816,-693.3668,1.9881
55.84,-684.0002,-685.3375,-0.0302,-680.3922,-693.343,1.9942
55.88,-684.0601,-685.3356,-0.0316,-680.4031,-693.3189,2.0004
55.92,-684.1201,-685.3337,-0.033,-680.4143,-693.2945,2.0065
55.96,-684.1801,-685.3318,-0.0344,-680.4259,-693.2698,2.0126
56.0,-684.24,-685.3297,-0.0358,-680.4378,-693.2448,2.0186
56.04,-684.3,-685.3275,-0.0372,-680.4499,-693.2195,2.0247
56.08,-684.36,-685.3253,-0.0386,-680.4625,-693.194,2.0307
56.12,-684.4199,-685.323,-0.04,-680.4753,-693.1681,2.0367
56.16,-684.4799,-685.3206,-0.0414,-680.4885,-693.142,2.0427
56.2,-684.5398,-685.3181,-0.0428,-680.502,-693.1157,2.0486
56.24,-684.5998,-685.3155,-0.0442,-680.5158,-693.089,2.0545
56.28,-684.6597,-685.3129,-0.0456,-680.53,-693.0622,2.0604
56.32,-684.7196,-685.3102,-0.047,-680.5445,-693.035,2.0663
56.36,-684.7796,-685.3073,-0.0484,-680.5593,-693.0077,2.0722
56.4,-684.8395,-685.3044,-0.0498,-680.5745,-692.9801,2.078
56.44,-684.8994,-685.3015,-0.0512,-680.59,-692.9523,2.0838
56.48,-684.9593,-685.2984,-0.0526,-680.6058,-692.9242,2.0895
56.52,-685.0193,-685.2952,-0.054,-680.622,-692.8959,2.0953
56.56,-685.0792,-685.292,-0.0554,-680.6386,-692.8674,2.101
56.6,-685.1391,-685.2887,-0.0568,-680.6555,-692.8387,2.1067
56.64,-685.199,-685.2853,-0.0582,-680.6727,-692.8098,2.1123
56.68,-685.2589,-685.2818,-0.0596,-680.6903,-692.7807,2.118
56.72,-685.3188,-685.2782,-0.061,-680.7082,-692.7514,2.1236
56.76,-685.3787,-685.2745,-0.0624,-680.7264,-692.7219,2.1292
56.8,-685.4386,-685.2708,-0.0638,-680.745,-692.6922,2.1347
56.84,-685.4984,-685.267,-0.0652,-680.764,-692.6623,2.1402
56.88,-685.5583,-685.2631,-0.0666,-680.7833,-692.6323,2.1457
56.92,-685.6182,-685.2591,-0.068,-680.8029,-692.6021,2.1512
56.96,-685.678,-685.255,-0.0694,-680.8229,-692.5717,2.1567
57.0,-685.7379,-685.2508,-0.0708,-680.8432,-692.5411,2.1621
57.04,-685.7977,-685.2466,-0.0722,-680.8639,-692.5104,2.1674
57.08,-685.8576,-685.2423,-0.0736,-680.8849,-692.4796,2.1728
57.12,-685.9174,-685.2379,-0.075,-680.9063,-692.4486,2.1781
57.16,-685.9773,-685.2334,-0.0764,-680.928,-692.4174,2.1834
57.2,-686.0371,-685.2288,-0.0778,-680.95,-692.3862,2.1887
57.24,-686.0969,-685.2241,-0.0792,-680.9724,-692.3548,2.1939
57.28,-686.1567,-685.2194,-0.0806,-680.9952,-692.3232,2.1991
57.32,-686.2165,-685.2146,-0.082,-681.0182,-692.2915,2.2043
57.36,-686.2763,-685.2096,-0.0834,-681.0417,-692.2598,2.2095
57.4,-686.3361,-685.2046,-0.0848,-681.0654,-692.2279,2.2146
57.44,-686.3959,-685.1996,-0.0862,-681.0895,-692.1959,2.2197
57.48,-686.4557,-685.1944,-0.0876,-681.1139,-692.1637,2.2248
57.52,-686.5154,-685.1892,-0.089,-681.1387,-692.1315,2.2298
57.56,-686.5752,-685.1838,-0.0904,-681.1638,-692.0992,2.2348
57.6,-686.635,-685.1784,-0.0918,-681.1892,-692.0668,2.2398
57.64,-686.6947,-685.1729,-0.0932,-681.215,-692.0343,2.2447
57.68,-686.7544,-685.1673,-0.0946,-681.2411,-692.0017,2.2496
57.72,-686.8142,-685.1617,-0.096,-681.2675,-691.9691,2.2545
57.76,-686.8739,-685.1559,-0.0974,-681.2943,-691.9363,2.2593
57.8,-686.9336,-685.1501,-0.0987,-681.3214,-691.9035,2.2642
57.84,-686.9933,-685.1442,-0.1001,-681.3488,-691.8706,2.269
57.88,-687.053,-685.1382,-0.1015,-681.3765,-691.8377,2.2737
57.92,-687.1127,-685.1321,-0.1029,-681.4046,-691.8046,2.2785
57.96,-687.1724,-685.1259,-0.1043,-681.4329,-691.7716,2.2832
58.0,-687.2321,-685.1197,-0.1057,-681.4616,-691.7384,2.2878
58.04,-687.2917,-685.1133,-0.1071,-681.4906,-691.7052,2.2925
58.08,-687.3514,-685.1069,-0.1085,-681.52,-691.672,2.2971
58.12,-687.411,-685.1004,-0.1099,-681.5496,-691.6387,2.3017
58.16,-687.4707,-685.0938,-0.1113,-681.5796,-691.6054,2.3062
58.2,-687.5303,-685.0872,-0.1127,-681.6098,-691.5721,2.3107
58.24,-687.5899,-685.0804,-0.1141,-681.6404,-691.5387,2.3152
58.28,-687.6495,-685.0736,-0.1155,-681.6713,-691.5053,2.3197
58.32,-687.7091,-685.0667,-0.1169,-681.7024,-691.4718,2.3241
58.36,-687.7687,-685.0597,-0.1183,-681.7339,-691.4383,2.3285
58.4,-687.8283,-685.0526,-0.1197,-681.7657,-691.4048,2.3329
58.44,-687.8879,-685.0454,-0.1211,-681.7978,-691.3713,2.3372
58.48,-687.9474,-685.0382,-0.1225,-681.8302,-691.3378,2.3415
58.52,-688.007,-685.0308,-0.1239,-681.8628,-691.3042,2.3458
58.56,-688.0665,-685.0234,-0.1253,-681.8958,-691.2707,2.35
58.6,-688.126,-685.0159,-0.1267,-681.929,-691.2371,2.3542
58.64,-688.1856,-685.0083,-0.1281,-681.9626,-691.2035,2.3584
58.68,-688.2451,-685.0007,-0.1295,-681.9964,-691.17,2.3626
58.72,-688.3046,-684.9929,-0.1309,-682.0305,-691.1364,2.3667
58.76,-688.3641,-684.9851,-0.1323,-682.0649,-691.1028,2.3708
58.8,-688.4235,-684.9772,-0.1337,-682.0995,-691.0692,2.3749
58.84,-688.483,-684.9692,-0.1351,-682.1345,-691.0357,2.3789
58.88,-688.5425,-684.9611,-0.1365,-682.1697,-691.0021,2.3829
58.92,-688.6019,-684.9529,-0.1379,-682.2052,-690.9686,2.3869
58.96,-688.6613,-684.9447,-0.1393,-682.2409,-690.935,2.3908
59.0,-688.7207,-684.9364,-0.1407,-682.2769,-690.9015,2.3947
59.04,-688.7802,-684.9279,-0.1421,-682.3132,-690.868,2.3986
59.08,-688.8395,-684.9194,-0.1435,-682.3498,-690.8346,2.4025
59.12,-688.8989,-684.9109,-0.1449,-682.3866,-690.8011,2.4063
59.16,-688.9583,-684.9022,-0.1463,-682.4236,-690.7677,2.4101
59.2,-689.0177,-684.8935,-0.1477,-682.4609,-690.7343,2.4139
59.24,-689.077,-684.8846,-0.1491,-682.4985,-690.7009,2.4176
59.28,-689.1363,-684.8757,-0.1505,-682.5363,-690.6676,2.4213
59.32,-689.1957,-684.8667,-0.1519,-682.5744,-690.6343,2.425
59.36,-689.255,-684.8576,-0.1533,-682.6127,-690.601,2.4286
59.4,-689.3143,-684.8485,-0.1547,-682.6513,-690.5678,2.4323
59.44,-689.3736,-684.8392,-0.1561,-682.69,-690.5346,2.4359
59.48,-689.4328,-684.8299,-0.1575,-682.7291,-690.5014,2.4394
59.52,-689.4921,-684.8205,-0.1589,-682.7683,-690.4683,2.4429
59.56,-689.5513,-684.811,-0.1603,-682.8078,-690.4352,2.4465
59.6,-689.6106,-684.8014,-0.1617,-682.8476,-690.4021,2.4499
59.64,-689.6698,-684.7918,-0.1631,-682.8875,-690.3691,2.4534
59.68,-689.729,-684.782,-0.1645,-682.9277,-690.3362,2.4568
59.72,-689.7882,-684.7722,-0.1659,-682.9681,-690.3033,2.4602
59.76,-689.8473,-684.7623,-0.1673,-683.0088,-690.2704,2.4635
59.8,-689.9065,-684.7523,-0.1687,-683.0496,-690.2376,2.4669
59.84,-689.9657,-684.7422,-0.1701,-683.0907,-690.2049,2.4702
59.88,-690.0248,-684.7321,-0.1715,-683.1319,-690.1722,2.4734
59.92,-690.0839,-684.7218,-0.1729,-683.1734,-690.1395,2.4767
59.96,-690.143,-684.7115,-0.1743,-683.2151,-690.1069,2.4799
60.0,-690.2021,-684.7011,-0.1757,-683.257,-690.0744,2.4831
60.04,-690.2612,-684.6906,-0.1771,-683.2991,-690.0419,2.4863
60.08,-690.3202,-684.6801,-0.1785,-683.3415,-690.0095,2.4894
60.12,-690.3793,-684.6694,-0.1799,-683.384,-689.9771,2.4925
60.16,-690.4383,-684.6587,-0.1813,-683.4267,-689.9448,2.4956
60.2,-690.4973,-684.6479,-0.1827,-683.4696,-689.9125,2.4987
60.24,-690.5563,-684.637,-0.1841,-683.5127,-689.8803,2.5017
60.28,-690.6153,-684.626,-0.1855,-683.556,-689.8482,2.5047
60.32,-690.6743,-684.6149,-0.1869,-683.5995,-689.8161,2.5076
60.36,-690.7333,-684.6038,-0.1883,-683.6431,-689.7841,2.5106
60.4,-690.7922,-684.5925,-0.1897,-683.687,-689.7522,2.5135
60.44,-690.8511,-684.5812,-0.1911,-683.731,-689.7203,2.5164
60.48,-690.91,-684.5698,-0.1925,-683.7752,-689.6885,2.5193
60.52,-690.9689,-684.5584,-0.1939,-683.8196,-689.6567,2.5221
60.56,-691.0278,-684.5468,-0.1952,-683.8642,-689.625,2.5249
60.6,-691.0867,-684.5352,-0.1966,-683.9089,-689.5934,2.5277
60.64,-691.1455,-684.5234,-0.198,-683.9538,-689.5619,2.5305
60.68,-691.2043,-684.5116,-0.1994,-683.9989,-689.5304,2.5332
60.72,-691.2631,-684.4997,-0.2008,-684.0441,-689.499,2.5359
60.76,-691.3219,-684.4878,-0.2022,-684.0896,-689.4676,2.5386
60.8,-691.3807,-684.4757,-0.2036,-684.1351,-689.4363,2.5413
60.84,-691.4395,-684.4636,-0.205,-684.1809,-689.4051,2.5439
60.88,-691.4982,-684.4514,-0.2064,-684.2268,-689.374,2.5465
60.92,-691.5569,-684.4391,-0.2078,-684.2728,-689.3429,2.5491
60.96,-691.6156,-684.4267,-0.2092,-684.319,-689.3119,2.5516
61.0,-691.6743,-684.4142,-0.2106,-684.3654,-689.2809,2.5542
61.04,-691.733,-684.4017,-0.212,-684.4119,-689.25,2.5567
61.08,-691.7917,-684.3891,-0.2134,-684.4585,-689.2192,2.5591
61.12,-691.8503,-684.3763,-0.2148,-684.5053,-689.1885,2.5616
61.16,-691.9089,-684.3636,-0.2162,-684.5523,-689.1579,2.564
61.2,-691.9675,-684.3507,-0.2176,-684.5993,-689.1273,2.5664
61.24,-692.0261,-684.3377,-0.219,-684.6466,-689.0967,2.5688
61.28,-692.0847,-684.3247,-0.2204,-684.6939,-689.0663,2.5712
61.32,-692.1432,-684.3116,-0.2218,-684.7414,-689.0359,2.5735
61.36,-692.2018,-684.2984,-0.2232,-684.7891,-689.0056,2.5758
61.4,-692.2603,-684.2851,-0.2246,-684.8368,-688.9754,2.5781
61.44,-692.3188,-684.2717,-0.226,-684.8847,-688.9452,2.5804
61.48,-692.3772,-684.2583,-0.2274,-684.9328,-688.9151,2.5826
61.52,-692.4357,-684.2448,-0.2288,-684.9809,-688.8851,2.5848
61.56,-692.4941,-684.2311,-0.2302,-685.0292,-688.8551,2.587
61.6,-692.5525,-684.2175,-0.2316,-685.0776,-688.8252,2.5892
61.64,-692.6109,-684.2037,-0.233,-685.1261,-688.7954,2.5913
61.68,-692.6693,-684.1898,-0.2344,-685.1748,-688.7656,2.5934
61.72,-692.7277,-684.1759,-0.2358,-685.2236,-688.7359,2.5955
61.76,-692.786,-684.1619,-0.2372,-685.2724,-688.7063,2.5976
61.8,-692.8443,-684.1478,-0.2386,-685.3214,-688.6768,2.5997
61.84,-692.9026,-684.1336,-0.24,-685.3706,-688.6473,2.6017
61.88,-692.9609,-684.1193,-0.2414,-685.4198,-688.6179,2.6037
61.92,-693.0192,-684.105,-0.2428,-685.4691,-688.5886,2.6057
61.96,-693.0774,-684.0906,-0.2442,-685.5186,-688.5593,2.6077
62.0,-693.1356,-684.0761,-0.2456,-685.5681,-688.5301,2.6096
62.04,-693.1938,-684.0615,-0.247,-685.6178,-688.501,2.6115
62.08,-693.252,-684.0468,-0.2484,-685.6675,-688.4719,2.6134
62.12,-693.3102,-684.032,-0.2498,-685.7174,-688.4429,2.6153
62.16,-693.3683,-684.0172,-0.2512,-685.7674,-688.414,2.6172
62.2,-693.4264,-684.0023,-0.2526,-685.8174,-688.3851,2.619
62.24,-693.4845,-683.9873,-0.254,-685.8676,-688.3563,2.6208
62.28,-693.5426,-683.9722,-0.2554,-685.9178,-688.3276,2.6226
62.32,-693.6007,-683.9571,-0.2568,-685.9682,-688.2989,2.6244
62.36,-693.6587,-683.9418,-0.2582,-686.0186,-688.2703,2.6261
62.4,-693.7167,-683.9265,-0.2596,-686.0692,-688.2418,2.6279
62.44,-693.7747,-683.9111,-0.261,-686.1198,-688.2133,2.6296
62.48,-693.8327,-683.8956,-0.2624,-686.1705,-688.1849,2.6313
62.52,-693.8906,-683.8801,-0.2638,-686.2213,-688.1565,2.6329
62.56,-693.9485,-683.8644,-0.2652,-686.2722,-688.1282,2.6346
62.6,-694.0064,-683.8487,-0.2666,-686.3232,-688.1,2.6362
62.64,-694.0643,-683.8329,-0.268,-686.3743,-688.0719,2.6378
62.68,-694.1222,-683.817,-0.2694,-686.4254,-688.0438,2.6394
62.72,-694.18,-683.801,-0.2708,-686.4766,-688.0157,2.641
62.76,-694.2378,-683.785,-0.2722,-686.5279,-687.9878,2.6425
62.8,-694.2956,-683.7689,-0.2736,-686.5793,-687.9598,2.644
62.84,-694.3534,-683.7527,-0.275,-686.6308,-687.932,2.6455
62.88,-694.4111,-683.7364,-0.2764,-686.6823,-687.9042,2.647
62.92,-694.4689,-683.72,-0.2778,-686.7339,-687.8765,2.6485
62.96,-694.5266,-683.7035,-0.2792,-686.7856,-687.8488,2.65
63.0,-694.5842,-683.687,-0.2806,-686.8373,-687.8212,2.6514
63.04,-694.6419,-683.6704,-0.282,-686.8891,-687.7936,2.6528
63.08,-694.6995,-683.6537,-0.2834,-686.941,-687.7661,2.6542
63.12,-694.7571,-683.6369,-0.2848,-686.993,-687.7387,2.6556
63.16,-694.8147,-683.6201,-0.2862,-687.045,-687.7113,2.6569
63.2,-694.8723,-683.6031,-0.2876,-687.0971,-687.6839,2.6583
63.24,-694.9298,-683.5861,-0.289,-687.1493,-687.6566,2.6596
63.28,-694.9873,-683.569,-0.2903,-687.2015,-687.6294,2.6609
63.32,-695.0448,-683.5518,-0.2917,-687.2538,-687.6022,2.6622
63.36,-695.1023,-683.5346,-0.2931,-687.3061,-687.5751,2.6634
63.4,-695.1597,-683.5172,-0.2945,-687.3585,-687.5481,2.6647
63.44,-695.2171,-683.4998,-0.2959,-687.411,-687.521,2.6659
63.48,-695.2745,-683.4823,-0.2973,-687.4635,-687.4941,2.6671
63.52,-695.3319,-683.4647,-0.2987,-687.5161,-687.4672,2.6683
63.56,-695.3892,-683.4471,-0.3001,-687.5687,-687.4403,2.6695
63.6,-695.4465,-683.4294,-0.3015,-687.6214,-687.4135,2.6707
63.64,-695.5038,-683.4115,-0.3029,-687.6742,-687.3867,2.6718
63.68,-695.5611,-683.3936,-0.3043,-687.727,-687.36,2.6729
63.72,-695.6183,-683.3757,-0.3057,-687.7798,-687.3333,2.674
63.76,-695.6756,-683.3576,-0.3071,-687.8327,-687.3067,2.6751
63.8,-695.7328,-683.3395,-0.3085,-687.8857,-687.2802,2.6762
63.84,-695.7899,-683.3212,-0.3099,-687.9387,-687.2536,2.6773
63.88,-695.8471,-683.3029,-0.3113,-687.9917,-687.2272,2.6783
63.92,-695.9042,-683.2846,-0.3127,-688.0448,-687.2007,2.6793
63.96,-695.9613,-683.2661,-0.3141,-688.098,-687.1743,2.6803
64.0,-696.0183,-683.2476,-0.3155,-688.1512,-687.148,2.6813
64.04,-696.0754,-683.2289,-0.3169,-688.2044,-687.1217,2.6823
64.08,-696.1324,-683.2102,-0.3183,-688.2577,-687.0954,2.6833
64.12,-696.1894,-683.1915,-0.3197,-688.311,-687.0692,2.6842
64.16,-696.2463,-683.1726,-0.3211,-688.3644,-687.043,2.6851
64.2,-696.3033,-683.1537,-0.3225,-688.4178,-687.0169,2.686
64.24,-696.3602,-683.1346,-0.3239,-688.4712,-686.9908,2.6869
64.28,-696.4171,-683.1156,-0.3253,-688.5247,-686.9648,2.6878
64.32,-696.4739,-683.0964,-0.3267,-688.5782,-686.9388,2.6887
64.36,-696.5307,-683.0771,-0.3281,-688.6318,-686.9128,2.6895
64.4,-696.5875,-683.0578,-0.3295,-688.6854,-686.8869,2.6904
64.44,-696.6443,-683.0384,-0.3309,-688.739,-686.861,2.6912
64.48,-696.701,-683.0189,-0.3323,-688.7927,-686.8351,2.692
64.52,-696.7578,-682.9993,-0.3337,-688.8464,-686.8093,2.6928
64.56,-696.8145,-682.9796,-0.3351,-688.9001,-686.7835,2.6936
64.6,-696.8711,-682.9599,-0.3365,-688.9539,-686.7577,2.6943
64.64,-696.9278,-682.9401,-0.3379,-689.0077,-686.732,2.6951
64.68,-696.9844,-682.9202,-0.3393,-689.0615,-686.7063,2.6958
64.72,-697.0409,-682.9002,-0.3407,-689.1154,-686.6807,2.6965
64.76,-697.0975,-682.8802,-0.3421,-689.1693,-686.6551,2.6972
64.8,-697.154,-682.8601,-0.3435,-689.2232,-686.6295,2.6979
64.84,-697.2105,-682.8399,-0.3449,-689.2772,-686.6039,2.6986
64.88,-697.267,-682.8196,-0.3463,-689.3312,-686.5784,2.6992
64.92,-697.3234,-682.7992,-0.3477,-689.3852,-686.5529,2.6999
64.96,-697.3798,-682.7788,-0.3491,-689.4392,-686.5275,2.7005
65.0,-697.4362,-682.7582,-0.3505,-689.4933,-686.502,2.7011
65.04,-697.4926,-682.7376,-0.3519,-689.5474,-686.4766,2.7017
65.08,-697.5489,-682.717,-0.3533,-689.6015,-686.4513,2.7023
65.12,-697.6052,-682.6962,-0.3547,-689.6556,-686.4259,2.7029
65.16,-697.6614,-682.6754,-0.3561,-689.7098,-686.4006,2.7035
65.2,-697.7177,-682.6545,-0.3575,-689.764,-686.3753,2.704
65.24,-697.7739,-682.6335,-0.3589,-689.8182,-686.35,2.7046
65.28,-697.8301,-682.6124,-0.3603,-689.8724,-686.3248,2.7051
65.32,-697.8862,-682.5912,-0.3617,-689.9267,-686.2996,2.7056
65.36,-697.9423,-682.57,-0.3631,-689.9809,-686.2744,2.7061
65.4,-697.9984,-682.5487,-0.3645,-690.0352,-686.2492,2.7066
65.44,-698.0545,-682.5273,-0.3659,-690.0896,-686.2241,2.7071
65.48,-698.1105,-682.5058,-0.3673,-690.1439,-686.1989,2.7075
65.52,-698.1665,-682.4843,-0.3687,-690.1982,-686.1738,2.708
65.56,-698.2225,-682.4627,-0.3701,-690.2526,-686.1487,2.7084
65.6,-698.2784,-682.441,-0.3715,-690.307,-686.1237,2.7088
65.64,-698.3343,-682.4192,-0.3729,-690.3614,-686.0986,2.7092
65.68,-698.3902,-682.3973,-0.3743,-690.4158,-686.0736,2.7096
65.72,-698.446,-682.3754,-0.3757,-690.4702,-686.0486,2.71
65.76,-698.5019,-682.3534,-0.3771,-690.5247,-686.0236,2.7104
65.8,-698.5576,-682.3313,-0.3785,-690.5791,-685.9987,2.7107
65.84,-698.6134,-682.3091,-0.3799,-690.6336,-685.9737,2.7111
65.88,-698.6691,-682.2869,-0.3813,-690.6881,-685.9488,2.7114
65.92,-698.7248,-682.2646,-0.3827,-690.7426,-685.9239,2.7117
65.96,-698.7805,-682.2422,-0.3841,-690.7971,-685.899,2.7121
66.0,-698.8361,-682.2197,-0.3854,-690.8517,-685.8741,2.7124
66.04,-698.8917,-682.1971,-0.3868,-690.9062,-685.8492,2.7126
66.08,-698.9473,-682.1745,-0.3882,-690.9608,-685.8244,2.7129
66.12,-699.0028,-682.1518,-0.3896,-691.0153,-685.7995,2.7132
66.16,-699.0583,-682.129,-0.391,-691.0699,-685.7747,2.7134
66.2,-699.1138,-682.1061,-0.3924,-691.1245,-685.7499,2.7137
66.24,-699.1692,-682.0832,-0.3938,-691.1791,-685.7251,2.7139
66.28,-699.2246,-682.0601,-0.3952,-691.2337,-685.7003,2.7141
66.32,-699.28,-682.037,-0.3966,-691.2883,-685.6755,2.7144
66.36,-699.3353,-682.0139,-0.398,-691.3429,-685.6507,2.7146
66.4,-699.3906,-681.9906,-0.3994,-691.3975,-685.626,2.7147
66.44,-699.4459,-681.9673,-0.4008,-691.4521,-685.6012,2.7149
66.48,-699.5012,-681.9438,-0.4022,-691.5068,-685.5765,2.7151
66.52,-699.5564,-681.9204,-0.4036,-691.5614,-685.5517,2.7152
66.56,-699.6116,-681.8968,-0.405,-691.6161,-685.527,2.7154
66.6,-699.6667,-681.8732,-0.4064,-691.6707,-685.5023,2.7155
66.64,-699.7218,-681.8494,-0.4078,-691.7254,-685.4775,2.7157
66.68,-699.7769,-681.8256,-0.4092,-691.7801,-685.4528,2.7158
66.72,-699.8319,-681.8018,-0.4106,-691.8347,-685.4281,2.7159
66.76,-699.8869,-681.7778,-0.412,-691.8894,-685.4034,2.716
66.8,-699.9419,-681.7538,-0.4134,-691.9441,-685.3787,2.716
66.84,-699.9969,-681.7297,-0.4148,-691.9988,-685.354,2.7161
66.88,-700.0518,-681.7055,-0.4162,-692.0534,-685.3294,2.7162
66.92,-700.1067,-681.6812,-0.4176,-692.1081,-685.3047,2.7162
66.96,-700.1615,-681.6569,-0.419,-692.1628,-685.28,2.7163
67.0,-700.2163,-681.6325,-0.4204,-692.2175,-685.2553,2.7163
67.04,-700.2711,-681.608,-0.4218,-692.2722,-685.2306,2.7163
67.08,-700.3258,-681.5834,-0.4232,-692.3269,-685.206,2.7164
67.12,-700.3805,-681.5588,-0.4246,-692.3816,-685.1813,2.7164
67.16,-700.4352,-681.5341,-0.426,-692.4363,-685.1566,2.7164
67.2,-700.4898,-681.5093,-0.4274,-692.4909,-685.1319,2.7163
67.24,-700.5444,-681.4844,-0.4288,-692.5456,-685.1073,2.7163
67.28,-700.599,-681.4595,-0.4302,-692.6003,-685.0826,2.7163
67.32,-700.6535,-681.4344,-0.4316,-692.655,-685.0579,2.7162
67.36,-700.708,-681.4093,-0.433,-692.7097,-685.0332,2.7162
67.4,-700.7625,-681.3842,-0.4344,-692.7644,-685.0085,2.7161
67.44,-700.8169,-681.3589,-0.4358,-692.8191,-684.9838,2.7161
67.48,-700.8713,-681.3336,-0.4372,-692.8738,-684.9591,2.716
67.52,-700.9257,-681.3082,-0.4386,-692.9284,-684.9345,2.7159
67.56,-700.98,-681.2827,-0.44,-692.9831,-684.9098,2.7158
67.6,-701.0343,-681.2571,-0.4414,-693.0378,-684.8851,2.7157
67.64,-701.0885,-681.2315,-0.4428,-693.0924,-684.8603,2.7156
67.68,-701.1428,-681.2058,-0.4442,-693.1471,-684.8356,2.7154
67.72,-701.1969,-681.18,-0.4456,-693.2018,-684.8109,2.7153
67.76,-701.2511,-681.1542,-0.447,-693.2564,-684.7862,2.7152
67.8,-701.3052,-681.1282,-0.4484,-693.3111,-684.7614,2.715
67.84,-701.3592,-681.1022,-0.4498,-693.3657,-684.7367,2.7149
67.88,-701.4133,-681.0761,-0.4512,-693.4204,-684.7119,2.7147
67.92,-701.4673,-681.05,-0.4526,-693.475,-684.6872,2.7145
67.96,-701.5212,-681.0237,-0.454,-693.5296,-684.6624,2.7143
68.0,-701.5752,-680.9974,-0.4554,-693.5842,-684.6376,2.7141
68.04,-701.629,-680.971,-0.4568,-693.6389,-684.6129,2.7139
68.08,-701.6829,-680.9446,-0.4582,-693.6935,-684.5881,2.7137
68.12,-701.7367,-680.918,-0.4596,-693.7481,-684.5632,2.7135
68.16,-701.7905,-680.8914,-0.461,-693.8027,-684.5384,2.7133
68.2,-701.8442,-680.8647,-0.4624,-693.8572,-684.5136,2.7131
68.24,-701.8979,-680.838,-0.4638,-693.9118,-684.4888,2.7128
68.28,-701.9516,-680.8111,-0.4652,-693.9664,-684.4639,2.7126
68.32,-702.0052,-680.7842,-0.4666,-694.021,-684.439,2.7123
68.36,-702.0588,-680.7572,-0.468,-694.0755,-684.4142,2.712
68.4,-702.1123,-680.7302,-0.4694,-694.1301,-684.3893,2.7118
68.44,-702.1659,-680.703,-0.4708,-694.1846,-684.3644,2.7115
68.48,-702.2193,-680.6758,-0.4722,-694.2391,-684.3394,2.7112
68.52,-702.2728,-680.6485,-0.4736,-694.2936,-684.3145,2.7109
68.56,-702.3262,-680.6212,-0.475,-694.3481,-684.2895,2.7106
68.6,-702.3795,-680.5937,-0.4764,-694.4026,-684.2646,2.7103
68.64,-702.4328,-680.5662,-0.4778,-694.4571,-684.2396,2.71
68.68,-702.4861,-680.5386,-0.4792,-694.5116,-684.2146,2.7097
68.72,-702.5394,-680.511,-0.4806,-694.5661,-684.1896,2.7093
68.76,-702.5926,-680.4832,-0.4819,-694.6205,-684.1646,2.709
68.8,-702.6457,-680.4554,-0.4833,-694.675,-684.1395,2.7086
68.84,-702.6989,-680.4275,-0.4847,-694.7294,-684.1144,2.7083
68.88,-702.7519,-680.3996,-0.4861,-694.7838,-684.0894,2.7079
68.92,-702.805,-680.3715,-0.4875,-694.8382,-684.0643,2.7076
68.96,-702.858,-680.3434,-0.4889,-694.8926,-684.0391,2.7072
69.0,-702.911,-680.3152,-0.4903,-694.947,-684.014,2.7068
69.04,-702.9639,-680.287,-0.4917,-695.0014,-683.9888,2.7064
69.08,-703.0168,-680.2587,-0.4931,-695.0557,-683.9637,2.706
69.12,-703.0696,-680.2303,-0.4945,-695.1101,-683.9385,2.7056
69.16,-703.1225,-680.2018,-0.4959,-695.1644,-683.9132,2.7052
69.2,-703.1752,-680.1732,-0.4973,-695.2187,-683.888,2.7048
69.24,-703.228,-680.1446,-0.4987,-695.273,-683.8627,2.7044
69.28,-703.2807,-680.1159,-0.5001,-695.3273,-683.8375,2.7039
69.32,-703.3333,-680.0871,-0.5015,-695.3816,-683.8122,2.7035
69.36,-703.3859,-680.0583,-0.5029,-695.4358,-683.7868,2.7031
69.4,-703.4385,-680.0294,-0.5043,-695.4901,-683.7615,2.7026
69.44,-703.491,-680.0004,-0.5057,-695.5443,-683.7361,2.7022
69.48,-703.5435,-679.9713,-0.5071,-695.5985,-683.7107,2.7017
69.52,-703.596,-679.9422,-0.5085,-695.6527,-683.6853,2.7012
69.56,-703.6484,-679.913,-0.5099,-695.7069,-683.6599,2.7007
69.6,-703.7007,-679.8837,-0.5113,-695.7611,-683.6344,2.7003
69.64,-703.7531,-679.8543,-0.5127,-695.8152,-683.6089,2.6998
69.68,-703.8053,-679.8249,-0.5141,-695.8694,-683.5834,2.6993
69.72,-703.8576,-679.7954,-0.5155,-695.9235,-683.5578,2.6988
69.76,-703.9098,-679.7658,-0.5169,-695.9776,-683.5323,2.6983
69.8,-703.9619,-679.7361,-0.5183,-696.0317,-683.5067,2.6978
69.84,-704.0141,-679.7064,-0.5197,-696.0858,-683.4811,2.6972
69.88,-704.0661,-679.6766,-0.5211,-696.1398,-683.4554,2.6967
69.92,-704.1182,-679.6467,-0.5225,-696.1939,-683.4298,2.6962
69.96,-704.1702,-679.6168,-0.5239,-696.2479,-683.4041,2.6957
70.0,-704.2221,-679.5868,-0.5253,-696.3019,-683.3783,2.6951
70.04,-704.274,-679.5567,-0.5267,-696.3559,-683.3526,2.6946
70.08,-704.3259,-679.5265,-0.5281,-696.4098,-683.3268,2.694
70.12,-704.3777,-679.4963,-0.5295,-696.4638,-683.301,2.6935
70.16,-704.4295,-679.466,-0.5309,-696.5177,-683.2752,2.6929
70.2,-704.4813,-679.4356,-0.5323,-696.5717,-683.2493,2.6923
70.24,-704.533,-679.4052,-0.5337,-696.6255,-683.2234,2.6917
70.28,-704.5846,-679.3746,-0.5351,-696.6794,-683.1975,2.6912
70.32,-704.6362,-679.344,-0.5365,-696.7333,-683.1715,2.6906
70.36,-704.6878,-679.3134,-0.5379,-696.7871,-683.1455,2.69
70.4,-704.7393,-679.2826,-0.5393,-696.841,-683.1195,2.6894
70.44,-704.7908,-679.2518,-0.5407,-696.8948,-683.0935,2.6888
70.48,-704.8422,-679.2209,-0.5421,-696.9485,-683.0674,2.6882
70.52,-704.8936,-679.19,-0.5435,-697.0023,-683.0413,2.6876
70.56,-704.945,-679.159,-0.5449,-697.056,-683.0152,2.6869
70.6,-704.9963,-679.1279,-0.5463,-697.1098,-682.989,2.6863
70.64,-705.0476,-679.0967,-0.5477,-697.1635,-682.9628,2.6857
70.68,-705.0988,-679.0655,-0.5491,-697.2172,-682.9366,2.685
70.72,-705.15,-679.0341,-0.5505,-697.2708,-682.9103,2.6844
70.76,-705.2011,-679.0028,-0.5519,-697.3245,-682.884,2.6838
70.8,-705.2522,-678.9713,-0.5533,-697.3781,-682.8577,2.6831
70.84,-705.3033,-678.9398,-0.5547,-697.4317,-682.8313,2.6825
70.88,-705.3543,-678.9082,-0.5561,-697.4853,-682.8049,2.6818
70.92,-705.4052,-678.8765,-0.5575,-697.5388,-682.7785,2.6811
70.96,-705.4561,-678.8448,-0.5589,-697.5924,-682.752,2.6805
71.0,-705.507,-678.8129,-0.5603,-697.6459,-682.7255,2.6798
71.04,-705.5578,-678.7811,-0.5617,-697.6994,-682.699,2.6791
71.08,-705.6086,-678.7491,-0.5631,-697.7528,-682.6724,2.6784
71.12,-705.6594,-678.7171,-0.5645,-697.8063,-682.6458,2.6777
71.16,-705.7101,-678.685,-0.5659,-697.8597,-682.6192,2.677
71.2,-705.7607,-678.6528,-0.5673,-697.9131,-682.5925,2.6763
71.24,-705.8113,-678.6206,-0.5687,-697.9665,-682.5658,2.6756
71.28,-705.8619,-678.5883,-0.5701,-698.0199,-682.5391,2.6749
71.32,-705.9124,-678.5559,-0.5715,-698.0732,-682.5123,2.6742
71.36,-705.9628,-678.5234,-0.5729,-698.1265,-682.4855,2.6735
71.4,-706.0133,-678.4909,-0.5743,-698.1798,-682.4586,2.6727
71.44,-706.0636,-678.4583,-0.5757,-698.2331,-682.4318,2.672
71.48,-706.114,-678.4256,-0.577,-698.2863,-682.4048,2.6713
71.52,-706.1643,-678.3929,-0.5784,-698.3395,-682.3779,2.6706
71.56,-706.2145,-678.3601,-0.5798,-698.3927,-682.3509,2.6698
71.6,-706.2647,-678.3272,-0.5812,-698.4459,-682.3238,2.6691
71.64,-706.3148,-678.2943,-0.5826,-698.4991,-682.2968,2.6683
71.68,-706.3649,-678.2613,-0.584,-698.5522,-682.2696,2.6676
71.72,-706.415,-678.2282,-0.5854,-698.6053,-682.2425,2.6668
71.76,-706.465,-678.195,-0.5868,-698.6584,-682.2153,2.666
71.8,-706.515,-678.1618,-0.5882,-698.7114,-682.1881,2.6653
71.84,-706.5649,-678.1285,-0.5896,-698.7644,-682.1608,2.6645
71.88,-706.6147,-678.0952,-0.591,-698.8174,-682.1335,2.6637
71.92,-706.6646,-678.0617,-0.5924,-698.8704,-682.1062,2.6629
71.96,-706.7143,-678.0282,-0.5938,-698.9234,-682.0788,2.6621
72.0,-706.7641,-677.9946,-0.5952,-698.9763,-682.0514,2.6614
72.04,-706.8137,-677.961,-0.5966,-699.0292,-682.0239,2.6606
72.08,-706.8634,-677.9273,-0.598,-699.0821,-681.9964,2.6598
72.12,-706.913,-677.8935,-0.5994,-699.1349,-681.9688,2.659
72.16,-706.9625,-677.8597,-0.6008,-699.1878,-681.9413,2.6582
72.2,-707.012,-677.8257,-0.6022,-699.2406,-681.9136,2.6574
72.24,-707.0614,-677.7918,-0.6036,-699.2933,-681.886,2.6565
72.28,-707.1108,-677.7577,-0.605,-699.3461,-681.8583,2.6557
72.32,-707.1602,-677.7236,-0.6064,-699.3988,-681.8305,2.6549
72.36,-707.2095,-677.6894,-0.6078,-699.4515,-681.8027,2.6541
72.4,-707.2587,-677.6551,-0.6092,-699.5042,-681.7749,2.6532
72.44,-707.3079,-677.6208,-0.6106,-699.5568,-681.747,2.6524
72.48,-707.3571,-677.5864,-0.612,-699.6094,-681.7191,2.6516
72.52,-707.4062,-677.5519,-0.6134,-699.662,-681.6911,2.6507
72.56,-707.4553,-677.5174,-0.6148,-699.7146,-681.6632,2.6499
72.6,-707.5043,-677.4828,-0.6162,-699.7671,-681.6351,2.649
72.64,-707.5533,-677.4481,-0.6176,-699.8196,-681.607,2.6482
72.68,-707.6022,-677.4133,-0.619,-699.8721,-681.5789,2.6473
72.72,-707.651,-677.3785,-0.6204,-699.9245,-681.5507,2.6465
72.76,-707.6999,-677.3436,-0.6218,-699.977,-681.5225,2.6456
72.8,-707.7486,-677.3087,-0.6232,-700.0294,-681.4943,2.6447
72.84,-707.7973,-677.2737,-0.6246,-700.0817,-681.466,2.6439
72.88,-707.846,-677.2386,-0.626,-700.1341,-681.4376,2.643
72.92,-707.8946,-677.2034,-0.6274,-700.1864,-681.4092,2.6421
72.96,-707.9432,-677.1682,-0.6288,-700.2387,-681.3808,2.6412
73.0,-707.9917,-677.1329,-0.6302,-700.2909,-681.3523,2.6404
73.04,-708.0402,-677.0976,-0.6316,-700.3431,-681.3238,2.6395
73.08,-708.0886,-677.0621,-0.633,-700.3953,-681.2952,2.6386
73.12,-708.137,-677.0266,-0.6344,-700.4475,-681.2666,2.6377
73.16,-708.1853,-676.9911,-0.6358,-700.4996,-681.238,2.6368
73.2,-708.2336,-676.9555,-0.6372,-700.5518,-681.2093,2.6359
73.24,-708.2818,-676.9198,-0.6386,-700.6038,-681.1805,2.635
73.28,-708.33,-676.884,-0.64,-700.6559,-681.1517,2.6341
73.32,-708.3781,-676.8482,-0.6414,-700.7079,-681.1229,2.6332
73.36,-708.4262,-676.8123,-0.6428,-700.7599,-681.094,2.6322
73.4,-708.4742,-676.7763,-0.6442,-700.8119,-681.0651,2.6313
73.44,-708.5222,-676.7403,-0.6456,-700.8638,-681.0361,2.6304
73.48,-708.5702,-676.7042,-0.647,-700.9157,-681.0071,2.6295
73.52,-708.618,-676.668,-0.6484,-700.9676,-680.978,2.6285
73.56,-708.6658,-676.6318,-0.6498,-701.0194,-680.9489,2.6276
73.6,-708.7136,-676.5955,-0.6512,-701.0712,-680.9198,2.6267
73.64,-708.7613,-676.5591,-0.6526,-701.123,-680.8906,2.6257
73.68,-708.809,-676.5227,-0.654,-701.1747,-680.8613,2.6248
73.72,-708.8566,-676.4862,-0.6554,-701.2265,-680.832,2.6239
73.76,-708.9042,-676.4496,-0.6568,-701.2782,-680.8027,2.6229
73.8,-708.9517,-676.413,-0.6582,-701.3298,-680.7733,2.622
73.84,-708.9992,-676.3763,-0.6596,-701.3814,-680.7439,2.621
73.88,-709.0466,-676.3395,-0.661,-701.433,-680.7144,2.62
73.92,-709.094,-676.3027,-0.6624,-701.4846,-680.6848,2.6191
73.96,-709.1413,-676.2658,-0.6638,-701.5361,-680.6553,2.6181
74.0,-709.1885,-676.2288,-0.6652,-701.5876,-680.6256,2.6172
74.04,-709.2358,-676.1918,-0.6666,-701.6391,-680.5959,2.6162
74.08,-709.2829,-676.1547,-0.668,-701.6905,-680.5662,2.6152
74.12,-709.33,-676.1175,-0.6694,-701.7419,-680.5364,2.6143
74.16,-709.3771,-676.0803,-0.6708,-701.7933,-680.5066,2.6133
74.2,-709.4241,-676.043,-0.6721,-701.8447,-680.4768,2.6123
74.24,-709.471,-676.0056,-0.6735,-701.896,-680.4468,2.6113
74.28,-709.5179,-675.9682,-0.6749,-701.9472,-680.4169,2.6103
74.32,-709.5648,-675.9307,-0.6763,-701.9985,-680.3869,2.6093
74.36,-709.6116,-675.8932,-0.6777,-702.0497,-680.3568,2.6083
74.4,-709.6583,-675.8555,-0.6791,-702.1009,-680.3267,2.6074
74.44,-709.705,-675.8178,-0.6805,-702.152,-680.2965,2.6064
74.48,-709.7516,-675.7801,-0.6819,-702.2031,-680.2663,2.6054
74.52,-709.7982,-675.7423,-0.6833,-702.2542,-680.2361,2.6044
74.56,-709.8447,-675.7044,-0.6847,-702.3052,-680.2057,2.6034
74.6,-709.8912,-675.6664,-0.6861,-702.3563,-680.1754,2.6023
74.64,-709.9376,-675.6284,-0.6875,-702.4072,-680.145,2.6013
74.68,-709.984,-675.5903,-0.6889,-702.4582,-680.1145,2.6003
74.72,-710.0303,-675.5522,-0.6903,-702.5091,-680.084,2.5993
74.76,-710.0766,-675.514,-0.6917,-702.56,-680.0535,2.5983
74.8,-710.1228,-675.4757,-0.6931,-702.6108,-680.0228,2.5973
74.84,-710.1689,-675.4374,-0.6945,-702.6616,-679.9922,2.5963
74.88,-710.215,-675.399,-0.6959,-702.7124,-679.9615,2.5952
74.92,-710.2611,-675.3605,-0.6973,-702.7631,-679.9307,2.5942
74.96,-710.3071,-675.322,-0.6987,-702.8138,-679.8999,2.5932
75.0,-710.353,-675.2834,-0.6987,-702.8645,-679.869,2.5921
75.04,-710.399,-675.2448,-0.6987,-702.9151,-679.838,2.5911
75.08,-710.4449,-675.2062,-0.6987,-702.9656,-679.8069,2.5901
75.12,-710.4908,-675.1676,-0.6987,-703.0162,-679.7758,2.5891
75.16,-710.5368,-675.129,-0.6987,-703.0667,-679.7447,2.5881
75.2,-710.5827,-675.0904,-0.6987,-703.1172,-679.7135,2.5871
75.24,-710.6287,-675.0518,-0.6987,-703.1677,-679.6822,2.5862
75.28,-710.6746,-675.0132,-0.6987,-703.2182,-679.6509,2.5852
75.32,-710.7205,-674.9746,-0.6987,-703.2686,-679.6195,2.5842
75.36,-710.7665,-674.936,-0.6987,-703.319,-679.5881,2.5832
75.4,-710.8124,-674.8975,-0.6987,-703.3694,-679.5566,2.5823
75.44,-710.8584,-674.8589,-0.6987,-703.4198,-679.5251,2.5813
75.48,-710.9043,-674.8203,-0.6987,-703.4701,-679.4935,2.5804
75.52,-710.9502,-674.7817,-0.6987,-703.5205,-679.4619,2.5795
75.56,-710.9962,-674.7431,-0.6987,-703.5708,-679.4302,2.5785
75.6,-711.0421,-674.7045,-0.6987,-703.621,-679.3985,2.5776
75.64,-711.0881,-674.6659,-0.6987,-703.6713,-679.3667,2.5767
75.68,-711.134,-674.6273,-0.6987,-703.7215,-679.3349,2.5758
75.72,-711.1799,-674.5887,-0.6987,-703.7717,-679.303,2.5749
75.76,-711.2259,-674.5501,-0.6987,-703.8219,-679.271,2.574
75.8,-711.2718,-674.5115,-0.6987,-703.8721,-679.2391,2.5731
75.84,-711.3178,-674.4729,-0.6987,-703.9222,-679.207,2.5722
75.88,-711.3637,-674.4343,-0.6987,-703.9723,-679.1749,2.5713
75.92,-711.4096,-674.3957,-0.6987,-704.0224,-679.1428,2.5704
75.96,-711.4556,-674.3571,-0.6987,-704.0725,-679.1106,2.5696
76.0,-711.5015,-674.3185,-0.6987,-704.1225,-679.0784,2.5687
76.04,-711.5475,-674.2799,-0.6987,-704.1725,-679.0461,2.5678
76.08,-711.5934,-674.2414,-0.6987,-704.2225,-679.0138,2.567
76.12,-711.6393,-674.2028,-0.6987,-704.2725,-678.9815,2.5661
76.16,-711.6853,-674.1642,-0.6987,-704.3225,-678.9491,2.5653
76.2,-711.7312,-674.1256,-0.6987,-704.3724,-678.9166,2.5645
76.24,-711.7771,-674.087,-0.6987,-704.4223,-678.8841,2.5636
76.28,-711.8231,-674.0484,-0.6987,-704.4722,-678.8516,2.5628
76.32,-711.869,-674.0098,-0.6987,-704.5221,-678.819,2.562
76.36,-711.915,-673.9712,-0.6987,-704.5719,-678.7864,2.5612
76.4,-711.9609,-673.9326,-0.6987,-704.6218,-678.7537,2.5604
76.44,-712.0068,-673.894,-0.6987,-704.6716,-678.721,2.5596
76.48,-712.0528,-673.8554,-0.6987,-704.7214,-678.6882,2.5588
76.52,-712.0987,-673.8168,-0.6987,-704.7711,-678.6554,2.558
76.56,-712.1447,-673.7782,-0.6987,-704.8209,-678.6226,2.5572
76.6,-712.1906,-673.7396,-0.6987,-704.8706,-678.5897,2.5564
76.64,-712.2365,-673.701,-0.6987,-704.9203,-678.5568,2.5557
76.68,-712.2825,-673.6624,-0.6987,-704.9699,-678.5238,2.5549
76.72,-712.3284,-673.6238,-0.6987,-705.0196,-678.4908,2.5541
76.76,-712.3744,-673.5852,-0.6987,-705.0692,-678.4577,2.5534
76.8,-712.4203,-673.5467,-0.6987,-705.1188,-678.4246,2.5526
76.84,-712.4662,-673.5081,-0.6987,-705.1684,-678.3915,2.5519
76.88,-712.5122,-673.4695,-0.6987,-705.218,-678.3583,2.5511
76.92,-712.5581,-673.4309,-0.6987,-705.2676,-678.3251,2.5504
76.96,-712.6041,-673.3923,-0.6987,-705.3171,-678.2919,2.5496
77.0,-712.65,-673.3537,-0.6987,-705.3666,-678.2586,2.5489
77.04,-712.6959,-673.3151,-0.6987,-705.4161,-678.2252,2.5482
77.08,-712.7419,-673.2765,-0.6987,-705.4656,-678.1919,2.5475
77.12,-712.7878,-673.2379,-0.6987,-705.515,-678.1585,2.5468
77.16,-712.8338,-673.1993,-0.6987,-705.5644,-678.125,2.5461
77.2,-712.8797,-673.1607,-0.6987,-705.6138,-678.0916,2.5454
77.24,-712.9256,-673.1221,-0.6987,-705.6632,-678.058,2.5447
77.28,-712.9716,-673.0835,-0.6987,-705.7126,-678.0245,2.544
77.32,-713.0175,-673.0449,-0.6987,-705.762,-677.9909,2.5433
77.36,-713.0635,-673.0063,-0.6987,-705.8113,-677.9573,2.5426
77.4,-713.1094,-672.9677,-0.6987,-705.8606,-677.9236,2.5419
77.44,-713.1553,-672.9291,-0.6987,-705.9099,-677.8899,2.5412
77.48,-713.2013,-672.8905,-0.6987,-705.9592,-677.8562,2.5406
77.52,-713.2472,-672.852,-0.6987,-706.0084,-677.8224,2.5399
77.56,-713.2932,-672.8134,-0.6987,-706.0576,-677.7886,2.5392
77.6,-713.3391,-672.7748,-0.6987,-706.1068,-677.7548,2.5386
77.64,-713.385,-672.7362,-0.6987,-706.156,-677.7209,2.5379
77.68,-713.431,-672.6976,-0.6987,-706.2052,-677.687,2.5373
77.72,-713.4769,-672.659,-0.6987,-706.2544,-677.653,2.5366
77.76,-713.5229,-672.6204,-0.6987,-706.3035,-677.6191,2.536
77.8,-713.5688,-672.5818,-0.6987,-706.3526,-677.5851,2.5354
77.84,-713.6147,-672.5432,-0.6987,-706.4017,-677.551,2.5347
77.88,-713.6607,-672.5046,-0.6987,-706.4508,-677.5169,2.5341
77.92,-713.7066,-672.466,-0.6987,-706.4999,-677.4828,2.5335
77.96,-713.7526,-672.4274,-0.6987,-706.5489,-677.4487,2.5329
78.0,-713.7985,-672.3888,-0.6987,-706.5979,-677.4145,2.5322
78.04,-713.8444,-672.3502,-0.6987,-706.6469,-677.3803,2.5316
78.08,-713.8904,-672.3116,-0.6987,-706.6959,-677.3461,2.531
78.12,-713.9363,-672.273,-0.6987,-706.7449,-677.3118,2.5304
78.16,-713.9823,-672.2344,-0.6987,-706.7938,-677.2775,2.5298
78.2,-714.0282,-672.1958,-0.6987,-706.8428,-677.2432,2.5292
78.24,-714.0741,-672.1573,-0.6987,-706.8917,-677.2088,2.5286
78.28,-714.1201,-672.1187,-0.6987,-706.9406,-677.1744,2.5281
78.32,-714.166,-672.0801,-0.6987,-706.9895,-677.14,2.5275
78.36,-714.212,-672.0415,-0.6987,-707.0383,-677.1056,2.5269
78.4,-714.2579,-672.0029,-0.6987,-707.0872,-677.0711,2.5263
78.44,-714.3038,-671.9643,-0.6987,-707.136,-677.0366,2.5258
78.48,-714.3498,-671.9257,-0.6987,-707.1848,-677.002,2.5252
78.52,-714.3957,-671.8871,-0.6987,-707.2336,-676.9675,2.5246
78.56,-714.4417,-671.8485,-0.6987,-707.2824,-676.9329,2.5241
78.6,-714.4876,-671.8099,-0.6987,-707.3311,-676.8982,2.5235
78.64,-714.5335,-671.7713,-0.6987,-707.3799,-676.8636,2.523
78.68,-714.5795,-671.7327,-0.6987,-707.4286,-676.8289,2.5224
78.72,-714.6254,-671.6941,-0.6987,-707.4773,-676.7942,2.5219
78.76,-714.6714,-671.6555,-0.6987,-707.526,-676.7594,2.5213
78.8,-714.7173,-671.6169,-0.6987,-707.5747,-676.7247,2.5208
78.84,-714.7632,-671.5783,-0.6987,-707.6233,-676.6899,2.5203
78.88,-714.8092,-671.5397,-0.6987,-707.672,-676.655,2.5197
78.92,-714.8551,-671.5012,-0.6987,-707.7206,-676.6202,2.5192
78.96,-714.9011,-671.4626,-0.6987,-707.7692,-676.5853,2.5187
79.0,-714.947,-671.424,-0.6987,-707.8178,-676.5504,2.5182
79.04,-714.9929,-671.3854,-0.6987,-707.8664,-676.5155,2.5177
79.08,-715.0389,-671.3468,-0.6987,-707.9149,-676.4805,2.5172
79.12,-715.0848,-671.3082,-0.6987,-707.9635,-676.4455,2.5166
79.16,-715.1308,-671.2696,-0.6987,-708.012,-676.4105,2.5161
79.2,-715.1767,-671.231,-0.6987,-708.0605,-676.3755,2.5156
79.24,-715.2226,-671.1924,-0.6987,-708.109,-676.3404,2.5151
79.28,-715.2686,-671.1538,-0.6987,-708.1575,-676.3054,2.5147
79.32,-715.3145,-671.1152,-0.6987,-708.206,-676.2703,2.5142
79.36,-715.3605,-671.0766,-0.6987,-708.2544,-676.2351,2.5137
79.4,-715.4064,-671.038,-0.6987,-708.3029,-676.2,2.5132
79.44,-715.4523,-670.9994,-0.6987,-708.3513,-676.1648,2.5127
79.48,-715.4983,-670.9608,-0.6987,-708.3997,-676.1296,2.5122
79.52,-715.5442,-670.9222,-0.6987,-708.4481,-676.0943,2.5118
79.56,-715.5902,-670.8836,-0.6987,-708.4964,-676.0591,2.5113
79.6,-715.6361,-670.845,-0.6987,-708.5448,-676.0238,2.5108
79.64,-715.682,-670.8065,-0.6987,-708.5931,-675.9885,2.5104
79.68,-715.728,-670.7679,-0.6987,-708.6415,-675.9532,2.5099
79.72,-715.7739,-670.7293,-0.6987,-708.6898,-675.9178,2.5094
79.76,-715.8199,-670.6907,-0.6987,-708.7381,-675.8824,2.509
79.8,-715.8658,-670.6521,-0.6987,-708.7864,-675.847,2.5085
79.84,-715.9117,-670.6135,-0.6987,-708.8346,-675.8116,2.5081
79.88,-715.9577,-670.5749,-0.6987,-708.8829,-675.7762,2.5076
79.92,-716.0036,-670.5363,-0.6987,-708.9311,-675.7407,2.5072
79.96,-716.0496,-670.4977,-0.6987,-708.9794,-675.7052,2.5068
80.0,-716.0955,-670.4591,-0.6987,-709.0276,-675.6697,2.5063
80.04,-716.1414,-670.4205,-0.6987,-709.0758,-675.6342,2.5059
80.08,-716.1874,-670.3819,-0.6987,-709.124,-675.5986,2.5055
80.12,-716.2333,-670.3433,-0.6987,-709.1721,-675.563,2.505
80.16,-716.2793,-670.3047,-0.6987,-709.2203,-675.5274,2.5046
80.2,-716.3252,-670.2661,-0.6987,-709.2684,-675.4918,2.5042
80.24,-716.3711,-670.2275,-0.6987,-709.3166,-675.4562,2.5038
80.28,-716.4171,-670.1889,-0.6987,-709.3647,-675.4205,2.5034
80.32,-716.463,-670.1503,-0.6987,-709.4128,-675.3848,2.5029
80.36,-716.509,-670.1118,-0.6987,-709.4609,-675.3491,2.5025
80.4,-716.5549,-670.0732,-0.6987,-709.5089,-675.3134,2.5021
80.44,-716.6008,-670.0346,-0.6987,-709.557,-675.2777,2.5017
80.48,-716.6468,-669.996,-0.6987,-709.605,-675.2419,2.5013
80.52,-716.6927,-669.9574,-0.6987,-709.6531,-675.2061,2.5009
80.56,-716.7387,-669.9188,-0.6987,-709.7011,-675.1703,2.5005
80.6,-716.7846,-669.8802,-0.6987,-709.7491,-675.1345,2.5001
80.64,-716.8305,-669.8416,-0.6987,-709.7971,-675.0986,2.4997
80.68,-716.8765,-669.803,-0.6987,-709.8451,-675.0628,2.4993
80.72,-716.9224,-669.7644,-0.6987,-709.893,-675.0269,2.499
80.76,-716.9684,-669.7258,-0.6987,-709.941,-674.991,2.4986
80.8,-717.0143,-669.6872,-0.6987,-709.9889,-674.9551,2.4982
80.84,-717.0602,-669.6486,-0.6987,-710.0369,-674.9191,2.4978
80.88,-717.1062,-669.61,-0.6987,-710.0848,-674.8832,2.4974
80.92,-717.1521,-669.5714,-0.6987,-710.1327,-674.8472,2.4971
80.96,-717.1981,-669.5328,-0.6987,-710.1806,-674.8112,2.4967
81.0,-717.244,-669.4942,-0.6987,-710.2285,-674.7752,2.4963
81.04,-717.2899,-669.4556,-0.6987,-710.2763,-674.7392,2.496
81.08,-717.3359,-669.4171,-0.6987,-710.3242,-674.7031,2.4956
81.12,-717.3818,-669.3785,-0.6987,-710.372,-674.667,2.4952
81.16,-717.4278,-669.3399,-0.6987,-710.4199,-674.6309,2.4949
81.2,-717.4737,-669.3013,-0.6987,-710.4677,-674.5948,2.4945
81.24,-717.5196,-669.2627,-0.6987,-710.5155,-674.5587,2.4942
81.28,-717.5656,-669.2241,-0.6987,-710.5633,-674.5226,2.4938
81.32,-717.6115,-669.1855,-0.6987,-710.6111,-674.4864,2.4935
81.36,-717.6575,-669.1469,-0.6987,-710.6589,-674.4502,2.4931
81.4,-717.7034,-669.1083,-0.6987,-710.7066,-674.4141,2.4928
81.44,-717.7493,-669.0697,-0.6987,-710.7544,-674.3778,2.4925
81.48,-717.7953,-669.0311,-0.6987,-710.8021,-674.3416,2.4921
81.52,-717.8412,-668.9925,-0.6987,-710.8498,-674.3054,2.4918
81.56,-717.8872,-668.9539,-0.6987,-710.8975,-674.2691,2.4914
81.6,-717.9331,-668.9153,-0.6987,-710.9453,-674.2328,2.4911
81.64,-717.979,-668.8767,-0.6987,-710.9929,-674.1966,2.4908
81.68,-718.025,-668.8381,-0.6987,-711.0406,-674.1602,2.4905
81.72,-718.0709,-668.7995,-0.6987,-711.0883,-674.1239,2.4901
81.76,-718.1169,-668.7609,-0.6987,-711.136,-674.0876,2.4898
81.8,-718.1628,-668.7224,-0.6987,-711.1836,-674.0512,2.4895
81.84,-718.2087,-668.6838,-0.6987,-711.2312,-674.0148,2.4892
81.88,-718.2547,-668.6452,-0.6987,-711.2789,-673.9785,2.4888
81.92,-718.3006,-668.6066,-0.6987,-711.3265,-673.9421,2.4885
81.96,-718.3466,-668.568,-0.6987,-711.3741,-673.9056,2.4882
82.0,-718.3925,-668.5294,-0.6987,-711.4217,-673.8692,2.4879
82.04,-718.4384,-668.4908,-0.6987,-711.4693,-673.8328,2.4876
82.08,-718.4844,-668.4522,-0.6987,-711.5168,-673.7963,2.4873
82.12,-718.5303,-668.4136,-0.6987,-711.5644,-673.7598,2.487
82.16,-718.5763,-668.375,-0.6987,-711.6119,-673.7233,2.4867
82.2,-718.6222,-668.3364,-0.6987,-711.6595,-673.6868,2.4864
82.24,-718.6681,-668.2978,-0.6987,-711.707,-673.6503,2.4861
82.28,-718.7141,-668.2592,-0.6987,-711.7545,-673.6137,2.4858
82.32,-718.76,-668.2206,-0.6987,-711.8021,-673.5772,2.4855
82.36,-718.806,-668.182,-0.6987,-711.8496,-673.5406,2.4852
82.4,-718.8519,-668.1434,-0.6987,-711.897,-673.504,2.4849
82.44,-718.8978,-668.1048,-0.6987,-711.9445,-673.4674,2.4846
82.48,-718.9438,-668.0663,-0.6987,-711.992,-673.4308,2.4844
82.52,-718.9897,-668.0277,-0.6987,-712.0395,-673.3942,2.4841
82.56,-719.0357,-667.9891,-0.6987,-712.0869,-673.3576,2.4838
82.6,-719.0816,-667.9505,-0.6987,-712.1343,-673.3209,2.4835
82.64,-719.1275,-667.9119,-0.6987,-712.1818,-673.2842,2.4832
82.68,-719.1735,-667.8733,-0.6987,-712.2292,-673.2476,2.483
82.72,-719.2194,-667.8347,-0.6987,-712.2766,-673.2109,2.4827
82.76,-719.2654,-667.7961,-0.6987,-712.324,-673.1742,2.4824
82.8,-719.3113,-667.7575,-0.6987,-712.3714,-673.1374,2.4821
82.84,-719.3572,-667.7189,-0.6987,-712.4188,-673.1007,2.4819
82.88,-719.4032,-667.6803,-0.6987,-712.4662,-673.064,2.4816
82.92,-719.4491,-667.6417,-0.6987,-712.5135,-673.0272,2.4813
82.96,-719.4951,-667.6031,-0.6987,-712.5609,-672.9904,2.4811
83.0,-719.541,-667.5645,-0.6987,-712.6082,-672.9537,2.4808
83.04,-719.5869,-667.5259,-0.6987,-712.6556,-672.9169,2.4806
83.08,-719.6329,-667.4873,-0.6987,-712.7029,-672.88,2.4803
83.12,-719.6788,-667.4487,-0.6987,-712.7502,-672.8432,2.48
83.16,-719.7248,-667.4101,-0.6987,-712.7975,-672.8064,2.4798
83.2,-719.7707,-667.3716,-0.6987,-712.8448,-672.7695,2.4795
83.24,-719.8166,-667.333,-0.6987,-712.8921,-672.7327,2.4793
83.28,-719.8626,-667.2944,-0.6987,-712.9394,-672.6958,2.479
83.32,-719.9085,-667.2558,-0.6987,-712.9867,-672.6589,2.4788
83.36,-719.9545,-667.2172,-0.6987,-713.0339,-672.622,2.4786
83.4,-720.0004,-667.1786,-0.6987,-713.0812,-672.5851,2.4783
83.44,-720.0463,-667.14,-0.6987,-713.1284,-672.5482,2.4781
83.48,-720.0923,-667.1014,-0.6987,-713.1757,-672.5113,2.4778
83.52,-720.1382,-667.0628,-0.6987,-713.2229,-672.4743,2.4776
83.56,-720.1842,-667.0242,-0.6987,-713.2701,-672.4374,2.4773
83.6,-720.2301,-666.9856,-0.6987,-713.3174,-672.4004,2.4771
83.64,-720.276,-666.947,-0.6987,-713.3646,-672.3634,2.4769
83.68,-720.322,-666.9084,-0.6987,-713.4118,-672.3264,2.4766
83.72,-720.3679,-666.8698,-0.6987,-713.459,-672.2894,2.4764
83.76,-720.4139,-666.8312,-0.6987,-713.5061,-672.2524,2.4762
83.8,-720.4598,-666.7926,-0.6987,-713.5533,-672.2154,2.476
83.84,-720.5057,-666.754,-0.6987,-713.6005,-672.1784,2.4757
83.88,-720.5517,-666.7154,-0.6987,-713.6476,-672.1413,2.4755
83.92,-720.5976,-666.6769,-0.6987,-713.6948,-672.1043,2.4753
83.96,-720.6435,-666.6383,-0.6987,-713.7419,-672.0672,2.4751
84.0,-720.6895,-666.5997,-0.6987,-713.7891,-672.0301,2.4748
84.04,-720.7354,-666.5611,-0.6987,-713.8362,-671.993,2.4746
84.08,-720.7814,-666.5225,-0.6987,-713.8833,-671.956,2.4744
84.12,-720.8273,-666.4839,-0.6987,-713.9304,-671.9188,2.4742
84.16,-720.8732,-666.4453,-0.6987,-713.9775,-671.8817,2.474
84.2,-720.9192,-666.4067,-0.6987,-714.0246,-671.8446,2.4738
84.24,-720.9651,-666.3681,-0.6987,-714.0717,-671.8075,2.4736
84.28,-721.0111,-666.3295,-0.6987,-714.1188,-671.7703,2.4733
84.32,-721.057,-666.2909,-0.6987,-714.1659,-671.7331,2.4731
84.36,-721.1029,-666.2523,-0.6987,-714.2129,-671.696,2.4729
84.4,-721.1489,-666.2137,-0.6987,-714.26,-671.6588,2.4727
84.44,-721.1948,-666.1751,-0.6987,-714.307,-671.6216,2.4725
84.48,-721.2408,-666.1365,-0.6987,-714.3541,-671.5844,2.4723
84.52,-721.2867,-666.0979,-0.6987,-714.4011,-671.5472,2.4721
84.56,-721.3326,-666.0593,-0.6987,-714.4481,-671.51,2.4719
84.6,-721.3786,-666.0207,-0.6987,-714.4952,-671.4728,2.4717
84.64,-721.4245,-665.9822,-0.6987,-714.5422,-671.4355,2.4715
84.68,-721.4705,-665.9436,-0.6987,-714.5892,-671.3983,2.4713
84.72,-721.5164,-665.905,-0.6987,-714.6362,-671.361,2.4711
84.76,-721.5623,-665.8664,-0.6987,-714.6832,-671.3237,2.4709
84.8,-721.6083,-665.8278,-0.6987,-714.7302,-671.2865,2.4707
84.84,-721.6542,-665.7892,-0.6987,-714.7771,-671.2492,2.4706
84.88,-721.7002,-665.7506,-0.6987,-714.8241,-671.2119,2.4704
84.92,-721.7461,-665.712,-0.6987,-714.8711,-671.1746,2.4702
84.96,-721.792,-665.6734,-0.6987,-714.918,-671.1373,2.47
85.0,-721.838,-665.6348,-0.6987,-714.965,-671.1,2.4698
85.04,-721.8839,-665.5962,-0.6987,-715.0119,-671.0626,2.4696
85.08,-721.9299,-665.5576,-0.6987,-715.0589,-671.0253,2.4694
85.12,-721.9758,-665.519,-0.6987,-715.1058,-670.9879,2.4693
85.16,-722.0217,-665.4804,-0.6987,-715.1527,-670.9506,2.4691
85.2,-722.0677,-665.4418,-0.6987,-715.1997,-670.9132,2.4689
85.24,-722.1136,-665.4032,-0.6987,-715.2466,-670.8758,2.4687
85.28,-722.1596,-665.3646,-0.6987,-715.2935,-670.8385,2.4685
85.32,-722.2055,-665.326,-0.6987,-715.3404,-670.8011,2.4684
85.36,-722.2514,-665.2875,-0.6987,-715.3873,-670.7637,2.4682
85.4,-722.2974,-665.2489,-0.6987,-715.4342,-670.7263,2.468
85.44,-722.3433,-665.2103,-0.6987,-715.481,-670.6889,2.4679
85.48,-722.3893,-665.1717,-0.6987,-715.5279,-670.6514,2.4677
85.52,-722.4352,-665.1331,-0.6987,-715.5748,-670.614,2.4675
85.56,-722.4811,-665.0945,-0.6987,-715.6216,-670.5766,2.4673
85.6,-722.5271,-665.0559,-0.6987,-715.6685,-670.5391,2.4672
85.64,-722.573,-665.0173,-0.6987,-715.7154,-670.5017,2.467
85.68,-722.619,-664.9787,-0.6987,-715.7622,-670.4642,2.4668
85.72,-722.6649,-664.9401,-0.6987,-715.809,-670.4267,2.4667
85.76,-722.7108,-664.9015,-0.6987,-715.8559,-670.3892,2.4665
85.8,-722.7568,-664.8629,-0.6987,-715.9027,-670.3518,2.4664
85.84,-722.8027,-664.8243,-0.6987,-715.9495,-670.3143,2.4662
85.88,-722.8487,-664.7857,-0.6987,-715.9963,-670.2768,2.466
85.92,-722.8946,-664.7471,-0.6987,-716.0431,-670.2393,2.4659
85.96,-722.9405,-664.7085,-0.6987,-716.0899,-670.2017,2.4657
86.0,-722.9865,-664.6699,-0.6987,-716.1367,-670.1642,2.4656
86.04,-723.0324,-664.6314,-0.6987,-716.1835,-670.1267,2.4654
86.08,-723.0784,-664.5928,-0.6987,-716.2303,-670.0891,2.4653
86.12,-723.1243,-664.5542,-0.6987,-716.2771,-670.0516,2.4651
86.16,-723.1702,-664.5156,-0.6987,-716.3239,-670.014,2.465
86.2,-723.2162,-664.477,-0.6987,-716.3706,-669.9765,2.4648
86.24,-723.2621,-664.4384,-0.6987,-716.4174,-669.9389,2.4647
86.28,-723.3081,-664.3998,-0.6987,-716.4642,-669.9013,2.4645
86.32,-723.354,-664.3612,-0.6987,-716.5109,-669.8637,2.4644
86.36,-723.3999,-664.3226,-0.6987,-716.5577,-669.8262,2.4642
86.4,-723.4459,-664.284,-0.6987,-716.6044,-669.7886,2.4641
86.44,-723.4918,-664.2454,-0.6987,-716.6511,-669.751,2.4639
86.48,-723.5378,-664.2068,-0.6987,-716.6979,-669.7133,2.4638
86.52,-723.5837,-664.1682,-0.6987,-716.7446,-669.6757,2.4636
86.56,-723.6296,-664.1296,-0.6987,-716.7913,-669.6381,2.4635
86.6,-723.6756,-664.091,-0.6987,-716.838,-669.6005,2.4633
86.64,-723.7215,-664.0524,-0.6987,-716.8848,-669.5628,2.4632
86.68,-723.7675,-664.0138,-0.6987,-716.9315,-669.5252,2.4631
86.72,-723.8134,-663.9752,-0.6987,-716.9782,-669.4875,2.4629
86.76,-723.8593,-663.9367,-0.6987,-717.0249,-669.4499,2.4628
86.8,-723.9053,-663.8981,-0.6987,-717.0715,-669.4122,2.4627
86.84,-723.9512,-663.8595,-0.6987,-717.1182,-669.3745,2.4625
86.88,-723.9972,-663.8209,-0.6987,-717.1649,-669.3369,2.4624
86.92,-724.0431,-663.7823,-0.6987,-717.2116,-669.2992,2.4623
86.96,-724.089,-663.7437,-0.6987,-717.2583,-669.2615,2.4621
87.0,-724.135,-663.7051,-0.6987,-717.3049,-669.2238,2.462
87.04,-724.1809,-663.6665,-0.6987,-717.3516,-669.1861,2.4619
87.08,-724.2269,-663.6279,-0.6987,-717.3982,-669.1484,2.4617
87.12,-724.2728,-663.5893,-0.6987,-717.4449,-669.1107,2.4616
87.16,-724.3187,-663.5507,-0.6987,-717.4915,-669.073,2.4615
87.2,-724.3647,-663.5121,-0.6987,-717.5382,-669.0352,2.4613
87.24,-724.4106,-663.4735,-0.6987,-717.5848,-668.9975,2.4612
87.28,-724.4566,-663.4349,-0.6987,-717.6314,-668.9598,2.4611
87.32,-724.5025,-663.3963,-0.6987,-717.6781,-668.922,2.461
87.36,-724.5484,-663.3577,-0.6987,-717.7247,-668.8843,2.4608
87.4,-724.5944,-663.3191,-0.6987,-717.7713,-668.8465,2.4607
87.44,-724.6403,-663.2805,-0.6987,-717.8179,-668.8087,2.4606
87.48,-724.6863,-663.242,-0.6987,-717.8645,-668.771,2.4605
87.52,-724.7322,-663.2034,-0.6987,-717.9111,-668.7332,2.4604
87.56,-724.7781,-663.1648,-0.6987,-717.9577,-668.6954,2.4602
87.6,-724.8241,-663.1262,-0.6987,-718.0043,-668.6576,2.4601
87.64,-724.87,-663.0876,-0.6987,-718.0509,-668.6198,2.46
87.68,-724.916,-663.049,-0.6987,-718.0975,-668.5821,2.4599
87.72,-724.9619,-663.0104,-0.6987,-718.1441,-668.5442,2.4598
87.76,-725.0078,-662.9718,-0.6987,-718.1907,-668.5064,2.4597
87.8,-725.0538,-662.9332,-0.6987,-718.2373,-668.4686,2.4595
87.84,-725.0997,-662.8946,-0.6987,-718.2838,-668.4308,2.4594
87.88,-725.1457,-662.856,-0.6987,-718.3304,-668.393,2.4593
87.92,-725.1916,-662.8174,-0.6987,-718.377,-668.3552,2.4592
87.96,-725.2375,-662.7788,-0.6987,-718.4235,-668.3173,2.4591
88.0,-725.2835,-662.7402,-0.6987,-718.4701,-668.2795,2.459
88.04,-725.3294,-662.7016,-0.6987,-718.5166,-668.2416,2.4589
88.08,-725.3754,-662.663,-0.6987,-718.5632,-668.2038,2.4588
88.12,-725.4213,-662.6244,-0.6987,-718.6097,-668.1659,2.4587
88.16,-725.4672,-662.5858,-0.6987,-718.6562,-668.1281,2.4585
88.2,-725.5132,-662.5473,-0.6987,-718.7028,-668.0902,2.4584
88.24,-725.5591,-662.5087,-0.6987,-718.7493,-668.0523,2.4583
88.28,-725.6051,-662.4701,-0.6987,-718.7958,-668.0145,2.4582
88.32,-725.651,-662.4315,-0.6987,-718.8424,-667.9766,2.4581
88.36,-725.6969,-662.3929,-0.6987,-718.8889,-667.9387,2.458
88.4,-725.7429,-662.3543,-0.6987,-718.9354,-667.9008,2.4579
88.44,-725.7888,-662.3157,-0.6987,-718.9819,-667.8629,2.4578
88.48,-725.8348,-662.2771,-0.6987,-719.0284,-667.825,2.4577
88.52,-725.8807,-662.2385,-0.6987,-719.0749,-667.7871,2.4576
88.56,-725.9266,-662.1999,-0.6987,-719.1214,-667.7492,2.4575
88.6,-725.9726,-662.1613,-0.6987,-719.1679,-667.7113,2.4574
88.64,-726.0185,-662.1227,-0.6987,-719.2144,-667.6734,2.4573
88.68,-726.0645,-662.0841,-0.6987,-719.2609,-667.6354,2.4572
88.72,-726.1104,-662.0455,-0.6987,-719.3074,-667.5975,2.4571
88.76,-726.1563,-662.0069,-0.6987,-719.3538,-667.5596,2.457
88.8,-726.2023,-661.9683,-0.6987,-719.4003,-667.5216,2.4569
88.84,-726.2482,-661.9297,-0.6987,-719.4468,-667.4837,2.4568
88.88,-726.2942,-661.8912,-0.6987,-719.4933,-667.4458,2.4567
88.92,-726.3401,-661.8526,-0.6987,-719.5397,-667.4078,2.4566
88.96,-726.386,-661.814,-0.6987,-719.5862,-667.3699,2.4565
89.0,-726.432,-661.7754,-0.6987,-719.6326,-667.3319,2.4564
89.04,-726.4779,-661.7368,-0.6987,-719.6791,-667.2939,2.4563
89.08,-726.5239,-661.6982,-0.6987,-719.7255,-667.256,2.4563
89.12,-726.5698,-661.6596,-0.6987,-719.772,-667.218,2.4562
89.16,-726.6157,-661.621,-0.6987,-719.8184,-667.18,2.4561
89.2,-726.6617,-661.5824,-0.6987,-719.8649,-667.142,2.456
89.24,-726.7076,-661.5438,-0.6987,-719.9113,-667.104,2.4559
89.28,-726.7536,-661.5052,-0.6987,-719.9578,-667.0661,2.4558
89.32,-726.7995,-661.4666,-0.6987,-720.0042,-667.0281,2.4557
89.36,-726.8454,-661.428,-0.6987,-720.0506,-666.9901,2.4556
89.4,-726.8914,-661.3894,-0.6987,-720.097,-666.9521,2.4555
89.44,-726.9373,-661.3508,-0.6987,-720.1435,-666.9141,2.4555
89.48,-726.9833,-661.3122,-0.6987,-720.1899,-666.876,2.4554
89.52,-727.0292,-661.2736,-0.6987,-720.2363,-666.838,2.4553
89.56,-727.0751,-661.235,-0.6987,-720.2827,-666.8,2.4552
89.6,-727.1211,-661.1965,-0.6987,-720.3291,-666.762,2.4551
89.64,-727.167,-661.1579,-0.6987,-720.3755,-666.724,2.455
89.68,-727.213,-661.1193,-0.6987,-720.4219,-666.6859,2.4549
89.72,-727.2589,-661.0807,-0.6987,-720.4683,-666.6479,2.4549
89.76,-727.3048,-661.0421,-0.6987,-720.5147,-666.6099,2.4548
89.8,-727.3508,-661.0035,-0.6987,-720.5611,-666.5718,2.4547
89.84,-727.3967,-660.9649,-0.6987,-720.6075,-666.5338,2.4546
89.88,-727.4427,-660.9263,-0.6987,-720.6539,-666.4957,2.4545
89.92,-727.4886,-660.8877,-0.6987,-720.7003,-666.4577,2.4545
89.96,-727.5345,-660.8491,-0.6987,-720.7467,-666.4196,2.4544
90.0,-727.5805,-660.8105,-0.6987,-720.793,-666.3816,2.4543
90.04,-727.6264,-660.7719,-0.6987,-720.8394,-666.3435,2.4542
90.08,-727.6724,-660.7333,-0.6987,-720.8858,-666.3054,2.4541
90.12,-727.7183,-660.6947,-0.6987,-720.9322,-666.2674,2.4541
90.16,-727.7642,-660.6561,-0.6987,-720.9785,-666.2293,2.454
90.2,-727.8102,-660.6175,-0.6987,-721.0249,-666.1912,2.4539
90.24,-727.8561,-660.5789,-0.6987,-721.0712,-666.1531,2.4538
90.28,-727.9021,-660.5403,-0.6987,-721.1176,-666.115,2.4538
90.32,-727.948,-660.5018,-0.6987,-721.164,-666.0769,2.4537
90.36,-727.9939,-660.4632,-0.6987,-721.2103,-666.0389,2.4536
90.4,-728.0399,-660.4246,-0.6987,-721.2567,-666.0008,2.4535
90.44,-728.0858,-660.386,-0.6987,-721.303,-665.9627,2.4535
90.48,-728.1318,-660.3474,-0.6987,-721.3493,-665.9246,2.4534
90.52,-728.1777,-660.3088,-0.6987,-721.3957,-665.8864,2.4533
90.56,-728.2236,-660.2702,-0.6987,-721.442,-665.8483,2.4533
90.6,-728.2696,-660.2316,-0.6987,-721.4884,-665.8102,2.4532
90.64,-728.3155,-660.193,-0.6987,-721.5347,-665.7721,2.4531
90.68,-728.3615,-660.1544,-0.6987,-721.581,-665.734,2.453
90.72,-728.4074,-660.1158,-0.6987,-721.6274,-665.6959,2.453
90.76,-728.4533,-660.0772,-0.6987,-721.6737,-665.6577,2.4529
90.8,-728.4993,-660.0386,-0.6987,-721.72,-665.6196,2.4528
90.84,-728.5452,-660.0,-0.6987,-721.7663,-665.5815,2.4528
90.88,-728.5912,-659.9614,-0.6987,-721.8126,-665.5433,2.4527
90.92,-728.6371,-659.9228,-0.6987,-721.859,-665.5052,2.4526
90.96,-728.683,-659.8842,-0.6987,-721.9053,-665.4671,2.4526
91.0,-728.729,-659.8456,-0.6987,-721.9516,-665.4289,2.4525
91.04,-728.7749,-659.8071,-0.6987,-721.9979,-665.3908,2.4524
91.08,-728.8209,-659.7685,-0.6987,-722.0442,-665.3526,2.4524
91.12,-728.8668,-659.7299,-0.6987,-722.0905,-665.3145,2.4523
91.16,-728.9127,-659.6913,-0.6987,-722.1368,-665.2763,2.4522
91.2,-728.9587,-659.6527,-0.6987,-722.1831,-665.2381,2.4522
91.24,-729.0046,-659.6141,-0.6987,-722.2294,-665.2,2.4521
91.28,-729.0506,-659.5755,-0.6987,-722.2757,-665.1618,2.4521
91.32,-729.0965,-659.5369,-0.6987,-722.322,-665.1236,2.452
91.36,-729.1424,-659.4983,-0.6987,-722.3683,-665.0855,2.4519
91.4,-729.1884,-659.4597,-0.6987,-722.4145,-665.0473,2.4519
91.44,-729.2343,-659.4211,-0.6987,-722.4608,-665.0091,2.4518
91.48,-729.2803,-659.3825,-0.6987,-722.5071,-664.9709,2.4517
91.52,-729.3262,-659.3439,-0.6987,-722.5534,-664.9328,2.4517
91.56,-729.3721,-659.3053,-0.6987,-722.5997,-664.8946,2.4516
91.6,-729.4181,-659.2667,-0.6987,-722.6459,-664.8564,2.4516
91.64,-729.464,-659.2281,-0.6987,-722.6922,-664.8182,2.4515
91.68,-729.5099,-659.1895,-0.6987,-722.7385,-664.78,2.4514
91.72,-729.5559,-659.1509,-0.6987,-722.7847,-664.7418,2.4514
91.76,-729.6018,-659.1124,-0.6987,-722.831,-664.7036,2.4513
91.8,-729.6478,-659.0738,-0.6987,-722.8773,-664.6654,2.4513
91.84,-729.6937,-659.0352,-0.6987,-722.9235,-664.6272,2.4512
91.88,-729.7396,-658.9966,-0.6987,-722.9698,-664.589,2.4512
91.92,-729.7856,-658.958,-0.6987,-723.016,-664.5508,2.4511
91.96,-729.8315,-658.9194,-0.6987,-723.0623,-664.5125,2.451
92.0,-729.8775,-658.8808,-0.6987,-723.1086,-664.4743,2.451
92.04,-729.9234,-658.8422,-0.6987,-723.1548,-664.4361,2.4509
92.08,-729.9693,-658.8036,-0.6987,-723.201,-664.3979,2.4509
92.12,-730.0153,-658.765,-0.6987,-723.2473,-664.3597,2.4508
92.16,-730.0612,-658.7264,-0.6987,-723.2935,-664.3214,2.4508
92.2,-730.1072,-658.6878,-0.6987,-723.3398,-664.2832,2.4507
92.24,-730.1531,-658.6492,-0.6987,-723.386,-664.245,2.4507
92.28,-730.199,-658.6106,-0.6987,-723.4323,-664.2067,2.4506
92.32,-730.245,-658.572,-0.6987,-723.4785,-664.1685,2.4506
92.36,-730.2909,-658.5334,-0.6987,-723.5247,-664.1303,2.4505
92.4,-730.3369,-658.4948,-0.6987,-723.571,-664.092,2.4504
92.44,-730.3828,-658.4563,-0.6987,-723.6172,-664.0538,2.4504
92.48,-730.4287,-658.4177,-0.6987,-723.6634,-664.0155,2.4503
92.52,-730.4747,-658.3791,-0.6987,-723.7096,-663.9773,2.4503
92.56,-730.5206,-658.3405,-0.6987,-723.7559,-663.939,2.4502
92.6,-730.5666,-658.3019,-0.6987,-723.8021,-663.9008,2.4502
92.64,-730.6125,-658.2633,-0.6987,-723.8483,-663.8625,2.4501
92.68,-730.6584,-658.2247,-0.6987,-723.8945,-663.8243,2.4501
92.72,-730.7044,-658.1861,-0.6987,-723.9407,-663.786,2.45
92.76,-730.7503,-658.1475,-0.6987,-723.987,-663.7477,2.45
92.8,-730.7963,-658.1089,-0.6987,-724.0332,-663.7095,2.4499
92.84,-730.8422,-658.0703,-0.6987,-724.0794,-663.6712,2.4499
92.88,-730.8881,-658.0317,-0.6987,-724.1256,-663.6329,2.4498
92.92,-730.9341,-657.9931,-0.6987,-724.1718,-663.5947,2.4498
92.96,-730.98,-657.9545,-0.6987,-724.218,-663.5564,2.4498
93.0,-731.026,-657.9159,-0.6987,-724.2642,-663.5181,2.4497
93.04,-731.0719,-657.8773,-0.6987,-724.3104,-663.4798,2.4497
93.08,-731.1178,-657.8387,-0.6987,-724.3566,-663.4416,2.4496
93.12,-731.1638,-657.8001,-0.6987,-724.4028,-663.4033,2.4496
93.16,-731.2097,-657.7616,-0.6987,-724.449,-663.365,2.4495
93.2,-731.2557,-657.723,-0.6987,-724.4952,-663.3267,2.4495
93.24,-731.3016,-657.6844,-0.6987,-724.5414,-663.2884,2.4494
93.28,-731.3475,-657.6458,-0.6987,-724.5876,-663.2501,2.4494
93.32,-731.3935,-657.6072,-0.6987,-724.6338,-663.2118,2.4493
93.36,-731.4394,-657.5686,-0.6987,-724.68,-663.1735,2.4493
93.4,-731.4854,-657.53,-0.6987,-724.7261,-663.1352,2.4493
93.44,-731.5313,-657.4914,-0.6987,-724.7723,-663.0969,2.4492
93.48,-731.5772,-657.4528,-0.6987,-724.8185,-663.0586,2.4492
93.52,-731.6232,-657.4142,-0.6987,-724.8647,-663.0203,2.4491
93.56,-731.6691,-657.3756,-0.6987,-724.9109,-662.982,2.4491
93.6,-731.7151,-657.337,-0.6987,-724.957,-662.9437,2.449
93.64,-731.761,-657.2984,-0.6987,-725.0032,-662.9054,2.449
93.68,-731.8069,-657.2598,-0.6987,-725.0494,-662.8671,2.449
93.72,-731.8529,-657.2212,-0.6987,-725.0956,-662.8288,2.4489
93.76,-731.8988,-657.1826,-0.6987,-725.1417,-662.7905,2.4489
93.8,-731.9448,-657.144,-0.6987,-725.1879,-662.7522,2.4488
93.84,-731.9907,-657.1054,-0.6987,-725.2341,-662.7138,2.4488
93.88,-732.0366,-657.0669,-0.6987,-725.2802,-662.6755,2.4488
93.92,-732.0826,-657.0283,-0.6987,-725.3264,-662.6372,2.4487
93.96,-732.1285,-656.9897,-0.6987,-725.3726,-662.5989,2.4487
94.0,-732.1745,-656.9511,-0.6987,-725.4187,-662.5605,2.4486
94.04,-732.2204,-656.9125,-0.6987,-725.4649,-662.5222,2.4486
94.08,-732.2663,-656.8739,-0.6987,-725.5111,-662.4839,2.4486
94.12,-732.3123,-656.8353,-0.6987,-725.5572,-662.4455,2.4485
94.16,-732.3582,-656.7967,-0.6987,-725.6034,-662.4072,2.4485
94.2,-732.4042,-656.7581,-0.6987,-725.6495,-662.3689,2.4484
94.24,-732.4501,-656.7195,-0.6987,-725.6957,-662.3305,2.4484
94.28,-732.496,-656.6809,-0.6987,-725.7418,-662.2922,2.4484
94.32,-732.542,-656.6423,-0.6987,-725.788,-662.2539,2.4483
94.36,-732.5879,-656.6037,-0.6987,-725.8341,-662.2155,2.4483
94.4,-732.6339,-656.5651,-0.6987,-725.8803,-662.1772,2.4482
94.44,-732.6798,-656.5265,-0.6987,-725.9264,-662.1388,2.4482
94.48,-732.7257,-656.4879,-0.6987,-725.9726,-662.1005,2.4482
94.52,-732.7717,-656.4493,-0.6987,-726.0187,-662.0621,2.4481
94.56,-732.8176,-656.4107,-0.6987,-726.0649,-662.0238,2.4481
94.6,-732.8636,-656.3722,-0.6987,-726.111,-661.9854,2.4481
94.64,-732.9095,-656.3336,-0.6987,-726.1571,-661.9471,2.448
94.68,-732.9554,-656.295,-0.6987,-726.2033,-661.9087,2.448
94.72,-733.0014,-656.2564,-0.6987,-726.2494,-661.8704,2.448
94.76,-733.0473,-656.2178,-0.6987,-726.2955,-661.832,2.4479
94.8,-733.0933,-656.1792,-0.6987,-726.3417,-661.7936,2.4479
94.84,-733.1392,-656.1406,-0.6987,-726.3878,-661.7553,2.4479
94.88,-733.1851,-656.102,-0.6987,-726.4339,-661.7169,2.4478
94.92,-733.2311,-656.0634,-0.6987,-726.4801,-661.6785,2.4478
94.96,-733.277,-656.0248,-0.6987,-726.5262,-661.6402,2.4478
95.0,-733.323,-655.9862,-0.6987,-726.5723,-661.6018,2.4477
95.04,-733.3689,-655.9476,-0.6987,-726.6185,-661.5634,2.4477
95.08,-733.4148,-655.909,-0.6987,-726.6646,-661.5251,2.4477
95.12,-733.4608,-655.8704,-0.6987,-726.7107,-661.4867,2.4476
95.16,-733.5067,-655.8318,-0.6987,-726.7568,-661.4483,2.4476
95.2,-733.5527,-655.7932,-0.6987,-726.8029,-661.4099,2.4476
95.24,-733.5986,-655.7546,-0.6987,-726.8491,-661.3716,2.4475
95.28,-733.6445,-655.716,-0.6987,-726.8952,-661.3332,2.4475
95.32,-733.6905,-655.6775,-0.6987,-726.9413,-661.2948,2.4475
95.36,-733.7364,-655.6389,-0.6987,-726.9874,-661.2564,2.4474
95.4,-733.7824,-655.6003,-0.6987,-727.0335,-661.218,2.4474
95.44,-733.8283,-655.5617,-0.6987,-727.0796,-661.1796,2.4474
95.48,-733.8742,-655.5231,-0.6987,-727.1258,-661.1413,2.4473
95.52,-733.9202,-655.4845,-0.6987,-727.1719,-661.1029,2.4473
95.56,-733.9661,-655.4459,-0.6987,-727.218,-661.0645,2.4473
95.6,-734.0121,-655.4073,-0.6987,-727.2641,-661.0261,2.4472
95.64,-734.058,-655.3687,-0.6987,-727.3102,-660.9877,2.4472
95.68,-734.1039,-655.3301,-0.6987,-727.3563,-660.9493,2.4472
95.72,-734.1499,-655.2915,-0.6987,-727.4024,-660.9109,2.4472
95.76,-734.1958,-655.2529,-0.6987,-727.4485,-660.8725,2.4471
95.8,-734.2418,-655.2143,-0.6987,-727.4946,-660.8341,2.4471
95.84,-734.2877,-655.1757,-0.6987,-727.5407,-660.7957,2.4471
95.88,-734.3336,-655.1371,-0.6987,-727.5868,-660.7573,2.447
95.92,-734.3796,-655.0985,-0.6987,-727.6329,-660.7189,2.447
95.96,-734.4255,-655.0599,-0.6987,-727.679,-660.6805,2.447
96.0,-734.4715,-655.0214,-0.6987,-727.7251,-660.6421,2.447
96.04,-734.5174,-654.9828,-0.6987,-727.7712,-660.6037,2.4469
96.08,-734.5633,-654.9442,-0.6987,-727.8173,-660.5653,2.4469
96.12,-734.6093,-654.9056,-0.6987,-727.8634,-660.5269,2.4469
96.16,-734.6552,-654.867,-0.6987,-727.9095,-660.4885,2.4468
96.2,-734.7012,-654.8284,-0.6987,-727.9556,-660.4501,2.4468
96.24,-734.7471,-654.7898,-0.6987,-728.0017,-660.4117,2.4468
96.28,-734.793,-654.7512,-0.6987,-728.0478,-660.3732,2.4468
96.32,-734.839,-654.7126,-0.6987,-728.0939,-660.3348,2.4467
96.36,-734.8849,-654.674,-0.6987,-728.14,-660.2964,2.4467
96.4,-734.9309,-654.6354,-0.6987,-728.186,-660.258,2.4467
96.44,-734.9768,-654.5968,-0.6987,-728.2321,-660.2196,2.4467
96.48,-735.0227,-654.5582,-0.6987,-728.2782,-660.1812,2.4466
96.52,-735.0687,-654.5196,-0.6987,-728.3243,-660.1427,2.4466
96.56,-735.1146,-654.481,-0.6987,-728.3704,-660.1043,2.4466
96.6,-735.1606,-654.4424,-0.6987,-728.4165,-660.0659,2.4466
96.64,-735.2065,-654.4038,-0.6987,-728.4625,-660.0275,2.4465
96.68,-735.2524,-654.3652,-0.6987,-728.5086,-659.989,2.4465
96.72,-735.2984,-654.3267,-0.6987,-728.5547,-659.9506,2.4465
96.76,-735.3443,-654.2881,-0.6987,-728.6008,-659.9122,2.4465
96.8,-735.3903,-654.2495,-0.6987,-728.6469,-659.8738,2.4464
96.84,-735.4362,-654.2109,-0.6987,-728.6929,-659.8353,2.4464
96.88,-735.4821,-654.1723,-0.6987,-728.739,-659.7969,2.4464
96.92,-735.5281,-654.1337,-0.6987,-728.7851,-659.7585,2.4464
96.96,-735.574,-654.0951,-0.6987,-728.8312,-659.72,2.4463
97.0,-735.62,-654.0565,-0.6987,-728.8772,-659.6816,2.4463
97.04,-735.6659,-654.0179,-0.6987,-728.9233,-659.6432,2.4463
97.08,-735.7118,-653.9793,-0.6987,-728.9694,-659.6047,2.4463
97.12,-735.7578,-653.9407,-0.6987,-729.0155,-659.5663,2.4462
97.16,-735.8037,-653.9021,-0.6987,-729.0615,-659.5278,2.4462
97.2,-735.8497,-653.8635,-0.6987,-729.1076,-659.4894,2.4462
97.24,-735.8956,-653.8249,-0.6987,-729.1537,-659.451,2.4462
97.28,-735.9415,-653.7863,-0.6987,-729.1997,-659.4125,2.4462
97.32,-735.9875,-653.7477,-0.6987,-729.2458,-659.3741,2.4461
97.36,-736.0334,-653.7091,-0.6987,-729.2919,-659.3356,2.4461
97.4,-736.0794,-653.6705,-0.6987,-729.3379,-659.2972,2.4461
97.44,-736.1253,-653.632,-0.6987,-729.384,-659.2587,2.4461
97.48,-736.1712,-653.5934,-0.6987,-729.43,-659.2203,2.446
97.52,-736.2172,-653.5548,-0.6987,-729.4761,-659.1818,2.446
97.56,-736.2631,-653.5162,-0.6987,-729.5222,-659.1434,2.446
97.6,-736.3091,-653.4776,-0.6987,-729.5682,-659.1049,2.446
97.64,-736.355,-653.439,-0.6987,-729.6143,-659.0665,2.446
97.68,-736.4009,-653.4004,-0.6987,-729.6603,-659.028,2.4459
97.72,-736.4469,-653.3618,-0.6987,-729.7064,-658.9896,2.4459
97.76,-736.4928,-653.3232,-0.6987,-729.7525,-658.9511,2.4459
97.8,-736.5388,-653.2846,-0.6987,-729.7985,-658.9127,2.4459
97.84,-736.5847,-653.246,-0.6987,-729.8446,-658.8742,2.4459
97.88,-736.6306,-653.2074,-0.6987,-729.8906,-658.8358,2.4458
97.92,-736.6766,-653.1688,-0.6987,-729.9367,-658.7973,2.4458
97.96,-736.7225,-653.1302,-0.6987,-729.9827,-658.7588,2.4458
98.0,-736.7685,-653.0916,-0.6987,-730.0288,-658.7204,2.4458
98.04,-736.8144,-653.053,-0.6987,-730.0748,-658.6819,2.4458
98.08,-736.8603,-653.0144,-0.6987,-730.1209,-658.6435,2.4457
98.12,-736.9063,-652.9758,-0.6987,-730.1669,-658.605,2.4457
98.16,-736.9522,-652.9373,-0.6987,-730.213,-658.5665,2.4457
98.2,-736.9982,-652.8987,-0.6987,-730.259,-658.5281,2.4457
98.24,-737.0441,-652.8601,-0.6987,-730.3051,-658.4896,2.4457
98.28,-737.09,-652.8215,-0.6987,-730.3511,-658.4511,2.4456
98.32,-737.136,-652.7829,-0.6987,-730.3972,-658.4127,2.4456
98.36,-737.1819,-652.7443,-0.6987,-730.4432,-658.3742,2.4456
98.4,-737.2279,-652.7057,-0.6987,-730.4893,-658.3357,2.4456
98.44,-737.2738,-652.6671,-0.6987,-730.5353,-658.2973,2.4456
98.48,-737.3197,-652.6285,-0.6987,-730.5814,-658.2588,2.4455
98.52,-737.3657,-652.5899,-0.6987,-730.6274,-658.2203,2.4455
98.56,-737.4116,-652.5513,-0.6987,-730.6734,-658.1819,2.4455
98.6,-737.4576,-652.5127,-0.6987,-730.7195,-658.1434,2.4455
98.64,-737.5035,-652.4741,-0.6987,-730.7655,-658.1049,2.4455
98.68,-737.5494,-652.4355,-0.6987,-730.8116,-658.0664,2.4455
98.72,-737.5954,-652.3969,-0.6987,-730.8576,-658.028,2.4454
98.76,-737.6413,-652.3583,-0.6987,-730.9036,-657.9895,2.4454
98.8,-737.6873,-652.3197,-0.6987,-730.9497,-657.951,2.4454
98.84,-737.7332,-652.2812,-0.6987,-730.9957,-657.9125,2.4454
98.88,-737.7791,-652.2426,-0.6987,-731.0418,-657.874,2.4454
98.92,-737.8251,-652.204,-0.6987,-731.0878,-657.8356,2.4453
98.96,-737.871,-652.1654,-0.6987,-731.1338,-657.7971,2.4453
99.0,-737.917,-652.1268,-0.6987,-731.1799,-657.7586,2.4453
99.04,-737.9629,-652.0882,-0.6987,-731.2259,-657.7201,2.4453
99.08,-738.0088,-652.0496,-0.6987,-731.2719,-657.6816,2.4453
99.12,-738.0548,-652.011,-0.6987,-731.318,-657.6432,2.4453
99.16,-738.1007,-651.9724,-0.6987,-731.364,-657.6047,2.4452
99.2,-738.1467,-651.9338,-0.6987,-731.41,-657.5662,2.4452
99.24,-738.1926,-651.8952,-0.6987,-731.4561,-657.5277,2.4452
99.28,-738.2385,-651.8566,-0.6987,-731.5021,-657.4892,2.4452
99.32,-738.2845,-651.818,-0.6987,-731.5481,-657.4507,2.4452
99.36,-738.3304,-651.7794,-0.6987,-731.5941,-657.4122,2.4452
99.4,-738.3763,-651.7408,-0.6987,-731.6402,-657.3738,2.4452
99.44,-738.4223,-651.7022,-0.6987,-731.6862,-657.3353,2.4451
99.48,-738.4682,-651.6636,-0.6987,-731.7322,-657.2968,2.4451
99.52,-738.5142,-651.625,-0.6987,-731.7783,-657.2583,2.4451
99.56,-738.5601,-651.5865,-0.6987,-731.8243,-657.2198,2.4451
99.6,-738.606,-651.5479,-0.6987,-731.8703,-657.1813,2.4451
99.64,-738.652,-651.5093,-0.6987,-731.9163,-657.1428,2.4451
99.68,-738.6979,-651.4707,-0.6987,-731.9624,-657.1043,2.445
99.72,-738.7439,-651.4321,-0.6987,-732.0084,-657.0658,2.445
99.76,-738.7898,-651.3935,-0.6987,-732.0544,-657.0273,2.445
99.8,-738.8357,-651.3549,-0.6987,-732.1004,-656.9888,2.445
99.84,-738.8817,-651.3163,-0.6987,-732.1464,-656.9503,2.445
99.88,-738.9276,-651.2777,-0.6987,-732.1925,-656.9118,2.445
99.92,-738.9736,-651.2391,-0.6987,-732.2385,-656.8733,2.445
99.96,-739.0195,-651.2005,-0.6987,-732.2845,-656.8348,2.4449
100.0,-739.0654,-651.1619,-0.6987,-732.3305,-656.7963,2.4449
100.04,-739.1114,-651.1233,-0.6987,-732.3765,-656.7578,2.4449
100.08,-739.1573,-651.0847,-0.6987,-732.4226,-656.7193,2.4449
100.12,-739.2033,-651.0461,-0.6987,-732.4686,-656.6808,2.4449
100.16,-739.2492,-651.0075,-0.6987,-732.5146,-656.6423,2.4449
100.2,-739.2951,-650.9689,-0.6987,-732.5606,-656.6038,2.4449
100.24,-739.3411,-650.9303,-0.6987,-732.6066,-656.5653,2.4448
100.28,-739.387,-650.8918,-0.6987,-732.6526,-656.5268,2.4448
100.32,-739.433,-650.8532,-0.6987,-732.6987,-656.4883,2.4448
100.36,-739.4789,-650.8146,-0.6987,-732.7447,-656.4498,2.4448
100.4,-739.5248,-650.776,-0.6987,-732.7907,-656.4113,2.4448
100.44,-739.5708,-650.7374,-0.6987,-732.8367,-656.3728,2.4448
100.48,-739.6167,-650.6988,-0.6987,-732.8827,-656.3343,2.4448
100.52,-739.6627,-650.6602,-0.6987,-732.9287,-656.2958,2.4448
100.56,-739.7086,-650.6216,-0.6987,-732.9747,-656.2573,2.4447
100.6,-739.7545,-650.583,-0.6987,-733.0208,-656.2188,2.4447
100.64,-739.8005,-650.5444,-0.6987,-733.0668,-656.1803,2.4447
100.68,-739.8464,-650.5058,-0.6987,-733.1128,-656.1418,2.4447
100.72,-739.8924,-650.4672,-0.6987,-733.1588,-656.1033,2.4447
100.76,-739.9383,-650.4286,-0.6987,-733.2048,-656.0647,2.4447
100.8,-739.9842,-650.39,-0.6987,-733.2508,-656.0262,2.4447
100.84,-740.0302,-650.3514,-0.6987,-733.2968,-655.9877,2.4447
100.88,-740.0761,-650.3128,-0.6987,-733.3428,-655.9492,2.4446
100.92,-740.1221,-650.2742,-0.6987,-733.3888,-655.9107,2.4446
100.96,-740.168,-650.2356,-0.6987,-733.4348,-655.8722,2.4446
101.0,-740.2139,-650.1971,-0.6987,-733.4809,-655.8337,2.4446
101.04,-740.2599,-650.1585,-0.6987,-733.5269,-655.7952,2.4446
101.08,-740.3058,-650.1199,-0.6987,-733.5729,-655.7566,2.4446
101.12,-740.3518,-650.0813,-0.6987,-733.6189,-655.7181,2.4446
101.16,-740.3977,-650.0427,-0.6987,-733.6649,-655.6796,2.4446
101.2,-740.4436,-650.0041,-0.6987,-733.7109,-655.6411,2.4445
101.24,-740.4896,-649.9655,-0.6987,-733.7569,-655.6026,2.4445
101.28,-740.5355,-649.9269,-0.6987,-733.8029,-655.5641,2.4445
101.32,-740.5815,-649.8883,-0.6987,-733.8489,-655.5255,2.4445
101.36,-740.6274,-649.8497,-0.6987,-733.8949,-655.487,2.4445
101.4,-740.6733,-649.8111,-0.6987,-733.9409,-655.4485,2.4445
101.44,-740.7193,-649.7725,-0.6987,-733.9869,-655.41,2.4445
101.48,-740.7652,-649.7339,-0.6987,-734.0329,-655.3715,2.4445
101.52,-740.8112,-649.6953,-0.6987,-734.0789,-655.3329,2.4445
101.56,-740.8571,-649.6567,-0.6987,-734.1249,-655.2944,2.4444
101.6,-740.903,-649.6181,-0.6987,-734.1709,-655.2559,2.4444
101.64,-740.949,-649.5795,-0.6987,-734.2169,-655.2174,2.4444
101.68,-740.9949,-649.5409,-0.6987,-734.2629,-655.1788,2.4444
101.72,-741.0409,-649.5024,-0.6987,-734.3089,-655.1403,2.4444
101.76,-741.0868,-649.4638,-0.6987,-734.3549,-655.1018,2.4444
101.8,-741.1327,-649.4252,-0.6987,-734.4009,-655.0633,2.4444
101.84,-741.1787,-649.3866,-0.6987,-734.4469,-655.0248,2.4444
101.88,-741.2246,-649.348,-0.6987,-734.4929,-654.9862,2.4444
101.92,-741.2706,-649.3094,-0.6987,-734.5389,-654.9477,2.4444
101.96,-741.3165,-649.2708,-0.6987,-734.5849,-654.9092,2.4443
102.0,-741.3624,-649.2322,-0.6987,-734.6309,-654.8706,2.4443
102.04,-741.4084,-649.1936,-0.6987,-734.6769,-654.8321,2.4443
102.08,-741.4543,-649.155,-0.6987,-734.7229,-654.7936,2.4443
102.12,-741.5003,-649.1164,-0.6987,-734.7689,-654.7551,2.4443
102.16,-741.5462,-649.0778,-0.6987,-734.8149,-654.7165,2.4443
102.2,-741.5921,-649.0392,-0.6987,-734.8609,-654.678,2.4443
102.24,-741.6381,-649.0006,-0.6987,-734.9069,-654.6395,2.4443
102.28,-741.684,-648.962,-0.6987,-734.9529,-654.6009,2.4443
102.32,-741.73,-648.9234,-0.6987,-734.9988,-654.5624,2.4443
102.36,-741.7759,-648.8848,-0.6987,-735.0448,-654.5239,2.4442
102.4,-741.8218,-648.8463,-0.6987,-735.0908,-654.4854,2.4442
102.44,-741.8678,-648.8077,-0.6987,-735.1368,-654.4468,2.4442
102.48,-741.9137,-648.7691,-0.6987,-735.1828,-654.4083,2.4442
102.52,-741.9597,-648.7305,-0.6987,-735.2288,-654.3698,2.4442
102.56,-742.0056,-648.6919,-0.6987,-735.2748,-654.3312,2.4442
102.6,-742.0515,-648.6533,-0.6987,-735.3208,-654.2927,2.4442
102.64,-742.0975,-648.6147,-0.6987,-735.3668,-654.2542,2.4442
102.68,-742.1434,-648.5761,-0.6987,-735.4128,-654.2156,2.4442
102.72,-742.1894,-648.5375,-0.6987,-735.4588,-654.1771,2.4442
102.76,-742.2353,-648.4989,-0.6987,-735.5048,-654.1386,2.4442
102.8,-742.2812,-648.4603,-0.6987,-735.5507,-654.1,2.4441
102.84,-742.3272,-648.4217,-0.6987,-735.5967,-654.0615,2.4441
102.88,-742.3731,-648.3831,-0.6987,-735.6427,-654.0229,2.4441
102.92,-742.4191,-648.3445,-0.6987,-735.6887,-653.9844,2.4441
102.96,-742.465,-648.3059,-0.6987,-735.7347,-653.9459,2.4441
103.0,-742.5109,-648.2673,-0.6987,-735.7807,-653.9073,2.4441
103.04,-742.5569,-648.2287,-0.6987,-735.8267,-653.8688,2.4441
103.08,-742.6028,-648.1901,-0.6987,-735.8727,-653.8303,2.4441
103.12,-742.6488,-648.1516,-0.6987,-735.9186,-653.7917,2.4441
103.16,-742.6947,-648.113,-0.6987,-735.9646,-653.7532,2.4441
103.2,-742.7406,-648.0744,-0.6987,-736.0106,-653.7146,2.4441
103.24,-742.7866,-648.0358,-0.6987,-736.0566,-653.6761,2.4441
103.28,-742.8325,-647.9972,-0.6987,-736.1026,-653.6376,2.444
103.32,-742.8785,-647.9586,-0.6987,-736.1486,-653.599,2.444
103.36,-742.9244,-647.92,-0.6987,-736.1946,-653.5605,2.444
103.4,-742.9703,-647.8814,-0.6987,-736.2405,-653.5219,2.444
103.44,-743.0163,-647.8428,-0.6987,-736.2865,-653.4834,2.444
103.48,-743.0622,-647.8042,-0.6987,-736.3325,-653.4449,2.444
103.52,-743.1082,-647.7656,-0.6987,-736.3785,-653.4063,2.444
103.56,-743.1541,-647.727,-0.6987,-736.4245,-653.3678,2.444
103.6,-743.2,-647.6884,-0.6987,-736.4705,-653.3292,2.444
103.64,-743.246,-647.6498,-0.6987,-736.5164,-653.2907,2.444
103.68,-743.2919,-647.6112,-0.6987,-736.5624,-653.2521,2.444
103.72,-743.3379,-647.5726,-0.6987,-736.6084,-653.2136,2.444
103.76,-743.3838,-647.534,-0.6987,-736.6544,-653.1751,2.444
103.8,-743.4297,-647.4954,-0.6987,-736.7004,-653.1365,2.4439
103.84,-743.4757,-647.4569,-0.6987,-736.7464,-653.098,2.4439
103.88,-743.5216,-647.4183,-0.6987,-736.7923,-653.0594,2.4439
103.92,-743.5676,-647.3797,-0.6987,-736.8383,-653.0209,2.4439
103.96,-743.6135,-647.3411,-0.6987,-736.8843,-652.9823,2.4439
104.0,-743.6594,-647.3025,-0.6987,-736.9303,-652.9438,2.4439
104.04,-743.7054,-647.2639,-0.6987,-736.9763,-652.9052,2.4439
104.08,-743.7513,-647.2253,-0.6987,-737.0222,-652.8667,2.4439
104.12,-743.7973,-647.1867,-0.6987,-737.0682,-652.8281,2.4439
104.16,-743.8432,-647.1481,-0.6987,-737.1142,-652.7896,2.4439
104.2,-743.8891,-647.1095,-0.6987,-737.1602,-652.751,2.4439
104.24,-743.9351,-647.0709,-0.6987,-737.2062,-652.7125,2.4439
104.28,-743.981,-647.0323,-0.6987,-737.2521,-652.674,2.4439
104.32,-744.027,-646.9937,-0.6987,-737.2981,-652.6354,2.4439
104.36,-744.0729,-646.9551,-0.6987,-737.3441,-652.5969,2.4438
104.4,-744.1188,-646.9165,-0.6987,-737.3901,-652.5583,2.4438
104.44,-744.1648,-646.8779,-0.6987,-737.436,-652.5198,2.4438
104.48,-744.2107,-646.8393,-0.6987,-737.482,-652.4812,2.4438
104.52,-744.2567,-646.8007,-0.6987,-737.528,-652.4427,2.4438
104.56,-744.3026,-646.7622,-0.6987,-737.574,-652.4041,2.4438
104.6,-744.3485,-646.7236,-0.6987,-737.6199,-652.3656,2.4438
104.64,-744.3945,-646.685,-0.6987,-737.6659,-652.327,2.4438
104.68,-744.4404,-646.6464,-0.6987,-737.7119,-652.2884,2.4438
104.72,-744.4864,-646.6078,-0.6987,-737.7579,-652.2499,2.4438
104.76,-744.5323,-646.5692,-0.6987,-737.8039,-652.2113,2.4438
104.8,-744.5782,-646.5306,-0.6987,-737.8498,-652.1728,2.4438
104.84,-744.6242,-646.492,-0.6987,-737.8958,-652.1342,2.4438
104.88,-744.6701,-646.4534,-0.6987,-737.9418,-652.0957,2.4438
104.92,-744.7161,-646.4148,-0.6987,-737.9877,-652.0571,2.4438
104.96,-744.762,-646.3762,-0.6987,-738.0337,-652.0186,2.4438
