Time,X,Y,Yaw,Hitch_Angle
0.0,0.0,0.0,-1.57,0.0
0.04,-4.77796026439958e-05,0.05999998097591008,-1.57,0.0
0.08,-9.55592052879916e-05,0.11999996195182017,-1.57,0.0
0.12,-0.0001433388079319874,0.17999994292773025,-1.57,0.0
0.16,-0.0001911184105759832,0.23999992390364033,-1.57,0.0
0.2,-0.00023889801321997901,0.2999999048795504,-1.57,0.0
0.24,-0.00028667761586397483,0.3599998858554605,-1.57,0.0
0.28,-0.00033445721850797064,0.4199998668313706,-1.57,0.0
0.32,-0.00038223682115196646,0.47999984780728067,-1.57,0.0
0.36,-0.00043001642379596227,0.5399998287831907,-1.57,0.0
0.4,-0.0004777960264399581,0.5999998097591008,-1.57,0.0
0.44,-0.0005255756290839539,0.6599997907350109,-1.57,0.0
0.48,-0.0005733552317279497,0.719999771710921,-1.57,0.0
0.52,-0.0006211348343719454,0.7799997526868311,-1.57,0.0
0.56,-0.0006689144370159412,0.8399997336627412,-1.57,0.0
0.6,-0.0007166940396599369,0.8999997146386512,-1.57,0.0
0.64,-0.0007644736423039327,0.9599996956145613,-1.57,0.0
0.68,-0.0008122532449479285,1.0199996765904715,-1.57,0.0
0.72,-0.0008600328475919242,1.0799996575663817,-1.57,0.0
0.76,-0.00090781245023592,1.139999638542292,-1.57,0.0
0.8,-0.0009555920528799157,1.199999619518202,-1.57,0.0
0.84,-0.0010033716555239115,1.2599996004941123,-1.57,0.0
0.88,-0.0010511512581679074,1.3199995814700225,-1.57,0.0
0.92,-0.0010989308608119032,1.3799995624459327,-1.57,0.0
0.96,-0.001146710463455899,1.4399995434218429,-1.57,0.0
1.0,-0.001194490066099895,1.499999524397753,-1.57,0.0
1.04,-0.0012422696687438908,1.5599995053736633,-1.57,0.0
1.08,-0.0012900492713878867,1.6199994863495735,-1.57,0.0
1.12,-0.0013378288740318826,1.6799994673254837,-1.57,0.0
1.16,-0.0013856084766758784,1.7399994483013939,-1.57,0.0
1.2,-0.0014333880793198743,1.799999429277304,-1.57,0.0
1.24,-0.0014811676819638702,1.8599994102532142,-1.57,0.0
1.28,-0.001528947284607866,1.9199993912291244,-1.57,0.0
1.32,-0.001576726887251862,1.9799993722050346,-1.57,0.0
1.36,-0.0016245064898958578,2.039999353180945,-1.57,0.0
1.4000000000000001,-0.0016722860925398536,2.099999334156855,-1.57,0.0
1.44,-0.0017200656951838495,2.159999315132765,-1.57,0.0
1.48,-0.0017678452978278454,2.2199992961086754,-1.57,0.0
1.52,-0.0018156249004718412,2.2799992770845856,-1.57,0.0
1.56,-0.0018634045031158371,2.339999258060496,-1.57,0.0
1.6,-0.001911184105759833,2.399999239036406,-1.57,0.0
1.6400000000000001,-0.001958963708403829,2.459999220012316,-1.57,0.0
1.68,-0.0020067433110478247,2.5199992009882264,-1.57,0.0
1.72,-0.0020545229136918206,2.5799991819641366,-1.57,0.0
1.76,-0.0021023025163358165,2.6399991629400468,-1.57,0.0
1.8,-0.0021500821189798123,2.699999143915957,-1.57,0.0
1.84,-0.002197861721623808,2.759999124891867,-1.57,0.0
1.8800000000000001,-0.002245641324267804,2.8199991058677774,-1.57,0.0
1.92,-0.0022934209269118,2.8799990868436876,-1.57,0.0
1.96,-0.002341200529555796,2.9399990678195977,-1.57,0.0
2.0,-0.0023889801321997917,2.999999048795508,-1.57,0.0
2.04,-0.0024367597348437875,3.059999029771418,-1.57,0.0
2.08,-0.0024845393374877834,3.1199990107473283,-1.57,0.0
2.12,-0.0025323189401317793,3.1799989917232385,-1.57,0.0
2.16,-0.002580098542775775,3.2399989726991487,-1.57,0.0
2.2,-0.002627878145419771,3.299998953675059,-1.57,0.0
2.24,-0.002675657748063767,3.359998934650969,-1.57,0.0
2.2800000000000002,-0.0027234373507077627,3.4199989156268793,-1.57,0.0
2.32,-0.0027712169533517586,3.4799988966027895,-1.57,0.0
2.36,-0.0028189965559957545,3.5399988775786997,-1.57,0.0
2.4,-0.0028667761586397503,3.59999885855461,-1.57,0.0
2.44,-0.002914555761283746,3.65999883953052,-1.57,0.0
2.48,-0.002962335363927742,3.7199988205064303,-1.57,0.0
2.52,-0.003010114966571738,3.7799988014823405,-1.57,0.0
2.56,-0.003057894569215734,3.8399987824582507,-1.57,0.0
2.6,-0.0031056741718597297,3.899998763434161,-1.57,0.0
2.64,-0.0031534537745037255,3.959998744410071,-1.57,0.0
2.68,-0.0032012333771477214,4.019998725385981,-1.57,0.0
2.72,-0.0032490129797917173,4.0799987063618905,-1.57,0.0
2.7600000000000002,-0.003296792582435713,4.1399986873378,-1.57,0.0
2.8000000000000003,-0.003344572185079709,4.19999866831371,-1.57,0.0
2.84,-0.003392351787723705,4.25999864928962,-1.57,0.0
2.88,-0.0034401313903677008,4.3199986302655295,-1.57,0.0
2.92,-0.0034879109930116966,4.379998611241439,-1.57,0.0
2.96,-0.0035356905956556925,4.439998592217349,-1.57,0.0
3.0,-0.0035834701982996884,4.499998573193259,-1.57,0.0
3.04,-0.0036312498009436842,4.5599985541691685,-1.57,0.0
3.08,-0.00367902940358768,4.619998535145078,-1.57,0.0
3.12,-0.003726809006231676,4.679998516120988,-1.57,0.0
3.16,-0.003774588608875672,4.739998497096898,-1.57,0.0
3.2,-0.0038223682115196677,4.7999984780728076,-1.57,0.0
3.24,-0.0038701478141636636,4.859998459048717,-1.57,0.0
3.2800000000000002,-0.0039179274168076594,4.919998440024627,-1.57,0.0
3.3200000000000003,-0.003965707019451655,4.979998421000537,-1.57,0.0
3.36,-0.004013486622095651,5.0399984019764466,-1.57,0.0
3.4,-0.004061266224739647,5.099998382952356,-1.57,0.0
3.44,-0.004109045827383643,5.159998363928266,-1.57,0.0
3.48,-0.004156825430027639,5.219998344904176,-1.57,0.0
3.52,-0.004204605032671635,5.2799983258800856,-1.57,0.0
3.56,-0.0042523846353156305,5.339998306855995,-1.57,0.0
3.6,-0.004300164237959626,5.399998287831905,-1.57,0.0
3.64,-0.004347943840603622,5.459998268807815,-1.57,0.0
3.68,-0.004395723443247618,5.5199982497837246,-1.57,0.0
3.72,-0.004443503045891614,5.579998230759634,-1.57,0.0
3.7600000000000002,-0.00449128264853561,5.639998211735544,-1.57,0.0
3.8000000000000003,-0.004539062251179606,5.699998192711454,-1.57,0.0
3.84,-0.004586841853823602,5.7599981736873636,-1.57,0.0
3.88,-0.0046346214564675975,5.819998154663273,-1.57,0.0
3.92,-0.004682401059111593,5.879998135639183,-1.57,0.0
3.96,-0.004730180661755589,5.939998116615093,-1.57,0.0
4.0,-0.004777960264399585,5.9999980975910026,-1.57,0.0
4.04,-0.004825739867043581,6.059998078566912,-1.57,0.0
4.08,-0.004873519469687577,6.119998059542822,-1.57,0.0
4.12,-0.004921299072331573,6.179998040518732,-1.57,0.0
4.16,-0.0049690786749755685,6.2399980214946416,-1.57,0.0
4.2,-0.005016858277619564,6.299998002470551,-1.57,0.0
4.24,-0.00506463788026356,6.359997983446461,-1.57,0.0
4.28,-0.005112417482907556,6.419997964422371,-1.57,0.0
4.32,-0.005160197085551552,6.479997945398281,-1.57,0.0
4.36,-0.005207976688195548,6.53999792637419,-1.57,0.0
4.4,-0.005255756290839544,6.5999979073501,-1.57,0.0
4.44,-0.00530353589348354,6.65999788832601,-1.57,0.0
4.48,-0.0053513154961275355,6.71999786930192,-1.57,0.0
4.5200000000000005,-0.005399095098771531,6.779997850277829,-1.57,0.0
4.5600000000000005,-0.005446874701415527,6.839997831253739,-1.57,0.0
4.6000000000000005,-0.005494654304059523,6.899997812229649,-1.57,0.0
4.64,-0.005542433906703519,6.959997793205559,-1.57,0.0
4.68,-0.005590213509347515,7.019997774181468,-1.57,0.0
4.72,-0.005637993111991511,7.079997755157378,-1.57,0.0
4.76,-0.0056857727146355065,7.139997736133288,-1.57,0.0
4.8,-0.005733552317279502,7.199997717109198,-1.57,0.0
4.84,-0.005781331919923498,7.259997698085107,-1.57,0.0
4.88,-0.005829111522567494,7.319997679061017,-1.57,0.0
4.92,-0.00587689112521149,7.379997660036927,-1.57,0.0
4.96,-0.005924670727855486,7.439997641012837,-1.57,0.0
5.0,-0.005972450330499482,7.499997621988746,-1.57,0.0
5.04,-0.006020229933143478,7.559997602964656,-1.57,0.0
5.08,-0.0060680095357874735,7.619997583940566,-1.57,0.0
5.12,-0.006115789138431469,7.679997564916476,-1.57,0.0
5.16,-0.006163568741075465,7.739997545892385,-1.57,0.0
5.2,-0.006211348343719461,7.799997526868295,-1.57,0.0
5.24,-0.006259127946363457,7.859997507844205,-1.57,0.0
5.28,-0.006306907549007453,7.919997488820115,-1.57,0.0
5.32,-0.006354687151651449,7.979997469796024,-1.57,0.0
5.36,-0.006402466754295445,8.039997450771935,-1.57,0.0
5.4,-0.0064502463569394404,8.099997431747845,-1.57,0.0
5.44,-0.006498025959583436,8.159997412723754,-1.57,0.0
5.48,-0.006545805562227432,8.219997393699664,-1.57,0.0
5.5200000000000005,-0.006593585164871428,8.279997374675574,-1.57,0.0
5.5600000000000005,-0.006641364767515424,8.339997355651484,-1.57,0.0
5.6000000000000005,-0.00668914437015942,8.399997336627393,-1.57,0.0
5.64,-0.006736923972803416,8.459997317603303,-1.57,0.0
5.68,-0.0067847035754474115,8.519997298579213,-1.57,0.0
5.72,-0.006832483178091407,8.579997279555123,-1.57,0.0
5.76,-0.006880262780735403,8.639997260531032,-1.57,0.0
5.8,-0.006928042383379399,8.699997241506942,-1.57,0.0
5.84,-0.006975821986023395,8.759997222482852,-1.57,0.0
5.88,-0.007023601588667391,8.819997203458762,-1.57,0.0
5.92,-0.007071381191311387,8.879997184434671,-1.57,0.0
5.96,-0.007119160793955383,8.939997165410581,-1.57,0.0
6.0,-0.0071669403965993785,8.999997146386491,-1.57,0.0
6.04,-0.007214719999243374,9.0599971273624,-1.57,0.0
6.08,-0.00726249960188737,9.11999710833831,-1.57,0.0
6.12,-0.007310279204531366,9.17999708931422,-1.57,0.0
6.16,-0.007358058807175362,9.23999707029013,-1.57,0.0
6.2,-0.007405838409819358,9.29999705126604,-1.57,0.0
6.24,-0.007453618012463354,9.35999703224195,-1.57,0.0
6.28,-0.0075013976151073495,9.41999701321786,-1.57,0.0
6.32,-0.007549177217751345,9.479996994193769,-1.57,0.0
6.36,-0.007596956820395341,9.539996975169679,-1.57,0.0
6.4,-0.007644736423039337,9.599996956145588,-1.57,0.0
6.44,-0.007692516025683333,9.659996937121498,-1.57,0.0
6.48,-0.007740295628327329,9.719996918097408,-1.57,0.0
6.5200000000000005,-0.007788075230971325,9.779996899073318,-1.57,0.0
6.5600000000000005,-0.00783585483361532,9.839996880049227,-1.57,0.0
6.6000000000000005,-0.007883634436259316,9.899996861025137,-1.57,0.0
6.640000000000001,-0.00793141403890331,9.959996842001047,-1.57,0.0
6.68,-0.007979193641547306,10.019996822976957,-1.57,0.0
6.72,-0.0080269732441913,10.079996803952866,-1.57,0.0
6.76,-0.008074752846835296,10.139996784928776,-1.57,0.0
6.8,-0.00812253244947929,10.199996765904686,-1.57,0.0
6.84,-0.008170312052123286,10.259996746880596,-1.57,0.0
6.88,-0.00821809165476728,10.319996727856505,-1.57,0.0
6.92,-0.008265871257411276,10.379996708832415,-1.57,0.0
6.96,-0.00831365086005527,10.439996689808325,-1.57,0.0
7.0,-0.008361430462699266,10.499996670784235,-1.57,0.0
7.04,-0.00840921006534326,10.559996651760144,-1.57,0.0
7.08,-0.008456989667987256,10.619996632736054,-1.57,0.0
7.12,-0.00850476927063125,10.679996613711964,-1.57,0.0
7.16,-0.008552548873275246,10.739996594687874,-1.57,0.0
7.2,-0.00860032847591924,10.799996575663783,-1.57,0.0
7.24,-0.008648108078563236,10.859996556639693,-1.57,0.0
7.28,-0.00869588768120723,10.919996537615603,-1.57,0.0
7.32,-0.008743667283851226,10.979996518591513,-1.57,0.0
7.36,-0.00879144688649522,11.039996499567422,-1.57,0.0
7.4,-0.008839226489139216,11.099996480543332,-1.57,0.0
7.44,-0.00888700609178321,11.159996461519242,-1.57,0.0
7.48,-0.008934785694427206,11.219996442495152,-1.57,0.0
7.5200000000000005,-0.0089825652970712,11.279996423471061,-1.57,0.0
7.5600000000000005,-0.009030344899715196,11.339996404446971,-1.57,0.0
7.6000000000000005,-0.00907812450235919,11.399996385422881,-1.57,0.0
7.640000000000001,-0.009125904105003186,11.45999636639879,-1.57,0.0
7.68,-0.00917368370764718,11.5199963473747,-1.57,0.0
7.72,-0.009221463310291176,11.57999632835061,-1.57,0.0
7.76,-0.00926924291293517,11.63999630932652,-1.57,0.0
7.8,-0.009317022515579166,11.69999629030243,-1.57,0.0
7.84,-0.00936480211822316,11.75999627127834,-1.57,0.0
7.88,-0.009412581720867156,11.81999625225425,-1.57,0.0
7.92,-0.00946036132351115,11.879996233230159,-1.57,0.0
7.96,-0.009508140926155146,11.939996214206069,-1.57,0.0
8.0,-0.00955592052879914,11.999996195181978,-1.57,0.0
8.040000000000001,-0.009603700131443136,12.059996176157888,-1.57,0.0
8.08,-0.00965147973408713,12.119996157133798,-1.57,0.0
8.120000000000001,-0.009699259336731126,12.179996138109708,-1.57,0.0
8.16,-0.00974703893937512,12.239996119085617,-1.57,0.0
8.2,-0.009794818542019116,12.299996100061527,-1.57,0.0
8.24,-0.00984259814466311,12.359996081037437,-1.57,0.0
8.28,-0.009890377747307106,12.419996062013347,-1.57,0.0
8.32,-0.0099381573499511,12.479996042989256,-1.57,0.0
8.36,-0.009985936952595096,12.539996023965166,-1.57,0.0
8.4,-0.01003371655523909,12.599996004941076,-1.57,0.0
8.44,-0.010081496157883086,12.659995985916986,-1.57,0.0
8.48,-0.01012927576052708,12.719995966892895,-1.57,0.0
8.52,-0.010177055363171076,12.779995947868805,-1.57,0.0
8.56,-0.01022483496581507,12.839995928844715,-1.57,0.0
8.6,-0.010272614568459066,12.899995909820625,-1.57,0.0
8.64,-0.01032039417110306,12.959995890796534,-1.57,0.0
8.68,-0.010368173773747056,13.019995871772444,-1.57,0.0
8.72,-0.01041595337639105,13.079995852748354,-1.57,0.0
8.76,-0.010463732979035046,13.139995833724264,-1.57,0.0
8.8,-0.01051151258167904,13.199995814700173,-1.57,0.0
8.84,-0.010559292184323036,13.259995795676083,-1.57,0.0
8.88,-0.01060707178696703,13.319995776651993,-1.57,0.0
8.92,-0.010654851389611026,13.379995757627903,-1.57,0.0
8.96,-0.01070263099225502,13.439995738603812,-1.57,0.0
9.0,-0.010750410594899016,13.499995719579722,-1.57,0.0
9.040000000000001,-0.01079819019754301,13.559995700555632,-1.57,0.0
9.08,-0.010845969800187006,13.619995681531542,-1.57,0.0
9.120000000000001,-0.010893749402831,13.679995662507451,-1.57,0.0
9.16,-0.010941529005474996,13.739995643483361,-1.57,0.0
9.200000000000001,-0.01098930860811899,13.799995624459271,-1.57,0.0
9.24,-0.011037088210762986,13.85999560543518,-1.57,0.0
9.28,-0.01108486781340698,13.91999558641109,-1.57,0.0
9.32,-0.011132647416050976,13.979995567387,-1.57,0.0
9.36,-0.01118042701869497,14.03999554836291,-1.57,0.0
9.4,-0.011228206621338966,14.09999552933882,-1.57,0.0
9.44,-0.01127598622398296,14.15999551031473,-1.57,0.0
9.48,-0.011323765826626956,14.21999549129064,-1.57,0.0
9.52,-0.01137154542927095,14.279995472266549,-1.57,0.0
9.56,-0.011419325031914946,14.339995453242459,-1.57,0.0
9.6,-0.01146710463455894,14.399995434218368,-1.57,0.0
9.64,-0.011514884237202936,14.459995415194278,-1.57,0.0
9.68,-0.01156266383984693,14.519995396170188,-1.57,0.0
9.72,-0.011610443442490926,14.579995377146098,-1.57,0.0
9.76,-0.01165822304513492,14.639995358122007,-1.57,0.0
9.8,-0.011706002647778916,14.699995339097917,-1.57,0.0
9.84,-0.01175378225042291,14.759995320073827,-1.57,0.0
9.88,-0.011801561853066906,14.819995301049737,-1.57,0.0
9.92,-0.0118493414557109,14.879995282025646,-1.57,0.0
9.96,-0.011897121058354896,14.939995263001556,-1.57,0.0
10.0,-0.01194490066099889,14.999995243977466,-1.57,0.0
10.040000000000001,-0.011992680263642886,15.059995224953376,-1.57,0.0
10.08,-0.01204045986628688,15.119995205929285,-1.57,0.0
10.120000000000001,-0.012088239468930876,15.179995186905195,-1.57,0.0
10.16,-0.01213601907157487,15.239995167881105,-1.57,0.0
10.200000000000001,-0.012183798674218866,15.299995148857015,-1.57,0.0
10.24,-0.01223157827686286,15.359995129832924,-1.57,0.0
10.28,-0.012279357879506856,15.419995110808834,-1.57,0.0
10.32,-0.01232713748215085,15.479995091784744,-1.57,0.0
10.36,-0.012374917084794846,15.539995072760654,-1.57,0.0
10.4,-0.01242269668743884,15.599995053736563,-1.57,0.0
10.44,-0.012470476290082836,15.659995034712473,-1.57,0.0
10.48,-0.01251825589272683,15.719995015688383,-1.57,0.0
10.52,-0.012566035495370826,15.779994996664293,-1.57,0.0
10.56,-0.01261381509801482,15.839994977640202,-1.57,0.0
10.6,-0.012661594700658816,15.899994958616112,-1.57,0.0
10.64,-0.01270937430330281,15.959994939592022,-1.57,0.0
10.68,-0.012757153905946806,16.01999492056793,-1.57,0.0
10.72,-0.0128049335085908,16.07999490154384,-1.57,0.0
10.76,-0.012852713111234796,16.13999488251975,-1.57,0.0
10.8,-0.01290049271387879,16.19999486349566,-1.57,0.0
10.84,-0.012948272316522786,16.25999484447157,-1.57,0.0
10.88,-0.01299605191916678,16.31999482544748,-1.57,0.0
10.92,-0.013043831521810776,16.37999480642339,-1.57,0.0
10.96,-0.01309161112445477,16.4399947873993,-1.57,0.0
11.0,-0.013139390727098766,16.49999476837521,-1.57,0.0
11.040000000000001,-0.01318717032974276,16.55999474935112,-1.57,0.0
11.08,-0.013234949932386756,16.61999473032703,-1.57,0.0
11.120000000000001,-0.01328272953503075,16.67999471130294,-1.57,0.0
11.16,-0.013330509137674746,16.73999469227885,-1.57,0.0
11.200000000000001,-0.01337828874031874,16.79999467325476,-1.57,0.0
11.24,-0.013426068342962736,16.85999465423067,-1.57,0.0
11.28,-0.01347384794560673,16.919994635206578,-1.57,0.0
11.32,-0.013521627548250726,16.979994616182488,-1.57,0.0
11.36,-0.01356940715089472,17.039994597158397,-1.57,0.0
11.4,-0.013617186753538716,17.099994578134307,-1.57,0.0
11.44,-0.01366496635618271,17.159994559110217,-1.57,0.0
11.48,-0.013712745958826706,17.219994540086127,-1.57,0.0
11.52,-0.0137605255614707,17.279994521062036,-1.57,0.0
11.56,-0.013808305164114696,17.339994502037946,-1.57,0.0
11.6,-0.01385608476675869,17.399994483013856,-1.57,0.0
11.64,-0.013903864369402686,17.459994463989766,-1.57,0.0
11.68,-0.01395164397204668,17.519994444965675,-1.57,0.0
11.72,-0.013999423574690676,17.579994425941585,-1.57,0.0
11.76,-0.01404720317733467,17.639994406917495,-1.57,0.0
11.8,-0.014094982779978666,17.699994387893405,-1.57,0.0
11.84,-0.01414276238262266,17.759994368869314,-1.57,0.0
11.88,-0.014190541985266656,17.819994349845224,-1.57,0.0
11.92,-0.01423832158791065,17.879994330821134,-1.57,0.0
11.96,-0.014286101190554646,17.939994311797044,-1.57,0.0
12.0,-0.01433388079319864,17.999994292772953,-1.57,0.0
12.040000000000001,-0.014381660395842636,18.059994273748863,-1.57,0.0
12.08,-0.01442943999848663,18.119994254724773,-1.57,0.0
12.120000000000001,-0.014477219601130626,18.179994235700683,-1.57,0.0
12.16,-0.01452499920377462,18.239994216676592,-1.57,0.0
12.200000000000001,-0.014572778806418616,18.299994197652502,-1.57,0.0
12.24,-0.01462055840906261,18.359994178628412,-1.57,0.0
12.280000000000001,-0.014668338011706606,18.41999415960432,-1.57,0.0
12.32,-0.0147161176143506,18.47999414058023,-1.57,0.0
12.36,-0.014763897216994596,18.53999412155614,-1.57,0.0
12.4,-0.01481167681963859,18.59999410253205,-1.57,0.0
12.44,-0.014859456422282586,18.65999408350796,-1.57,0.0
12.48,-0.01490723602492658,18.71999406448387,-1.57,0.0
12.52,-0.014955015627570576,18.77999404545978,-1.57,0.0
12.56,-0.01500279523021457,18.83999402643569,-1.57,0.0
12.6,-0.015050574832858566,18.8999940074116,-1.57,0.0
12.64,-0.01509835443550256,18.95999398838751,-1.57,0.0
12.68,-0.015146134038146556,19.01999396936342,-1.57,0.0
12.72,-0.01519391364079055,19.07999395033933,-1.57,0.0
12.76,-0.015241693243434546,19.13999393131524,-1.57,0.0
12.8,-0.01528947284607854,19.19999391229115,-1.57,0.0
12.84,-0.015337252448722536,19.25999389326706,-1.57,0.0
12.88,-0.01538503205136653,19.319993874242968,-1.57,0.0
12.92,-0.015432811654010526,19.379993855218878,-1.57,0.0
12.96,-0.01548059125665452,19.439993836194787,-1.57,0.0
13.0,-0.015528370859298516,19.499993817170697,-1.57,0.0
13.040000000000001,-0.01557615046194251,19.559993798146607,-1.57,0.0
13.08,-0.015623930064586506,19.619993779122517,-1.57,0.0
13.120000000000001,-0.015671709667230502,19.679993760098426,-1.57,0.0
13.16,-0.015719489269874497,19.739993741074336,-1.57,0.0
13.200000000000001,-0.015767268872518492,19.799993722050246,-1.57,0.0
13.24,-0.015815048475162487,19.859993703026156,-1.57,0.0
13.280000000000001,-0.015862828077806482,19.919993684002065,-1.57,0.0
13.32,-0.015910607680450477,19.979993664977975,-1.57,0.0
13.36,-0.015958387283094472,20.039993645953885,-1.57,0.0
13.4,-0.016006166885738467,20.099993626929795,-1.57,0.0
13.44,-0.016053946488382462,20.159993607905704,-1.57,0.0
13.48,-0.016101726091026457,20.219993588881614,-1.57,0.0
13.52,-0.016149505693670452,20.279993569857524,-1.57,0.0
13.56,-0.016197285296314447,20.339993550833434,-1.57,0.0
13.6,-0.016245064898958442,20.399993531809343,-1.57,0.0
13.64,-0.016292844501602437,20.459993512785253,-1.57,0.0
13.68,-0.016340624104246432,20.519993493761163,-1.57,0.0
13.72,-0.016388403706890427,20.579993474737073,-1.57,0.0
13.76,-0.016436183309534422,20.639993455712982,-1.57,0.0
13.8,-0.016483962912178417,20.699993436688892,-1.57,0.0
13.84,-0.016531742514822412,20.759993417664802,-1.57,0.0
13.88,-0.016579522117466407,20.81999339864071,-1.57,0.0
13.92,-0.016627301720110402,20.87999337961662,-1.57,0.0
13.96,-0.016675081322754397,20.93999336059253,-1.57,0.0
14.0,-0.016722860925398392,20.99999334156844,-1.57,0.0
14.040000000000001,-0.016770640528042387,21.05999332254435,-1.57,0.0
14.08,-0.016818420130686382,21.11999330352026,-1.57,0.0
14.120000000000001,-0.016866199733330377,21.17999328449617,-1.57,0.0
14.16,-0.016913979335974372,21.23999326547208,-1.57,0.0
14.200000000000001,-0.016961758938618367,21.29999324644799,-1.57,0.0
14.24,-0.017009538541262362,21.3599932274239,-1.57,0.0
14.280000000000001,-0.017057318143906357,21.41999320839981,-1.57,0.0
14.32,-0.017105097746550352,21.47999318937572,-1.57,0.0
14.36,-0.017152877349194347,21.53999317035163,-1.57,0.0
14.4,-0.017200656951838342,21.59999315132754,-1.57,0.0
14.44,-0.017248436554482337,21.65999313230345,-1.57,0.0
14.48,-0.017296216157126332,21.719993113279358,-1.57,0.0
14.52,-0.017343995759770327,21.779993094255268,-1.57,0.0
14.56,-0.017391775362414322,21.839993075231177,-1.57,0.0
14.6,-0.017439554965058317,21.899993056207087,-1.57,0.0
14.64,-0.017487334567702312,21.959993037182997,-1.57,0.0
14.68,-0.017535114170346307,22.019993018158907,-1.57,0.0
14.72,-0.017582893772990302,22.079992999134817,-1.57,0.0
14.76,-0.017630673375634297,22.139992980110726,-1.57,0.0
14.8,-0.017678452978278292,22.199992961086636,-1.57,0.0
14.84,-0.017726232580922287,22.259992942062546,-1.57,0.0
14.88,-0.017774012183566282,22.319992923038456,-1.57,0.0
14.92,-0.017821791786210277,22.379992904014365,-1.57,0.0
14.96,-0.017869571388854272,22.439992884990275,-1.57,0.0
15.0,-0.017917350991498267,22.499992865966185,-1.57,0.0
15.040000000000001,-0.017965130594142262,22.559992846942095,-1.57,0.0
15.08,-0.018012910196786257,22.619992827918004,-1.57,0.0
15.120000000000001,-0.018060689799430252,22.679992808893914,-1.57,0.0
15.16,-0.018108469402074247,22.739992789869824,-1.57,0.0
15.200000000000001,-0.018156249004718242,22.799992770845734,-1.57,0.0
15.24,-0.018204028607362237,22.859992751821643,-1.57,0.0
15.280000000000001,-0.018251808210006232,22.919992732797553,-1.57,0.0
15.32,-0.018299587812650227,22.979992713773463,-1.57,0.0
15.36,-0.018347367415294222,23.039992694749373,-1.57,0.0
15.4,-0.018395147017938217,23.099992675725282,-1.57,0.0
15.44,-0.018442926620582212,23.159992656701192,-1.57,0.0
15.48,-0.018490706223226207,23.2199926376771,-1.57,0.0
15.52,-0.018538485825870202,23.27999261865301,-1.57,0.0
15.56,-0.018586265428514197,23.33999259962892,-1.57,0.0
15.6,-0.018634045031158192,23.39999258060483,-1.57,0.0
15.64,-0.018681824633802187,23.45999256158074,-1.57,0.0
15.68,-0.018729604236446182,23.51999254255665,-1.57,0.0
15.72,-0.018777383839090177,23.57999252353256,-1.57,0.0
15.76,-0.018825163441734172,23.63999250450847,-1.57,0.0
15.8,-0.018872943044378167,23.69999248548438,-1.57,0.0
15.84,-0.018920722647022162,23.75999246646029,-1.57,0.0
15.88,-0.018968502249666157,23.8199924474362,-1.57,0.0
15.92,-0.019016281852310152,23.87999242841211,-1.57,0.0
15.96,-0.019064061454954147,23.93999240938802,-1.57,0.0
16.0,-0.019111841057598142,23.99999239036393,-1.57,0.0
16.04,-0.019159620660242137,24.05999237133984,-1.57,0.0
16.080000000000002,-0.019207400262886132,24.119992352315748,-1.57,0.0
16.12,-0.019255179865530127,24.179992333291658,-1.57,0.0
16.16,-0.019302959468174122,24.239992314267568,-1.57,0.0
16.2,-0.019350739070818117,24.299992295243477,-1.57,0.0
16.240000000000002,-0.019398518673462112,24.359992276219387,-1.57,0.0
16.28,-0.019446298276106107,24.419992257195297,-1.57,0.0
16.32,-0.019494077878750102,24.479992238171207,-1.57,0.0
16.36,-0.019541857481394097,24.539992219147116,-1.57,0.0
16.4,-0.019589637084038092,24.599992200123026,-1.57,0.0
16.44,-0.019637416686682087,24.659992181098936,-1.57,0.0
16.48,-0.019685196289326082,24.719992162074846,-1.57,0.0
16.52,-0.019732975891970077,24.779992143050755,-1.57,0.0
16.56,-0.019780755494614072,24.839992124026665,-1.57,0.0
16.6,-0.019828535097258067,24.899992105002575,-1.57,0.0
16.64,-0.019876314699902062,24.959992085978485,-1.57,0.0
16.68,-0.019924094302546057,25.019992066954394,-1.57,0.0
16.72,-0.019971873905190052,25.079992047930304,-1.57,0.0
16.76,-0.020019653507834047,25.139992028906214,-1.57,0.0
16.8,-0.020067433110478042,25.199992009882124,-1.57,0.0
16.84,-0.020115212713122037,25.259991990858033,-1.57,0.0
16.88,-0.020162992315766032,25.319991971833943,-1.57,0.0
16.92,-0.020210771918410027,25.379991952809853,-1.57,0.0
16.96,-0.020258551521054022,25.439991933785763,-1.57,0.0
17.0,-0.020306331123698017,25.499991914761672,-1.57,0.0
17.04,-0.020354110726342012,25.559991895737582,-1.57,0.0
17.080000000000002,-0.020401890328986007,25.61999187671349,-1.57,0.0
17.12,-0.020449669931630002,25.6799918576894,-1.57,0.0
17.16,-0.020497449534273997,25.73999183866531,-1.57,0.0
17.2,-0.020545229136917992,25.79999181964122,-1.57,0.0
17.240000000000002,-0.020593008739561987,25.85999180061713,-1.57,0.0
17.28,-0.020640788342205982,25.91999178159304,-1.57,0.0
17.32,-0.020688567944849977,25.97999176256895,-1.57,0.0
17.36,-0.020736347547493972,26.03999174354486,-1.57,0.0
17.400000000000002,-0.020784127150137967,26.09999172452077,-1.57,0.0
17.44,-0.020831906752781962,26.15999170549668,-1.57,0.0
17.48,-0.020879686355425957,26.21999168647259,-1.57,0.0
17.52,-0.020927465958069952,26.2799916674485,-1.57,0.0
17.56,-0.020975245560713947,26.33999164842441,-1.57,0.0
17.6,-0.021023025163357942,26.39999162940032,-1.57,0.0
17.64,-0.021070804766001937,26.45999161037623,-1.57,0.0
17.68,-0.021118584368645932,26.519991591352138,-1.57,0.0
17.72,-0.021166363971289927,26.579991572328048,-1.57,0.0
17.76,-0.021214143573933922,26.639991553303958,-1.57,0.0
17.8,-0.021261923176577917,26.699991534279867,-1.57,0.0
17.84,-0.021309702779221912,26.759991515255777,-1.57,0.0
17.88,-0.021357482381865908,26.819991496231687,-1.57,0.0
17.92,-0.021405261984509903,26.879991477207597,-1.57,0.0
17.96,-0.021453041587153898,26.939991458183506,-1.57,0.0
18.0,-0.021500821189797893,26.999991439159416,-1.57,0.0
18.04,-0.021548600792441888,27.059991420135326,-1.57,0.0
18.080000000000002,-0.021596380395085883,27.119991401111236,-1.57,0.0
18.12,-0.021644159997729878,27.179991382087145,-1.57,0.0
18.16,-0.021691939600373873,27.239991363063055,-1.57,0.0
18.2,-0.021739719203017868,27.299991344038965,-1.57,0.0
18.240000000000002,-0.021787498805661863,27.359991325014875,-1.57,0.0
18.28,-0.021835278408305858,27.419991305990784,-1.57,0.0
18.32,-0.021883058010949853,27.479991286966694,-1.57,0.0
18.36,-0.021930837613593848,27.539991267942604,-1.57,0.0
18.400000000000002,-0.021978617216237843,27.599991248918514,-1.57,0.0
18.44,-0.022026396818881838,27.659991229894423,-1.57,0.0
18.48,-0.022074176421525833,27.719991210870333,-1.57,0.0
18.52,-0.022121956024169828,27.779991191846243,-1.57,0.0
18.56,-0.022169735626813823,27.839991172822153,-1.57,0.0
18.6,-0.022217515229457818,27.899991153798062,-1.57,0.0
18.64,-0.022265294832101813,27.959991134773972,-1.57,0.0
18.68,-0.022313074434745808,28.01999111574988,-1.57,0.0
18.72,-0.022360854037389803,28.07999109672579,-1.57,0.0
18.76,-0.022408633640033798,28.1399910777017,-1.57,0.0
18.8,-0.022456413242677793,28.19999105867761,-1.57,0.0
18.84,-0.022504192845321788,28.25999103965352,-1.57,0.0
18.88,-0.022551972447965783,28.31999102062943,-1.57,0.0
18.92,-0.022599752050609778,28.37999100160534,-1.57,0.0
18.96,-0.022647531653253773,28.43999098258125,-1.57,0.0
19.0,-0.022695311255897768,28.49999096355716,-1.57,0.0
19.04,-0.022743090858541763,28.55999094453307,-1.57,0.0
19.080000000000002,-0.022790870461185758,28.61999092550898,-1.57,0.0
19.12,-0.022838650063829753,28.67999090648489,-1.57,0.0
19.16,-0.022886429666473748,28.7399908874608,-1.57,0.0
19.2,-0.022934209269117743,28.79999086843671,-1.57,0.0
19.240000000000002,-0.022981988871761738,28.85999084941262,-1.57,0.0
19.28,-0.023029768474405733,28.919990830388528,-1.57,0.0
19.32,-0.023077548077049728,28.979990811364438,-1.57,0.0
19.36,-0.023125327679693723,29.039990792340348,-1.57,0.0
19.400000000000002,-0.023173107282337718,29.099990773316257,-1.57,0.0
19.44,-0.023220886884981713,29.159990754292167,-1.57,0.0
19.48,-0.023268666487625708,29.219990735268077,-1.57,0.0
19.52,-0.023316446090269703,29.279990716243987,-1.57,0.0
19.56,-0.023364225692913698,29.339990697219896,-1.57,0.0
19.6,-0.023412005295557693,29.399990678195806,-1.57,0.0
19.64,-0.023459784898201688,29.459990659171716,-1.57,0.0
19.68,-0.023507564500845683,29.519990640147626,-1.57,0.0
19.72,-0.023555344103489678,29.579990621123535,-1.57,0.0
19.76,-0.023603123706133673,29.639990602099445,-1.57,0.0
19.8,-0.023650903308777668,29.699990583075355,-1.57,0.0
19.84,-0.023698682911421663,29.759990564051265,-1.57,0.0
19.88,-0.023746462514065658,29.819990545027174,-1.57,0.0
19.92,-0.023794242116709653,29.879990526003084,-1.57,0.0
19.96,-0.023842021719353648,29.939990506978994,-1.57,0.0
20.0,-0.023889801321997643,29.999990487954904,-1.57,0.0
20.04,-0.023937580924641638,30.059990468930813,-1.57,0.0
20.080000000000002,-0.023985360527285633,30.119990449906723,-1.57,0.0
20.12,-0.024033140129929628,30.179990430882633,-1.57,0.0
20.16,-0.024080919732573623,30.239990411858543,-1.57,0.0
20.2,-0.024128699335217618,30.299990392834452,-1.57,0.0
20.240000000000002,-0.024176478937861613,30.359990373810362,-1.57,0.0
20.28,-0.024224258540505608,30.419990354786272,-1.57,0.0
20.32,-0.024272038143149603,30.47999033576218,-1.57,0.0
20.36,-0.024319817745793598,30.53999031673809,-1.57,0.0
20.400000000000002,-0.024367597348437593,30.599990297714,-1.57,0.0
20.44,-0.024415376951081588,30.65999027868991,-1.57,0.0
20.48,-0.024463156553725583,30.71999025966582,-1.57,0.0
20.52,-0.024510936156369578,30.77999024064173,-1.57,0.0
20.56,-0.024558715759013573,30.83999022161764,-1.57,0.0
20.6,-0.024606495361657568,30.89999020259355,-1.57,0.0
20.64,-0.024654274964301563,30.95999018356946,-1.57,0.0
20.68,-0.024702054566945558,31.01999016454537,-1.57,0.0
20.72,-0.024749834169589553,31.07999014552128,-1.57,0.0
20.76,-0.024797613772233548,31.13999012649719,-1.57,0.0
20.8,-0.024845393374877543,31.1999901074731,-1.57,0.0
20.84,-0.024893172977521538,31.25999008844901,-1.57,0.0
20.88,-0.024940952580165533,31.319990069424918,-1.57,0.0
20.92,-0.024988732182809528,31.379990050400828,-1.57,0.0
20.96,-0.025036511785453523,31.439990031376738,-1.57,0.0
21.0,-0.025084291388097518,31.499990012352647,-1.57,0.0
21.04,-0.025132070990741513,31.559989993328557,-1.57,0.0
21.080000000000002,-0.025179850593385508,31.619989974304467,-1.57,0.0
21.12,-0.025227630196029503,31.679989955280377,-1.57,0.0
21.16,-0.025275409798673498,31.739989936256286,-1.57,0.0
21.2,-0.025323189401317493,31.799989917232196,-1.57,0.0
21.240000000000002,-0.025370969003961488,31.859989898208106,-1.57,0.0
21.28,-0.025418748606605483,31.919989879184016,-1.57,0.0
21.32,-0.025466528209249478,31.979989860159925,-1.57,0.0
21.36,-0.025514307811893473,32.039989841135835,-1.57,0.0
21.400000000000002,-0.025562087414537468,32.099989822111745,-1.57,0.0
21.44,-0.025609867017181463,32.159989803087655,-1.57,0.0
21.48,-0.025657646619825458,32.219989784063564,-1.57,0.0
21.52,-0.025705426222469453,32.279989765039474,-1.57,0.0
21.56,-0.025753205825113448,32.339989746015384,-1.57,0.0
21.6,-0.025800985427757443,32.39998972699129,-1.57,0.0
21.64,-0.025848765030401438,32.4599897079672,-1.57,0.0
21.68,-0.025896544633045433,32.51998968894311,-1.57,0.0
21.72,-0.025944324235689428,32.57998966991902,-1.57,0.0
21.76,-0.025992103838333423,32.63998965089493,-1.57,0.0
21.8,-0.026039883440977418,32.69998963187084,-1.57,0.0
21.84,-0.026087663043621413,32.75998961284675,-1.57,0.0
21.88,-0.026135442646265408,32.81998959382266,-1.57,0.0
21.92,-0.026183222248909403,32.87998957479857,-1.57,0.0
21.96,-0.026231001851553398,32.93998955577448,-1.57,0.0
22.0,-0.026278781454197393,32.99998953675039,-1.57,0.0
22.04,-0.026326561056841388,33.0599895177263,-1.57,0.0
22.080000000000002,-0.026374340659485383,33.11998949870221,-1.57,0.0
22.12,-0.026422120262129378,33.17998947967812,-1.57,0.0
22.16,-0.026469899864773373,33.23998946065403,-1.57,0.0
22.2,-0.026517679467417368,33.29998944162994,-1.57,0.0
22.240000000000002,-0.026565459070061363,33.35998942260585,-1.57,0.0
22.28,-0.026613238672705358,33.41998940358176,-1.57,0.0
22.32,-0.026661018275349353,33.47998938455767,-1.57,0.0
22.36,-0.026708797877993348,33.53998936553358,-1.57,0.0
22.400000000000002,-0.026756577480637343,33.59998934650949,-1.57,0.0
22.44,-0.026804357083281338,33.6599893274854,-1.57,0.0
22.48,-0.026852136685925333,33.71998930846131,-1.57,0.0
22.52,-0.026899916288569328,33.77998928943722,-1.57,0.0
22.56,-0.026947695891213323,33.83998927041313,-1.57,0.0
22.6,-0.026995475493857318,33.89998925138904,-1.57,0.0
22.64,-0.027043255096501313,33.95998923236495,-1.57,0.0
22.68,-0.027091034699145308,34.01998921334086,-1.57,0.0
22.72,-0.027138814301789303,34.07998919431677,-1.57,0.0
22.76,-0.027186593904433298,34.139989175292676,-1.57,0.0
22.8,-0.027234373507077293,34.199989156268586,-1.57,0.0
22.84,-0.027282153109721288,34.259989137244496,-1.57,0.0
22.88,-0.027329932712365283,34.319989118220406,-1.57,0.0
22.92,-0.027377712315009278,34.379989099196315,-1.57,0.0
22.96,-0.027425491917653273,34.439989080172225,-1.57,0.0
23.0,-0.027473271520297268,34.499989061148135,-1.57,0.0
23.04,-0.027521051122941263,34.559989042124045,-1.57,0.0
23.080000000000002,-0.027568830725585258,34.619989023099954,-1.57,0.0
23.12,-0.027616610328229253,34.679989004075864,-1.57,0.0
23.16,-0.027664389930873248,34.739988985051774,-1.57,0.0
23.2,-0.027712169533517243,34.79998896602768,-1.57,0.0
23.240000000000002,-0.027759949136161238,34.85998894700359,-1.57,0.0
23.28,-0.027807728738805233,34.9199889279795,-1.57,0.0
23.32,-0.027855508341449228,34.97998890895541,-1.57,0.0
23.36,-0.027903287944093223,35.03998888993132,-1.57,0.0
23.400000000000002,-0.027951067546737218,35.09998887090723,-1.57,0.0
23.44,-0.027998847149381213,35.15998885188314,-1.57,0.0
23.48,-0.028046626752025208,35.21998883285905,-1.57,0.0
23.52,-0.028094406354669203,35.27998881383496,-1.57,0.0
23.56,-0.028142185957313198,35.33998879481087,-1.57,0.0
23.6,-0.028189965559957193,35.39998877578678,-1.57,0.0
23.64,-0.028237745162601188,35.45998875676269,-1.57,0.0
23.68,-0.028285524765245183,35.5199887377386,-1.57,0.0
23.72,-0.028333304367889178,35.57998871871451,-1.57,0.0
23.76,-0.028381083970533173,35.63998869969042,-1.57,0.0
23.8,-0.028428863573177168,35.69998868066633,-1.57,0.0
23.84,-0.028476643175821163,35.75998866164224,-1.57,0.0
23.88,-0.028524422778465158,35.81998864261815,-1.57,0.0
23.92,-0.028572202381109153,35.87998862359406,-1.57,0.0
23.96,-0.028619981983753148,35.93998860456997,-1.57,0.0
24.0,-0.028667761586397143,35.99998858554588,-1.57,0.0
24.04,-0.028715541189041138,36.05998856652179,-1.57,0.0
24.080000000000002,-0.028763320791685133,36.1199885474977,-1.57,0.0
24.12,-0.028811100394329128,36.17998852847361,-1.57,0.0
24.16,-0.028858879996973123,36.23998850944952,-1.57,0.0
24.2,-0.028906659599617118,36.29998849042543,-1.57,0.0
24.240000000000002,-0.028954439202261113,36.35998847140134,-1.57,0.0
24.28,-0.029002218804905108,36.41998845237725,-1.57,0.0
24.32,-0.029049998407549103,36.47998843335316,-1.57,0.0
24.36,-0.029097778010193098,36.539988414329066,-1.57,0.0
24.400000000000002,-0.029145557612837093,36.599988395304976,-1.57,0.0
24.44,-0.029193337215481088,36.659988376280886,-1.57,0.0
24.48,-0.029241116818125083,36.719988357256796,-1.57,0.0
24.52,-0.029288896420769078,36.779988338232705,-1.57,0.0
24.560000000000002,-0.029336676023413073,36.839988319208615,-1.57,0.0
24.6,-0.029384455626057068,36.899988300184525,-1.57,0.0
24.64,-0.029432235228701063,36.959988281160435,-1.57,0.0
24.68,-0.029480014831345058,37.019988262136344,-1.57,0.0
24.72,-0.029527794433989053,37.079988243112254,-1.57,0.0
24.76,-0.029575574036633048,37.139988224088164,-1.57,0.0
24.8,-0.029623353639277043,37.199988205064074,-1.57,0.0
24.84,-0.029671133241921038,37.25998818603998,-1.57,0.0
24.88,-0.029718912844565033,37.31998816701589,-1.57,0.0
24.92,-0.029766692447209028,37.3799881479918,-1.57,0.0
24.96,-0.029814472049853023,37.43998812896771,-1.57,0.0
25.0,-0.029862251652497018,37.49998810994362,-1.57,0.0
25.04,-0.029910031255141013,37.55998809091953,-1.57,0.0
25.080000000000002,-0.029957810857785008,37.61998807189544,-1.57,0.0
25.12,-0.030005590460429003,37.67998805287135,-1.57,0.0
25.16,-0.030053370063072998,37.73998803384726,-1.57,0.0
25.2,-0.030101149665716993,37.79998801482317,-1.57,0.0
25.240000000000002,-0.030148929268360988,37.85998799579908,-1.57,0.0
25.28,-0.030196708871004983,37.91998797677499,-1.57,0.0
25.32,-0.030244488473648978,37.9799879577509,-1.57,0.0
25.36,-0.030292268076292973,38.03998793872681,-1.57,0.0
25.400000000000002,-0.030340047678936968,38.09998791970272,-1.57,0.0
25.44,-0.030387827281580963,38.15998790067863,-1.57,0.0
25.48,-0.030435606884224958,38.21998788165454,-1.57,0.0
25.52,-0.030483386486868953,38.27998786263045,-1.57,0.0
25.560000000000002,-0.030531166089512948,38.33998784360636,-1.57,0.0
25.6,-0.030578945692156943,38.39998782458227,-1.57,0.0
25.64,-0.030626725294800938,38.45998780555818,-1.57,0.0
25.68,-0.030674504897444933,38.51998778653409,-1.57,0.0
25.72,-0.030722284500088928,38.57998776751,-1.57,0.0
25.76,-0.030770064102732923,38.63998774848591,-1.57,0.0
25.8,-0.030817843705376918,38.69998772946182,-1.57,0.0
25.84,-0.030865623308020913,38.75998771043773,-1.57,0.0
25.88,-0.030913402910664908,38.81998769141364,-1.57,0.0
25.92,-0.030961182513308903,38.87998767238955,-1.57,0.0
25.96,-0.031008962115952898,38.939987653365456,-1.57,0.0
26.0,-0.031056741718596893,38.999987634341366,-1.57,0.0
26.04,-0.031104521321240888,39.059987615317276,-1.57,0.0
26.080000000000002,-0.031152300923884883,39.119987596293186,-1.57,0.0
26.12,-0.031200080526528878,39.179987577269095,-1.57,0.0
26.16,-0.031247860129172873,39.239987558245005,-1.57,0.0
26.2,-0.03129563973181687,39.299987539220915,-1.57,0.0
26.240000000000002,-0.031343419334460866,39.359987520196825,-1.57,0.0
26.28,-0.03139119893710486,39.419987501172734,-1.57,0.0
26.32,-0.031438978539748856,39.479987482148644,-1.57,0.0
26.36,-0.03148675814239285,39.539987463124554,-1.57,0.0
26.400000000000002,-0.031534537745036846,39.599987444100464,-1.57,0.0
26.44,-0.03158231734768084,39.65998742507637,-1.57,0.0
26.48,-0.031630096950324836,39.71998740605228,-1.57,0.0
26.52,-0.03167787655296883,39.77998738702819,-1.57,0.0
26.560000000000002,-0.031725656155612826,39.8399873680041,-1.57,0.0
26.6,-0.03177343575825682,39.89998734898001,-1.57,0.0
26.64,-0.031821215360900816,39.95998732995592,-1.57,0.0
26.68,-0.03186899496354481,40.01998731093183,-1.57,0.0
26.72,-0.031916774566188806,40.07998729190774,-1.57,0.0
26.76,-0.0319645541688328,40.13998727288365,-1.57,0.0
26.8,-0.032012333771476796,40.19998725385956,-1.57,0.0
26.84,-0.03206011337412079,40.25998723483547,-1.57,0.0
26.88,-0.032107892976764786,40.31998721581138,-1.57,0.0
26.92,-0.03215567257940878,40.37998719678729,-1.57,0.0
26.96,-0.032203452182052776,40.4399871777632,-1.57,0.0
27.0,-0.03225123178469677,40.49998715873911,-1.57,0.0
27.04,-0.032299011387340766,40.55998713971502,-1.57,0.0
27.080000000000002,-0.03234679098998476,40.61998712069093,-1.57,0.0
27.12,-0.032394570592628756,40.67998710166684,-1.57,0.0
27.16,-0.03244235019527275,40.73998708264275,-1.57,0.0
27.2,-0.032490129797916746,40.79998706361866,-1.57,0.0
27.240000000000002,-0.03253790940056074,40.85998704459457,-1.57,0.0
27.28,-0.032585689003204736,40.91998702557048,-1.57,0.0
27.32,-0.03263346860584873,40.97998700654639,-1.57,0.0
27.36,-0.032681248208492726,41.0399869875223,-1.57,0.0
27.400000000000002,-0.03272902781113672,41.09998696849821,-1.57,0.0
27.44,-0.032776807413780716,41.15998694947412,-1.57,0.0
27.48,-0.03282458701642471,41.21998693045003,-1.57,0.0
27.52,-0.032872366619068706,41.27998691142594,-1.57,0.0
27.560000000000002,-0.0329201462217127,41.339986892401846,-1.57,0.0
27.6,-0.032967925824356696,41.399986873377756,-1.57,0.0
27.64,-0.03301570542700069,41.459986854353666,-1.57,0.0
27.68,-0.033063485029644686,41.519986835329576,-1.57,0.0
27.72,-0.03311126463228868,41.579986816305485,-1.57,0.0
27.76,-0.033159044234932676,41.639986797281395,-1.57,0.0
27.8,-0.03320682383757667,41.699986778257305,-1.57,0.0
27.84,-0.033254603440220666,41.759986759233215,-1.57,0.0
27.88,-0.03330238304286466,41.819986740209124,-1.57,0.0
27.92,-0.033350162645508656,41.879986721185034,-1.57,0.0
27.96,-0.03339794224815265,41.939986702160944,-1.57,0.0
28.0,-0.033445721850796646,41.999986683136854,-1.57,0.0
28.04,-0.03349350145344064,42.05998666411276,-1.57,0.0
28.080000000000002,-0.033541281056084636,42.11998664508867,-1.57,0.0
28.12,-0.03358906065872863,42.17998662606458,-1.57,0.0
28.16,-0.033636840261372626,42.23998660704049,-1.57,0.0
28.2,-0.03368461986401662,42.2999865880164,-1.57,0.0
28.240000000000002,-0.033732399466660616,42.35998656899231,-1.57,0.0
28.28,-0.03378017906930461,42.41998654996822,-1.57,0.0
28.32,-0.033827958671948606,42.47998653094413,-1.57,0.0
28.36,-0.0338757382745926,42.53998651192004,-1.57,0.0
28.400000000000002,-0.033923517877236596,42.59998649289595,-1.57,0.0
28.44,-0.03397129747988059,42.65998647387186,-1.57,0.0
28.48,-0.034019077082524586,42.71998645484777,-1.57,0.0
28.52,-0.03406685668516858,42.77998643582368,-1.57,0.0
28.560000000000002,-0.034114636287812576,42.83998641679959,-1.57,0.0
28.6,-0.03416241589045657,42.8999863977755,-1.57,0.0
28.64,-0.034210195493100566,42.95998637875141,-1.57,0.0
28.68,-0.03425797509574456,43.01998635972732,-1.57,0.0
28.72,-0.034305754698388556,43.07998634070323,-1.57,0.0
28.76,-0.03435353430103255,43.13998632167914,-1.57,0.0
28.8,-0.034401313903676546,43.19998630265505,-1.57,0.0
28.84,-0.03444909350632054,43.25998628363096,-1.57,0.0
28.88,-0.034496873108964536,43.31998626460687,-1.57,0.0
28.92,-0.03454465271160853,43.37998624558278,-1.57,0.0
28.96,-0.034592432314252526,43.43998622655869,-1.57,0.0
29.0,-0.03464021191689652,43.4999862075346,-1.57,0.0
29.04,-0.034687991519540516,43.55998618851051,-1.57,0.0
29.080000000000002,-0.03473577112218451,43.61998616948642,-1.57,0.0
29.12,-0.034783550724828506,43.67998615046233,-1.57,0.0
29.16,-0.0348313303274725,43.739986131438236,-1.57,0.0
29.2,-0.034879109930116496,43.799986112414146,-1.57,0.0
29.240000000000002,-0.03492688953276049,43.859986093390056,-1.57,0.0
29.28,-0.034974669135404486,43.919986074365966,-1.57,0.0
29.32,-0.03502244873804848,43.979986055341875,-1.57,0.0
29.36,-0.035070228340692476,44.039986036317785,-1.57,0.0
29.400000000000002,-0.03511800794333647,44.099986017293695,-1.57,0.0
29.44,-0.035165787545980466,44.159985998269605,-1.57,0.0
29.48,-0.03521356714862446,44.219985979245514,-1.57,0.0
29.52,-0.035261346751268456,44.279985960221424,-1.57,0.0
29.560000000000002,-0.03530912635391245,44.339985941197334,-1.57,0.0
29.6,-0.035356905956556446,44.399985922173244,-1.57,0.0
29.64,-0.03540468555920044,44.45998590314915,-1.57,0.0
29.68,-0.035452465161844436,44.51998588412506,-1.57,0.0
29.72,-0.03550024476448843,44.57998586510097,-1.57,0.0
29.76,-0.035548024367132426,44.63998584607688,-1.57,0.0
29.8,-0.03559580396977642,44.69998582705279,-1.57,0.0
29.84,-0.035643583572420416,44.7599858080287,-1.57,0.0
29.88,-0.03569136317506441,44.81998578900461,-1.57,0.0
29.92,-0.035739142777708406,44.87998576998052,-1.57,0.0
29.96,-0.0357869223803524,44.93998575095643,-1.57,0.0
30.0,-0.035834701982996396,44.99998573193234,-1.57,0.0
30.04,-0.03588248158564039,45.05998571290825,-1.57,0.0
30.080000000000002,-0.035930261188284386,45.11998569388416,-1.57,0.0
30.12,-0.03597804079092838,45.17998567486007,-1.57,0.0
30.16,-0.036025820393572376,45.23998565583598,-1.57,0.0
30.2,-0.03607359999621637,45.29998563681189,-1.57,0.0
30.240000000000002,-0.036121379598860366,45.3599856177878,-1.57,0.0
30.28,-0.03616915920150436,45.41998559876371,-1.57,0.0
30.32,-0.036216938804148356,45.47998557973962,-1.57,0.0
30.36,-0.03626471840679235,45.53998556071553,-1.57,0.0
30.400000000000002,-0.036312498009436346,45.59998554169144,-1.57,0.0
30.44,-0.03636027761208034,45.65998552266735,-1.57,0.0
30.48,-0.036408057214724336,45.71998550364326,-1.57,0.0
30.52,-0.03645583681736833,45.77998548461917,-1.57,0.0
30.560000000000002,-0.036503616420012326,45.83998546559508,-1.57,0.0
30.6,-0.03655139602265632,45.89998544657099,-1.57,0.0
30.64,-0.036599175625300316,45.9599854275469,-1.57,0.0
30.68,-0.03664695522794431,46.01998540852281,-1.57,0.0
30.72,-0.036694734830588306,46.07998538949872,-1.57,0.0
30.76,-0.0367425144332323,46.139985370474626,-1.57,0.0
30.8,-0.036790294035876296,46.199985351450536,-1.57,0.0
30.84,-0.03683807363852029,46.259985332426446,-1.57,0.0
30.88,-0.036885853241164286,46.319985313402356,-1.57,0.0
30.92,-0.03693363284380828,46.379985294378265,-1.57,0.0
30.96,-0.036981412446452276,46.439985275354175,-1.57,0.0
31.0,-0.03702919204909627,46.499985256330085,-1.57,0.0
31.04,-0.037076971651740266,46.559985237305995,-1.57,0.0
31.080000000000002,-0.03712475125438426,46.619985218281904,-1.57,0.0
31.12,-0.037172530857028256,46.679985199257814,-1.57,0.0
31.16,-0.03722031045967225,46.739985180233724,-1.57,0.0
31.2,-0.037268090062316246,46.799985161209634,-1.57,0.0
31.240000000000002,-0.03731586966496024,46.85998514218554,-1.57,0.0
31.28,-0.037363649267604236,46.91998512316145,-1.57,0.0
31.32,-0.03741142887024823,46.97998510413736,-1.57,0.0
31.36,-0.037459208472892226,47.03998508511327,-1.57,0.0
31.400000000000002,-0.03750698807553622,47.09998506608918,-1.57,0.0
31.44,-0.037554767678180216,47.15998504706509,-1.57,0.0
31.48,-0.03760254728082421,47.219985028041,-1.57,0.0
31.52,-0.037650326883468206,47.27998500901691,-1.57,0.0
31.560000000000002,-0.0376981064861122,47.33998498999282,-1.57,0.0
31.6,-0.037745886088756196,47.39998497096873,-1.57,0.0
31.64,-0.03779366569140019,47.45998495194464,-1.57,0.0
31.68,-0.037841445294044186,47.51998493292055,-1.57,0.0
31.720000000000002,-0.03788922489668818,47.57998491389646,-1.57,0.0
31.76,-0.037937004499332176,47.63998489487237,-1.57,0.0
31.8,-0.03798478410197617,47.69998487584828,-1.57,0.0
31.84,-0.038032563704620166,47.75998485682419,-1.57,0.0
31.88,-0.03808034330726416,47.8199848378001,-1.57,0.0
31.92,-0.038128122909908156,47.87998481877601,-1.57,0.0
31.96,-0.03817590251255215,47.93998479975192,-1.57,0.0
32.0,-0.038223682115196146,47.99998478072783,-1.57,0.0
32.04,-0.03827146171784014,48.05998476170374,-1.57,0.0
32.08,-0.038319241320484136,48.11998474267965,-1.57,0.0
32.12,-0.03836702092312813,48.17998472365556,-1.57,0.0
32.160000000000004,-0.038414800525772126,48.23998470463147,-1.57,0.0
32.2,-0.03846258012841612,48.29998468560738,-1.57,0.0
32.24,-0.038510359731060116,48.35998466658329,-1.57,0.0
32.28,-0.03855813933370411,48.4199846475592,-1.57,0.0
32.32,-0.038605918936348106,48.47998462853511,-1.57,0.0
32.36,-0.0386536985389921,48.539984609511016,-1.57,0.0
32.4,-0.038701478141636096,48.599984590486926,-1.57,0.0
32.44,-0.03874925774428009,48.659984571462836,-1.57,0.0
32.480000000000004,-0.038797037346924086,48.719984552438746,-1.57,0.0
32.52,-0.03884481694956808,48.779984533414655,-1.57,0.0
32.56,-0.038892596552212076,48.839984514390565,-1.57,0.0
32.6,-0.03894037615485607,48.899984495366475,-1.57,0.0
32.64,-0.038988155757500066,48.959984476342385,-1.57,0.0
32.68,-0.03903593536014406,49.019984457318294,-1.57,0.0
32.72,-0.039083714962788056,49.079984438294204,-1.57,0.0
32.76,-0.03913149456543205,49.139984419270114,-1.57,0.0
32.8,-0.039179274168076046,49.199984400246024,-1.57,0.0
32.84,-0.03922705377072004,49.25998438122193,-1.57,0.0
32.88,-0.039274833373364036,49.31998436219784,-1.57,0.0
32.92,-0.03932261297600803,49.37998434317375,-1.57,0.0
32.96,-0.039370392578652026,49.43998432414966,-1.57,0.0
33.0,-0.03941817218129602,49.49998430512557,-1.57,0.0
33.04,-0.039465951783940016,49.55998428610148,-1.57,0.0
33.08,-0.03951373138658401,49.61998426707739,-1.57,0.0
33.12,-0.039561510989228006,49.6799842480533,-1.57,0.0
33.160000000000004,-0.039609290591872,49.73998422902921,-1.57,0.0
33.2,-0.039657070194515996,49.79998421000512,-1.57,0.0
33.24,-0.03970484979715999,49.85998419098103,-1.57,0.0
33.28,-0.039752629399803986,49.91998417195694,-1.57,0.0
33.32,-0.03980040900244798,49.97998415293285,-1.57,0.0
33.36,-0.039848188605091976,50.03998413390876,-1.57,0.0
33.4,-0.03989596820773597,50.09998411488467,-1.57,0.0
33.44,-0.039943747810379966,50.15998409586058,-1.57,0.0
33.480000000000004,-0.03999152741302396,50.21998407683649,-1.57,0.0
33.52,-0.040039307015667956,50.2799840578124,-1.57,0.0
33.56,-0.04008708661831195,50.33998403878831,-1.57,0.0
33.6,-0.040134866220955946,50.39998401976422,-1.57,0.0
33.64,-0.04018264582359994,50.45998400074013,-1.57,0.0
33.68,-0.040230425426243936,50.51998398171604,-1.57,0.0
33.72,-0.04027820502888793,50.57998396269195,-1.57,0.0
33.76,-0.040325984631531926,50.63998394366786,-1.57,0.0
33.8,-0.04037376423417592,50.69998392464377,-1.57,0.0
33.84,-0.040421543836819916,50.75998390561968,-1.57,0.0
33.88,-0.04046932343946391,50.81998388659559,-1.57,0.0
33.92,-0.040517103042107906,50.8799838675715,-1.57,0.0
33.96,-0.0405648826447519,50.939983848547406,-1.57,0.0
34.0,-0.040612662247395896,50.999983829523316,-1.57,0.0
34.04,-0.04066044185003989,51.059983810499226,-1.57,0.0
34.08,-0.040708221452683886,51.119983791475136,-1.57,0.0
34.12,-0.04075600105532788,51.179983772451045,-1.57,0.0
34.160000000000004,-0.040803780657971876,51.239983753426955,-1.57,0.0
34.2,-0.04085156026061587,51.299983734402865,-1.57,0.0
34.24,-0.040899339863259866,51.359983715378775,-1.57,0.0
34.28,-0.04094711946590386,51.419983696354684,-1.57,0.0
34.32,-0.040994899068547856,51.479983677330594,-1.57,0.0
34.36,-0.04104267867119185,51.539983658306504,-1.57,0.0
34.4,-0.041090458273835846,51.599983639282414,-1.57,0.0
34.44,-0.04113823787647984,51.65998362025832,-1.57,0.0
34.480000000000004,-0.041186017479123836,51.71998360123423,-1.57,0.0
34.52,-0.04123379708176783,51.77998358221014,-1.57,0.0
34.56,-0.041281576684411826,51.83998356318605,-1.57,0.0
34.6,-0.04132935628705582,51.89998354416196,-1.57,0.0
34.64,-0.041377135889699816,51.95998352513787,-1.57,0.0
34.68,-0.04142491549234381,52.01998350611378,-1.57,0.0
34.72,-0.041472695094987806,52.07998348708969,-1.57,0.0
34.76,-0.0415204746976318,52.1399834680656,-1.57,0.0
34.800000000000004,-0.041568254300275796,52.19998344904151,-1.57,0.0
34.84,-0.04161603390291979,52.25998343001742,-1.57,0.0
34.88,-0.041663813505563786,52.31998341099333,-1.57,0.0
34.92,-0.04171159310820778,52.37998339196924,-1.57,0.0
34.96,-0.041759372710851776,52.43998337294515,-1.57,0.0
35.0,-0.04180715231349577,52.49998335392106,-1.57,0.0
35.04,-0.041854931916139766,52.55998333489697,-1.571667267633607,0.0016482804153673673
35.08,-0.04180267547242356,52.61998331214083,-1.573334535267214,0.003307823443947927
35.12,-0.04165038312760861,52.67998311886587,-1.5750018029008208,0.004978706063715822
35.160000000000004,-0.04139805530503424,52.73998258828578,-1.5766690705344277,0.006661005747514318
35.2,-0.04104569270611646,52.79998155361518,-1.5783363381680346,0.008354800465144746
35.24,-0.04059329631034603,52.85997984807012,-1.5800036058016416,0.010060168685432738
35.28,-0.04004086737528573,52.91997730486848,-1.5816708734352485,0.011777189378270698
35.32,-0.03938840743656686,52.9799737572305,-1.5833381410688554,0.013505942016635436
35.36,-0.03863591830788498,53.0399690383792,-1.5850054087024623,0.015246506578579845
35.4,-0.03778340208099486,53.09996298154084,-1.5866726763360692,0.016998963549197506
35.44,-0.03683086112570466,53.15995541994543,-1.5883399439696761,0.01876339392255903
35.480000000000004,-0.035778298089869376,53.219946186827144,-1.590007211603283,0.020539879203618976
35.52,-0.03462571589938343,53.2799351154248,-1.59167447923689,0.0223285014100921
35.56,-0.033373117758172574,53.33992203898232,-1.593341746870497,0.02412934307429768
35.6,-0.03202050714818497,53.399906790749235,-1.5950090145041038,0.025942487244970676
35.64,-0.030567887829381506,53.45988920398107,-1.5966762821377107,0.02776801748903835
35.68,-0.02901526383972536,53.519869111939876,-1.5983435497713177,0.02960601789336106
35.72,-0.027362639495170763,53.57984634789466,-1.6000108174049246,0.0314565730664358
35.76,-0.025610019389650997,53.63982074512186,-1.6016780850385315,0.03331976814006113
35.800000000000004,-0.023757408395065637,53.6997921369058,-1.6033453526721384,0.035195688770961985
35.84,-0.021804811661267007,53.75976035653916,-1.6050126203057453,0.03708442114237298
35.88,-0.019752234616045857,53.819725237323446,-1.6066798879393522,0.03898605196557857
35.92,-0.01759968296511628,53.87968661256944,-1.6083471555729592,0.04090066848140865
35.96,-0.01534716269209985,53.939644315597654,-1.610014423206566,0.04282835846168792
36.0,-0.012994680058508989,53.99959817973883,-1.611681690840173,0.044769210210637435
36.04,-0.010542241603729562,54.05954803833438,-1.61334895847378,0.04672331256622665
36.08,-0.007989854145002697,54.11949372473683,-1.6150162261073868,0.048690754901474335
36.12,-0.005337524777405837,54.17943507231032,-1.6166834937409937,0.05067162712569649
36.160000000000004,-0.0025852608738330183,54.23937191443105,-1.6183507613746007,0.052666019685699665
36.2,0.00026692991502563074,54.29930408448774,-1.6200180290082076,0.05467402356691768
36.24,0.0032190396607051507,54.3592314158821,-1.6216852966418145,0.05669573029449006
36.28,0.006271060156987791,54.41915374202929,-1.6233525642754214,0.058731231934280155
36.32,0.009422982919925826,54.47907089635838,-1.6250198319090283,0.0607806210938311
36.36,0.012674799187865135,54.53898271231283,-1.6266870995426352,0.06284399092325757
36.4,0.016026499921469557,54.59888902335092,-1.6283543671762422,0.06492143511607129
36.44,0.01947807580374602,54.65878966294625,-1.630021634809849,0.06701304790993835
36.480000000000004,0.023029517240070435,54.718684464588165,-1.631688902443456,0.06911892408736606
36.52,0.026680814358214382,54.778573261782256,-1.633356170077063,0.07123915897631719
36.56,0.030431957008372534,54.8384558880508,-1.6350234377106698,0.07337384845074961
36.6,0.03428293476319088,54.89833217693323,-1.6366907053442767,0.07552308893107872
36.64,0.03823373691779571,54.95820196198659,-1.6383579729778837,0.07768697738456061
36.68,0.042284352489823374,55.018065076786,-1.6400252406114906,0.0798656113255936
36.72,0.04643477021945081,55.07792135492514,-1.6416925082450975,0.08205908881593559
36.76,0.050684978569426845,55.13777063001667,-1.6433597758787044,0.0842675084648349
36.800000000000004,0.055034965725104246,55.197612735692736,-1.6450270435123113,0.0864909694290721
36.84,0.0594847195944726,55.257447505605406,-1.6466943111459182,0.08872957141291016
36.88,0.06403422780819192,55.31727477342714,-1.6483615787795252,0.0909834146679504
36.92,0.06868347771962696,55.377094372851246,-1.650028846413132,0.0932525999928916
36.96,0.0734324564048825,55.436906137592366,-1.651696114046739,0.09553722873318943
37.0,0.07828115066283912,55.49670990138691,-1.653363381680346,0.09783740278061356
37.04,0.08322954701519004,55.55650549799351,-1.6550306493139528,0.10015322457269958
37.08,0.0882776317064785,55.61629276119354,-1.6566979169475597,0.10248479709209272
37.12,0.093425390704136,55.67607152479151,-1.6583651845811667,0.10483222386578067
37.160000000000004,0.09867280969852132,55.73584162261557,-1.6600324522147736,0.10719560896421224
37.2,0.10401987410296035,55.79560288851795,-1.6616997198483805,0.10957505700029897
37.24,0.10946656905378654,55.85535515637543,-1.6633669874819874,0.1119706731282966
37.28,0.1150128794103823,55.91509826008982,-1.6650342551155943,0.11438256304256296
37.32,0.12065878975522103,55.974832033588385,-1.6667015227492012,0.11681083297618938
37.36,0.12640428439391002,56.034556310824335,-1.6683687903828082,0.11925558969950208
37.4,0.13224934735523408,56.09427092577728,-1.670036058016415,0.12171694051843022
37.44,0.13819396239119988,56.15397571245368,-1.671703325650022,0.12419499327273732
37.480000000000004,0.14423811297708117,56.21367050488732,-1.673370593283629,0.1266898563341123
37.52,0.15038178231146468,56.27335513713977,-1.6750378609172358,0.12920163860411688
37.56,0.15662495331629686,56.33302944330083,-1.6767051285508427,0.13173044951198531
37.6,0.16296760863693133,56.39269325748903,-1.6783723961844497,0.13427639901227345
37.64,0.16940973064217713,56.452346413852034,-1.6800396638180566,0.13683959758235248
37.68,0.17595130142434773,56.51198874656716,-1.6817069314516635,0.13942015621974424
37.72,0.1825923027993108,56.5716200898418,-1.6833741990852704,0.14201818643929395
37.76,0.18933271630653875,56.63124027791389,-1.6850414667188773,0.14463380027017633
37.800000000000004,0.19617252320916012,56.69084914505238,-1.6867087343524843,0.14726711025273123
37.84,0.20311170449401153,56.750446525557706,-1.6883760019860912,0.1499182294351246
37.88,0.21015024087169068,56.8100322537622,-1.690043269619698,0.15258727136983058
37.92,0.21728811277660984,56.869606164030614,-1.691710537253305,0.15527435010993068
37.96,0.22452530036705032,56.92916809076054,-1.693377804886912,0.15797958020522543
38.0,0.2318617835252176,56.98871786838288,-1.6950450725205188,0.1607030766981544
38.04,0.23929754185729726,57.048255331362306,-1.6967123401541258,0.16344495511952
38.08,0.24683255469351167,57.10778031419773,-1.6983796077877327,0.16620533148401068
38.12,0.25446680108817743,57.16729265142276,-1.7000468754213396,0.16898432228551855
38.160000000000004,0.26220025981976364,57.22679217760614,-1.7017141430549465,0.17178204449224743
38.2,0.2700329093909508,57.28627872735224,-1.7033814106885534,0.17459861554160583
38.24,0.2779647280286907,57.34575213530149,-1.7050486783221603,0.17743415333488066
38.28,0.2859956936842668,57.40521223613086,-1.7067159459557673,0.18028877623168652
38.32,0.2941257840333556,57.46465886455431,-1.7083832135893742,0.1831626030441854
38.36,0.3023549764760887,57.52409185532324,-1.710050481222981,0.18605575303107244
38.4,0.31068324813711573,57.583511043226984,-1.711717748856588,0.18896834589132178
38.44,0.3191105758656676,57.64291626309322,-1.713385016490195,0.19190050175768797
38.480000000000004,0.32763693623562123,57.70230734978846,-1.7150522841238018,0.19485234118995753
38.52,0.33626230554556447,57.76168413821851,-1.7167195517574088,0.19782398516794517
38.56,0.344986659818862,57.821046463328926,-1.7183868193910157,0.20081555508422932
38.6,0.35380997480372206,57.880394160105446,-1.7200540870246226,0.2038271727366219
38.64,0.36273222597326377,57.939727063574495,-1.7217213546582295,0.20685896032036613
38.68,0.37175338852558537,57.99904500880361,-1.7233886222918364,0.20991104042005734
38.72,0.38087343738383317,58.058347830901916,-1.7250558899254433,0.21298353600128087
38.76,0.39009234719627117,58.11763536502057,-1.7267231575590503,0.21607657040196115
38.800000000000004,0.39941009233635166,58.17690744635322,-1.7283904251926572,0.2191902673234167
38.84,0.4088266469027863,58.23616391013648,-1.730057692826264,0.22232475082111436
38.88,0.41834198471961836,58.29540459165038,-1.731724960459871,0.22548014529511756
38.92,0.4279560793362952,58.35462932621882,-1.733392228093478,0.22865657548022217
38.96,0.437668904027742,58.41383794921001,-1.7350594957270848,0.231854166435774
39.0,0.4474804317944359,58.473030296036974,-1.7367267633606918,0.23507304353516176
39.04,0.4573906353624813,58.53220620215796,-1.7383940309942987,0.2383133324549793
39.08,0.46739948718368535,58.59136550307693,-1.7400612986279056,0.24157515916385083
39.12,0.47750695943563476,58.650508034344,-1.7417285662615125,0.24485864991091288
39.160000000000004,0.4877130240217731,58.709633631555896,-1.7433958338951194,0.24816393121394653
39.2,0.49801765257147873,58.76874213035643,-1.7450631015287263,0.2514911298471534
39.24,0.5084208164401439,58.827833366436934,-1.7467303691623333,0.2548403728285691
39.28,0.5189224867092544,58.88690717553673,-1.7483976367959402,0.25821178740710754
39.32,0.5295226341864697,58.94596339344358,-1.750064904429547,0.26160550104922925
39.36,0.5402212294057042,59.005001855994145,-1.751732172063154,0.26502164142522744
39.4,0.551018242627209,59.06402239907445,-1.753399439696761,0.26846033639512484
39.44,0.5619136438376552,59.12302485862033,-1.7550667073303678,0.2719217139941748
39.480000000000004,0.5729074027502165,59.18200907061789,-1.7567339749639748,0.27540590241795965
39.52,0.5839994888046538,59.24097487110394,-1.7584012425975817,0.2789130300070796
39.56,0.5951898711674002,59.29992209616649,-1.7600685102311886,0.2824432252314256
39.6,0.6064785187316466,59.35885058194519,-1.7617357778647955,0.28599661667402876
39.64,0.6178654001174282,59.417760164631765,-1.7634030454984024,0.28957333301447974
39.68,0.6293504836717116,59.47665068047049,-1.7650703131320093,0.2931735030119115
39.72,0.6409337374684831,59.53552196575865,-1.7667375807656163,0.2967972554875378
39.76,0.6526151293088371,59.59437385684697,-1.7684048483992232,0.3004447193067411
39.800000000000004,0.6643946267210658,59.65320619014011,-1.77007211603283,0.3041160233607022
39.84,0.6762721969607493,59.712018802097084,-1.771739383666437,0.3078112965475657
39.88,0.688247807010847,59.77081152923172,-1.773406651300044,0.3115306677531333
39.92,0.700321423581789,59.82958420811314,-1.7750739189336509,0.31527426583107826
39.96,0.7124930131115687,59.88833667536617,-1.7767411865672578,0.31904221958267437
40.0,0.7247625417658362,59.947068767671844,-1.7784084542008647,0.3228346577360324
40.04,0.7371299754379924,60.00578032176782,-1.7800757218344716,0.32665170892483664
40.08,0.7495952797492836,60.064471174448855,-1.7817429894680785,0.330493501666575
40.12,0.7621584200488973,60.123141162567244,-1.7834102571016854,0.33436016434025606
40.160000000000004,0.7748193614140583,60.18179012303329,-1.7850775247352924,0.3382518251636056
40.2,0.7875780686501258,60.24041789281574,-1.7867447923688993,0.3421686121697362
40.24,0.8004345062906916,60.29902430894226,-1.7884120600025062,0.3461106531832833
40.28,0.8133886385976782,60.35760920849985,-1.790079327636113,0.3500780757960007
40.32,0.8264404295614384,60.41617242863535,-1.79174659526972,0.35407100734180885
40.36,0.8395898429008553,60.47471380655583,-1.793413862903327,0.3580895748712902
40.4,0.8528368420634432,60.53323317952912,-1.7950811305369339,0.36213390512562355
40.44,0.8661813902254494,60.59173038488418,-1.7967483981705408,0.36620412450995304
40.480000000000004,0.8796234502919561,60.65020526001161,-1.7984156658041477,0.37030035906618364
40.52,0.893162984896984,60.70865764236408,-1.8000829334377546,0.37442273444519814
40.56,0.9067999564035958,60.76708736945678,-1.8017502010713615,0.3785713758784892
40.6,0.920534326904001,60.82549427886789,-1.8034174687049684,0.3827464081492006
40.64,0.9343660582196615,60.88387820823901,-1.8050847363385754,0.3869479555625716
40.68,0.948295111901397,60.94223899527561,-1.8067520039721823,0.39117614191577943
40.72,0.962321449229493,61.0005764777475,-1.8084192716057892,0.3954310904671735
40.76,0.9764450312138072,61.05889049348928,-1.810086539239396,0.3997129239048969
40.800000000000004,0.9906658185938788,61.11718088040077,-1.811753806873003,0.4040217643148893
40.84,1.0049837718390373,61.17544747644747,-1.81342107450661,0.40835773314826684
40.88,1.0193988511485124,61.23369011966102,-1.8150883421402169,0.412720951188074
40.92,1.0339110164515444,61.29190864813965,-1.8167556097738238,0.4171115385154025
40.96,1.048520227407496,61.350102900048626,-1.8184228774074307,0.42152961447487386
41.0,1.0632264434059644,61.40827271362067,-1.8200901450410376,0.42597529763948044
41.04,1.078029623566894,61.46641792715646,-1.8217574126746445,0.430448705774782
41.08,1.0929297267406899,61.52453837902506,-1.8234246803082514,0.4349499558024535
41.12,1.1079267115083327,61.58263390766435,-1.8250919479418584,0.43947916376318125
41.160000000000004,1.1230205361814931,61.64070435158151,-1.8267592155754653,0.4440364447789042
41.2,1.1382111588026484,61.69874954935344,-1.8284264832090722,0.4486219130143978
41.24,1.153498537145199,61.756769339627205,-1.8300937508426791,0.4532356816381978
41.28,1.168882628713585,61.81476356112052,-1.831761018476286,0.45787786278286197
41.32,1.1843633907434055,61.87273205262216,-1.833428286109893,0.46254856750456846
41.36,1.1999407802015365,61.93067465299244,-1.8350955537434999,0.46724790574204844
41.4,1.2156147537862514,61.98859120116363,-1.8367628213771068,0.47197598627485315
41.44,1.2313852679273405,62.046481536140426,-1.8384300890107137,0.4767329166809539
41.480000000000004,1.2472522787862328,62.104345497000395,-1.8400973566443206,0.4815188032936756
41.52,1.2632157422561172,62.16218292289441,-1.8417646242779275,0.48633375115796307
41.56,1.279275613962066,62.21999365304711,-1.8434318919115344,0.49117786398598196
41.6,1.2954318492611574,62.27777752675735,-1.8450991595451414,0.49605124411205453
41.64,1.3116844032426,62.33553438339862,-1.8467664271787483,0.5009539924469324
41.68,1.3280332307278577,62.393264062419526,-1.8484336948123552,0.5058862084314081
41.72,1.3444782862707751,62.450966403344225,-1.8501009624459621,0.5108479899892682
41.76,1.3610195241577039,62.508641245772864,-1.851768230079569,0.5158394334795913
41.800000000000004,1.3776568984076298,62.56628842938202,-1.853435497713176,0.5208606336483944
41.84,1.3943903627723009,62.62390779392517,-1.8551027653467829,0.525911683579632
41.88,1.4112198707363555,62.681499179233114,-1.8567700329803898,0.5309926746455526
41.92,1.4281453755174518,62.73906242521443,-1.8584373006139967,0.5361036964564182
41.96,1.4451668300663982,62.79659737185591,-1.8601045682476036,0.5412448368095937
42.0,1.4622841870672834,62.854103859223024,-1.8617718358812105,0.5464161816380109
42.04,1.4794973989376083,62.91158172746035,-1.8634391035148175,0.5516178149580169
42.08,1.4968064178284186,62.969030816792014,-1.8651063711484244,0.5568498188166129
42.12,1.5142111956244375,63.026450967522145,-1.8667736387820313,0.5621122732380938
42.160000000000004,1.531711683944199,63.08384202003532,-1.8684409064156382,0.5674052561700968
42.2,1.5493078341401834,63.141203814796995,-1.8701081740492451,0.5727288434290704
42.24,1.5669995972989512,63.198536192353956,-1.871775441682852,0.5780831086451731
42.28,1.5847869242412806,63.25583899333477,-1.873442709316459,0.5834681232066158
42.32,1.6026697655223032,63.313112058450216,-1.8751099769500659,0.5888839562034585
42.36,1.6206480714316416,63.37035522849373,-1.8767772445836728,0.5943306743708751
42.4,1.6387217919935477,63.42756834434184,-1.8784445122172797,0.5998083420319016
42.44,1.6568908769670414,63.48475124695465,-1.8801117798508866,0.6053170210396809
42.480000000000004,1.6751552758460508,63.54190377737622,-1.8817790474844935,0.6108567707192214
42.52,1.693514937859552,63.59902577673505,-1.8834463151181005,0.6164276478086859
42.56,1.7119698119717106,63.6561170862445,-1.8851135827517074,0.6220297064002276
42.6,1.7305198468820233,63.71317754720326,-1.8867808503853143,0.6276629978803934
42.64,1.7491649910254607,63.770207000995754,-1.8884481180189212,0.633327570870112
42.68,1.7679051925726108,63.82720528909261,-1.8901153856525281,0.6390234711642891
42.72,1.7867403994298225,63.884172253051084,-1.891782653286135,0.6447507416710294
42.76,1.8056705592393512,63.941107734515505,-1.893449920919742,0.6505094223505092
42.800000000000004,1.8246956193795034,63.998011575217724,-1.8951171885533489,0.6562995501535221
42.84,1.843815526964784,64.05488361697753,-1.8967844561869558,0.6621211589597221
42.88,1.8630302288460423,64.11172370170314,-1.8984517238205627,0.66797427951559
42.92,1.8823396716106207,64.16853167139158,-1.9001189914541696,0.6738589393721486
42.96,1.9017438015825023,64.22530736812912,-1.9017862590877765,0.6797751628224556
43.0,1.9212425648224611,64.2820506340918,-1.9034535267213835,0.685722970838901
43.04,1.9408359071282109,64.33876131154578,-1.9051207943549904,0.6917023810103385
43.08,1.9605237740345565,64.39543924284781,-1.9067880619885973,0.6977134074790841
43.12,1.980306110813545,64.45208427044568,-1.9084553296222042,0.7037560608778088
43.160000000000004,2.000182862474618,64.50869623687862,-1.9101225972558111,0.7098303482663635
43.2,2.020153973764765,64.56527498477777,-1.911789864889418,0.7159362730685649
43.24,2.040219389168675,64.62182035686664,-1.913457132523025,0.7220738350089807
43.28,2.060379052908894,64.67833219596147,-1.9151244001566319,0.7282430300497482
43.32,2.080632908945977,64.73481034497176,-1.9167916677902388,0.734443850327464
43.36,2.100980900978646,64.79125464690064,-1.9184589354238457,0.7406762840901819
43.4,2.121422972443945,64.84766494484532,-1.9201262030574526,0.7469403156345604
43.44,2.1419590665173973,64.90404108199755,-1.9217934706910595,0.7532359252431962
43.480000000000004,2.162589126113165,64.96038290164401,-1.9234607383246665,0.7595630891221885
43.52,2.1833130938842062,65.01669024716682,-1.9251280059582734,0.7659217793389751
43.56,2.204130912222435,65.07296296204389,-1.9267952735918803,0.7723119637604822
43.6,2.2250425232588813,65.12920088984943,-1.9284625412254872,0.7787336059916343
43.64,2.246047868863852,65.18540387425432,-1.9301298088590941,0.7851866653142692
43.68,2.267146890647092,65.24157175902658,-1.931797076492701,0.7916710966265023
43.72,2.2883395299579474,65.29770438803182,-1.933464344126308,0.7981868503825907
43.76,2.309625727885529,65.35380160523364,-1.9351316117599149,0.8047338725333436
43.800000000000004,2.331005425258873,65.40986325469407,-1.9367988793935218,0.8113121044671273
43.84,2.35247856264711,65.46588918057402,-1.9384661470271287,0.8179214829515172
43.88,2.374045080359626,65.52187922713371,-1.9401334146607356,0.8245619400756461
43.92,2.395704918446231,65.57783323873308,-1.9418006822943426,0.8312334031933013
43.96,2.4174580166973247,65.63375105983225,-1.9434679499279495,0.8379357948668231
44.0,2.4393043146440645,65.68963253499193,-1.9451352175615564,0.8446690328118577
44.04,2.461243751558532,65.74547750887389,-1.9468024851951633,0.8514330298430196
44.08,2.483276266453904,65.80128582624133,-1.9484697528287702,0.8582276938205176
44.12,2.50540179808462,65.85705733195937,-1.9501370204623771,0.8650529275978005
44.160000000000004,2.527620284946554,65.91279187099546,-1.951804288095984,0.8719086289702788
44.2,2.549931665277185,65.9684892884198,-1.953471555729591,0.8787946906251781
44.24,2.5723358770557674,66.0241494294058,-1.9551388233631979,0.8857110000925836
44.28,2.594832858003506,66.07977213923044,-1.9568060909968048,0.8926574396977316
44.32,2.617422545583726,66.13535726327481,-1.9584733586304117,0.899633886514607
44.36,2.6401048770020505,66.19090464702445,-1.9601406262640186,0.9066402123209061
44.4,2.6628797892065714,66.2464141360698,-1.9618078938976256,0.9136762835544225
44.44,2.6857472188880274,66.30188557610667,-1.9634751615312325,0.9207419612709162
44.480000000000004,2.708707102479978,66.35731881293661,-1.9651424291648394,0.9278371011035245
44.52,2.731759376158981,66.41271369246738,-1.9668096967984463,0.934961553223775
44.56,2.7549039758447713,66.46807006071336,-1.9684769644320532,0.9421151623042607
44.6,2.7781408372004366,66.52338776379598,-1.9701442320656601,0.9492977674830347
44.64,2.801469895632598,66.57866664794417,-1.971811499699267,0.9565092023297865
44.68,2.8248910862915886,66.63390655949475,-1.973478767332874,0.9637492948138581
44.72,2.8484043440716342,66.68910734489286,-1.975146034966481,0.9710178672741583
44.76,2.8720096036110343,66.74426885069245,-1.9768133026000878,0.978314736391036
44.800000000000004,2.8957067992923435,66.79939092355662,-1.9784805702336947,0.9856397131601689
44.84,2.919495865242554,66.85447341025808,-1.9801478378673016,0.9929926028685262
44.88,2.943376735333279,66.9095161576796,-1.9818151055009086,1.0003732050724639
44.92,2.9673493431809366,66.96451901281443,-1.9834823731345155,1.0077813135780067
44.96,2.9914136221469336,67.01948182276668,-1.9851496407681224,1.0152167164233763
45.0,3.0155695053378513,67.07440443475178,-1.9868169084017293,1.022679195863817
45.04,3.0398169256056313,67.12928669609694,-1.9884841760353362,1.0301685283587767
45.08,3.064155815547762,67.18412845424149,-1.9901514436689431,1.0376844845614934
45.12,3.088586107507467,67.23892955673736,-1.99181871130255,1.0452268293110423
45.160000000000004,3.1131077335738917,67.29368985124952,-1.993485978936157,1.0527953216268913
45.2,3.1377206255822925,67.34840918555636,-1.995153246569764,1.0603897147060177
45.24,3.1624247151142266,67.40308740755012,-1.9968205142033708,1.0680097559226325
45.28,3.187219933497743,67.45772436523733,-1.9984877818369777,1.0756551868305588
45.32,3.212106211807571,67.51231990673922,-2.0001550494705844,1.0833257431683117
45.36,3.2370834808653144,67.56687388029218,-2.001822317104191,1.0910211548669202
45.4,3.262151671239642,67.62138613424811,-2.003489584737798,1.0987411460605363
45.44,3.2873107132464816,67.6758565170749,-2.0051568523714045,1.106485435099868
45.480000000000004,3.3125605369492135,67.73028487735685,-2.006824120005011,1.1142537345684773
45.52,3.3379010721588647,67.78467106379503,-2.008491387638618,1.1220457513019761
45.56,3.363332248434304,67.83901492520778,-2.0101586552722246,1.1298611864101569
45.6,3.388853995082438,67.89331631053106,-2.0118259229058313,1.1376997353020872
45.64,3.414466241158407,67.94757506881895,-2.013493190539438,1.1455610877141984
45.68,3.440168915465784,68.00179104924399,-2.0151604581730447,1.1534449277413965
45.72,3.46596194655677,68.05596410109766,-2.0168277258066514,1.1613509338712171
45.76,3.4918452627323946,68.11009407379073,-2.018494993440258,1.1692787790210486
45.800000000000004,3.5178187920427146,68.16418081685376,-2.0201622610738648,1.1772281305784413
45.84,3.543882462287014,68.21822417993745,-2.0218295287074715,1.1851986504445202
45.88,3.570036201014005,68.27222401281313,-2.023496796341078,1.1931899950805138
45.92,3.5962799355220287,68.32618016537307,-2.025164063974685,1.20120181555741
45.96,3.622613592859258,68.38009248763103,-2.0268313316082915,1.209233757608748
46.0,3.6490370998239,68.43396082972255,-2.0284985992418982,1.2172854616865494
46.04,3.6755503829644,68.48778504190547,-2.030165866875505,1.2253565630203918
46.08,3.702153368579644,68.54156497456027,-2.0318331345091116,1.2334466916796218
46.12,3.7288459827191662,68.59530047819054,-2.0335004021427183,1.241555472638705
46.160000000000004,3.7556281511833522,68.64899140342335,-2.035167669776325,1.249682525845702
46.2,3.7824997995236465,68.70263760100971,-2.0368349374099317,1.257827466293864
46.24,3.809460853042759,68.75623892182496,-2.0385022050435384,1.2659899040963278
46.28,3.8365112367948737,68.80979521686918,-2.040169472677145,1.2741694445638985
46.32,3.8636508755858547,68.8633063372676,-2.041836740310752,1.2823656882858931
46.36,3.8908796939734573,68.91677213427106,-2.0435040079443585,1.2905782312140257
46.4,3.9181976162675376,68.97019245925635,-2.045171275577965,1.2988066647493015
46.44,3.9456045665302617,69.0235671637267,-2.046838543211572,1.3070505758318927
46.480000000000004,3.973100468576318,69.07689609931211,-2.0485058108451786,1.3153095470339573
46.52,4.000685245973128,69.13017911776986,-2.0501730784787853,1.3235831566553669
46.56,4.028358822041059,69.18341607098482,-2.051840346112392,1.331870978822297
46.6,4.056121119853639,69.23660681096995,-2.0535076137459987,1.3401725835886398
46.64,4.083972062237767,69.28975118986665,-2.0551748813796054,1.3484875370401863
46.68,4.1119115717739305,69.3428490599452,-2.056842149013212,1.3568154014015295
46.72,4.139939570796419,69.39590027360516,-2.0585094166468187,1.3651557351456314
46.76,4.168055981393542,69.4489046833758,-2.0601766842804254,1.3735080931059955
46.800000000000004,4.196260725407844,69.50186214191648,-2.061843951914032,1.381872026591384
46.84,4.22455372443632,69.55477250201707,-2.063511219547639,1.3902470835030136
46.88,4.252934899830637,69.60763561659839,-2.0651784871812455,1.3986328084541624
46.92,4.281404172697353,69.66045133871255,-2.066845754814852,1.4070287428921162
46.96,4.309961463898129,69.71321952154344,-2.068513022448459,1.4154344252223803
47.0,4.33860669404996,69.76594001840708,-2.0701802900820656,1.4238493909350787
47.04,4.367339783525387,69.81861268275205,-2.0718475577156723,1.4322731727334626
47.08,4.396160652452721,69.87123736815988,-2.073514825349279,1.4407053006644426
47.12,4.425069220716267,69.9238139283455,-2.0751820929828857,1.4491453022510603
47.160000000000004,4.454065407956545,69.9763422171576,-2.0768493606164924,1.457592702626812
47.2,4.483149133570512,70.02882208857903,-2.078516628250099,1.4660470246717323
47.24,4.512320316711788,70.08125339672729,-2.080183895883706,1.4745077891501444
47.28,4.541578876290881,70.13363599585483,-2.0818511635173125,1.4829745148499838
47.32,4.5709247309754115,70.1859697403495,-2.083518431150919,1.4914467187235956
47.36,4.600357799190339,70.238254484735,-2.085185698784526,1.4999239160299067
47.4,4.629877999118186,70.29049008367116,-2.0868529664181326,1.508405620477872
47.44,4.659485248699272,70.3426763919545,-2.0885202340517393,1.5168913443710899
47.480000000000004,4.689179465631934,70.3948132645185,-2.090187501685346,1.5253805987534848
47.52,4.718960567372761,70.44690055643412,-2.0918547693189526,1.5338728935559471
47.56,4.748828471136822,70.49893812291009,-2.0935220369525593,1.5423677377438265
47.6,4.778783093897891,70.55092581929338,-2.095189304586166,1.5508646394651653
47.64,4.8088243523886876,70.60286350106962,-2.0968565722197727,1.5593631061995663
47.68,4.8389521631011,70.65475102386343,-2.0985238398533794,1.5678626449075823
47.72,4.869166442286421,70.70658824343886,-2.100191107486986,1.5763627621805147
47.76,4.899467105955579,70.75837501569981,-2.101858375120593,1.584862964390511
47.800000000000004,4.929854069879375,70.81011119669043,-2.1035256427541995,1.593362757840847
47.84,4.960327249588712,70.86179664259546,-2.105192910387806,1.6018616489162818
47.88,4.990886560374832,70.91343120974072,-2.106860178021413,1.6103591442333727
47.92,5.021531917289552,70.96501475459341,-2.1085274456550196,1.6188547507906352
47.96,5.052263235145501,71.0165471337626,-2.1101947132886263,1.627347976118438
48.0,5.083080428516354,71.06802820399956,-2.111861980922233,1.6358383284285174
48.04,5.1139834117370695,71.11945782219823,-2.1135292485558397,1.6443253167630039
48.08,5.144972098904132,71.17083584539553,-2.1151965161894464,1.652808451142843
48.120000000000005,5.1760464038757865,71.22216213077182,-2.116863783823053,1.661287242715506
48.160000000000004,5.207206240272279,71.27343653565129,-2.1185310514566598,1.6697612039018797
48.2,5.238451521476096,71.32465891750233,-2.1201983190902665,1.6782298485422211
48.24,5.269782160632208,71.37582913393797,-2.121865586723873,1.6866926920410812
48.28,5.301198070648309,71.42694704271621,-2.12353285435748,1.6951492515110795
48.32,5.332699164195057,71.47801250174048,-2.1252001219910865,1.7035990459154364
48.36,5.364285353706321,71.52902536906,-2.1268673896246932,1.7120415962091522
48.4,5.395956551379419,71.57998550287017,-2.1285346572583,1.7204764254787381
48.44,5.427712669175368,71.63089276151302,-2.1302019248919066,1.7289030590803975
48.480000000000004,5.459553618819123,71.68174700347753,-2.1318691925255133,1.7373210247765625
48.52,5.491479311799826,71.73254808740003,-2.13353646015912,1.7457298528706902
48.56,5.523489659371052,71.78329587206468,-2.1352037277927267,1.754129076340228
48.6,5.555584572551052,71.83399021640375,-2.1368709954263334,1.7625182309676575
48.64,5.587763962123008,71.88463097949808,-2.13853826305994,1.7708968554695301
48.68,5.6200277386352715,71.93521802057747,-2.140205530693547,1.7792644916234106
48.72,5.652375812401619,71.98575119902101,-2.1418727983271535,1.7876206843926468
48.76,5.684808093501499,72.03623037435756,-2.14354006596076,1.7959649820488859
48.800000000000004,5.717324491780283,72.08665540626608,-2.145207333594367,1.8042969362922632
48.84,5.749924916849512,72.13702615457603,-2.1468746012279736,1.8126161023691882
48.88,5.782609278087154,72.1873424792678,-2.1485418688615803,1.8209220391876615
48.92,5.815377484637851,72.23760424047302,-2.150209136495187,1.8292143094300524
48.96,5.8482294454131765,72.28781129847502,-2.1518764041287937,1.8374924796632761
49.0,5.881165069091881,72.3379635137092,-2.1535436717624004,1.8457561204463109
49.04,5.914184264120154,72.38806074676337,-2.155210939396007,1.8540048064349954
49.08,5.947286938711873,72.43810285837824,-2.1568782070296137,1.8622381164840562
49.120000000000005,5.980473000848862,72.48808970944769,-2.1585454746632204,1.8704556337463134
49.160000000000004,6.013742358281146,72.53802116101924,-2.160212742296827,1.8786569457690174
49.2,6.047094918527206,72.58789707429442,-2.161880009930434,1.886841644587276
49.24,6.080530588874238,72.63771731062911,-2.1635472775640405,1.895009326814529
49.28,6.1140492763784104,72.68748173153399,-2.1652145451976472,1.9031595937300356
49.32,6.147650887865122,72.73719019867488,-2.166881812831254,1.9112920513633425
49.36,6.1813353299292615,72.78684257387313,-2.1685490804648606,1.9194063105757007
49.4,6.215102508935466,72.83643871910603,-2.1702163480984673,1.9275019871384078
49.44,6.2489523310183825,72.88597849650718,-2.171883615732074,1.935578701808052
49.480000000000004,6.282884702082928,72.93546176836685,-2.1735508833656807,1.9436360803986379
49.52,6.316899527804551,72.9848883971324,-2.1752181509992874,1.9516737538505813
49.56,6.350996713629496,73.03425824540864,-2.176885418632894,1.959691358296556
49.6,6.385176164775063,73.08357117595821,-2.178552686266501,1.9676885351241884
49.64,6.4194377862298735,73.132827051702,-2.1802199539001075,1.9756649310355907
49.68,6.453781482754131,73.18202573571945,-2.181887221533714,1.983620198103732
49.72,6.4882071588798915,73.23116709124902,-2.183554489167321,1.9915539938256472
49.76,6.522714718911324,73.28025098168852,-2.1852217568009276,1.999465981172488
49.800000000000004,6.557304066924979,73.3292772705955,-2.1868890244345343,2.0073558286364217
49.84,6.591975106770052,73.37824582168761,-2.188556292068141,2.015223210274389
49.88,6.626727742068657,73.42715649884303,-2.1902235597017476,2.023067805748735
49.92,6.661561876216088,73.47600916610081,-2.1918908273353543,2.030889300364722
49.96,6.69647741238109,73.52480368766123,-2.193558094968961,2.0386873851049545
50.0,6.731474253506129,73.57353992788623,-2.1952253626025677,2.0464617566607246
50.04,6.7665523023076615,73.62221775129974,-2.1968926302361744,2.054212117460313
50.08,6.801711461276403,73.6708370225881,-2.198559897869781,2.061938175694263
50.120000000000005,6.836951632677601,73.71939760660038,-2.200227165503388,2.069639645337662
50.160000000000004,6.872272718551307,73.76789936834882,-2.2018944331369945,2.0773162461694588
50.2,6.9076746207126485,73.81634217300915,-2.203561700770601,2.084967703788852
50.24,6.943157240752099,73.86472588592099,-2.205228968404208,2.0925937496287847
50.28,6.978720480035757,73.91305037258824,-2.2068962360378146,2.1001941209665818
50.32,7.014364239705614,73.96131549867943,-2.2085635036714213,2.107768560931772
50.36,7.050088420679835,74.00952113002806,-2.210230771305028,2.1153168185111335
50.4,7.08589292365303,74.05766713263309,-2.2118980389386347,2.1228386485510122
50.44,7.121777649096533,74.10575337265915,-2.2135653065722414,2.130333811756949
50.480000000000004,7.157742497258676,74.15377971643706,-2.215232574205848,2.137802074690673
50.52,7.193787368165067,74.20174603046411,-2.2168998418394548,2.1452432097645007
50.56,7.229912161618869,74.24965218140446,-2.2185671094730615,2.1526569952331966
50.6,7.266116777201078,74.29749803608952,-2.220234377106668,2.1600432151833435
50.64,7.302401114270801,74.34528346151832,-2.221901644740275,2.1674016595202765
50.68,7.338765071965539,74.39300832485783,-2.2235689123738815,2.1747321239526327
50.72,7.375208549201461,74.44067249344342,-2.2252361800074882,2.182034409974574
50.76,7.411731444673694,74.48827583477913,-2.226903447641095,2.1893083248457343
50.800000000000004,7.4483336568565965,74.53581821653812,-2.2285707152747016,2.1965536815689526
50.84,7.485015084004044,74.583299506563,-2.2302379829083083,2.203770298865846
50.88,7.521775624149714,74.63071957286618,-2.231905250541915,2.210958001150279
50.92,7.558615175107366,74.6780782836303,-2.2335725181755217,2.2181166184997965
50.96,7.595533634471125,74.7253755072085,-2.2352397858091284,2.2252459866250636
51.0,7.63253089961577,74.77261111212488,-2.236907053442735,2.2323459468373903
51.04,7.669606867697018,74.81978496707482,-2.238574321076342,2.2394163460143863
51.08,7.706761435651807,74.86689694092536,-2.2402415887099485,2.2464570365638137
51.120000000000005,7.7439945001985855,74.91394690271552,-2.241908856343555,2.2534678763856943
51.160000000000004,7.781305957837598,74.96093472165674,-2.243576123977162,2.2604487288327357
51.2,7.818695704851175,75.00786026713317,-2.2452433916107686,2.2673994626691307
51.24,7.856163637304017,75.05472340870209,-2.2469106592443753,2.2743199520277972
51.28,7.89370965104349,75.10152401609425,-2.248577926877982,2.281210076366115
51.32,7.931333641699907,75.14826195921422,-2.2502451945115887,2.288069720420217
51.36,7.9690355046868255,75.19493710814078,-2.2519124621451954,2.294898774157903
51.4,8.006815135201334,75.24154933312722,-2.253579729778802,2.301697132730226
51.44,8.044672428224343,75.2880985046018,-2.2552469974124087,2.3084646964218174
51.480000000000004,8.08260727852088,75.33458449316804,-2.2569142650460154,2.315201370600006
51.52,8.12061958064038,75.38100716960506,-2.258581532679622,2.32190706566279
51.56,8.158709228916976,75.427366404868,-2.260248800313229,2.328581696985721
51.6,8.1968761174698,75.47366207008837,-2.2619160679468355,2.3352251848677548
51.64,8.235120140203273,75.51989403657436,-2.2635833355804422,2.341837454476128
51.68,8.273441190807395,75.56606217581124,-2.265250603214049,2.3484184357903137
51.72,8.31183916275805,75.61216635946171,-2.2669178708476556,2.354968063545116
51.76,8.350313949317295,75.65820645936626,-2.2685851384812623,2.361486277172949
51.800000000000004,8.38886544353366,75.7041823475435,-2.270252406114869,2.3679730207453655
51.84,8.427493538242446,75.75009389619053,-2.2719196737484757,2.3744282429138788
51.88,8.46619812606602,75.79594097768333,-2.2735869413820824,2.3808518968501318
51.92,8.504979099414115,75.84172346457706,-2.275254209015689,2.387243940185468
51.96,8.543836350484128,75.88744122960644,-2.276921476649296,2.3936043349499507
52.0,8.582769771261423,75.93309414568611,-2.2785887442829025,2.3999330475108804
52.04,8.621779253519628,75.97868208591099,-2.280256011916509,2.406230048510859
52.08,8.660864688820935,76.02420492355658,-2.281923279550116,2.412495312805449
52.120000000000005,8.700025968516405,76.06966253207939,-2.2835905471837226,2.418728819400469
52.160000000000004,8.739262983746269,76.11505478511724,-2.2852578148173293,2.42493055138898
52.2,8.778575625440226,76.1603815564896,-2.286925082450936,2.4311004958879963
52.24,8.817963784317755,76.205642720198,-2.2885923500845426,2.4372386439749705
52.28,8.85742735088841,76.25083815042633,-2.2902596177181493,2.4433449906240914
52.32,8.89696621545213,76.2959677215412,-2.291926885351756,2.4494195346424394
52.36,8.936580268099542,76.3410313080923,-2.2935941529853627,2.455462278606034
52.4,8.976269398712265,76.38602878481274,-2.2952614206189694,2.4614732287958168
52.44,9.016033496963221,76.43096002661939,-2.296928688252576,2.467452395133605
52.480000000000004,9.055872452316935,76.47582490861326,-2.298595955886183,2.4733997911180525
52.52,9.095786154029849,76.52062330607983,-2.3002632235197895,2.4793154337606547
52.56,9.135774491150622,76.56535509448936,-2.301930491153396,2.48519934352183
52.6,9.175837352520448,76.6100201494973,-2.303597758787003,2.491051544247112
52.64,9.215974626773356,76.65461834694459,-2.3052650264206096,2.4968720631034875
52.68,9.256186202336524,76.69914956285801,-2.3069322940542163,2.502660930515903
52.72,9.296471967430591,76.74361367345055,-2.308599561687823,2.50841818010398
52.76,9.336831810069963,76.78801055512174,-2.3102668293214297,2.5141438486189607
52.800000000000004,9.377265618063129,76.83234008445797,-2.3119340969550364,2.519837975880915
52.84,9.41777327901297,76.87660213823287,-2.313601364588643,2.525500604716236
52.88,9.458354680317068,76.92079659340764,-2.3152686322222498,2.5311317808954454
52.92,9.499009709168028,76.9649233271314,-2.3169358998558565,2.536731553071342
52.96,9.539738252553786,77.0089822167415,-2.318603167489463,2.5422999727175077
53.0,9.58054019725792,77.05297313976388,-2.32027043512307,2.547837094067199
53.04,9.62141542985997,77.09689597391342,-2.3219377027566765,2.553342974052645
53.08,9.662363836735757,77.14075059709428,-2.3236049703902832,2.5588176722447735
53.120000000000005,9.703385304057685,77.18453688740023,-2.32527223802389,2.5642612507933795
53.160000000000004,9.744479717795071,77.22825472311496,-2.3269395056574966,2.5696737743677636
53.2,9.785646963714457,77.27190398271249,-2.3286067732911033,2.5750553100978504
53.24,9.826886927379928,77.31548454485744,-2.33027404092471,2.5804059275158098
53.28,9.868199494153425,77.35899628840542,-2.3319413085583167,2.5857256984981913
53.32,9.909584549195072,77.40243909240331,-2.3336085761919234,2.591014697208593
53.36,9.951041977463493,77.44581283608966,-2.33527584382553,2.5962730000408736
53.4,9.992571663716127,77.48911739889495,-2.336943111459137,2.6015006855629252
53.44,10.034173492509554,77.532352660442,-2.3386103790927435,2.6066978344610177
53.480000000000004,10.07584734819981,77.57551850054628,-2.34027764672635,2.611864529484726
53.52,10.117593114942716,77.6186147992162,-2.341944914359957,2.617000855392453
53.56,10.159410676694195,77.66164143665351,-2.3436121819935636,2.6221068988975564
53.6,10.201299917210594,77.70459829325358,-2.3452794496271703,2.6271827486150916
53.64,10.243260720049012,77.74748524960579,-2.346946717260777,2.6322284950091763
53.68,10.285292968567616,77.79030218649378,-2.3486139848943837,2.6372442303409875
53.72,10.327396545925973,77.83304898489587,-2.3502812525279904,2.6422300486173964
53.76,10.369571335085372,77.87572552598533,-2.351948520161597,2.647186045540249
53.800000000000004,10.411817218809144,77.91833169113073,-2.3536157877952038,2.6521123184563
53.84,10.454134079663,77.96086736189629,-2.3552830554288104,2.6570089663078003
53.88,10.496521800015342,78.00333242004216,-2.356950323062417,2.661876089583749
53.92,10.538980262037606,78.04572674752478,-2.358617590696024,2.666713790271811
53.96,10.581509347704575,78.08805022649723,-2.3602848583296305,2.671522171810902
54.0,10.624108938794718,78.13030273930951,-2.3619521259632372,2.6763013390444477
54.04,10.666778916890513,78.17248416850892,-2.363619393596844,2.6810513981743207
54.08,10.709519163378777,78.21459439684031,-2.3652866612304506,2.68577245671545
54.120000000000005,10.752329559450999,78.2566333072465,-2.3669539288640573,2.690464623451112
54.160000000000004,10.795209986103663,78.29860078286853,-2.368621196497664,2.6951280083889
54.2,10.838160324138586,78.34049670704601,-2.3702884641312707,2.6997627227173755
54.24,10.88118045416325,78.38232096331748,-2.3719557317648774,2.7043688787633973
54.28,10.924270256591123,78.42407343542067,-2.373622999398484,2.708946589950134
54.32,10.967429611642006,78.46575400729284,-2.375290267032091,2.713495970755753
54.36,11.010658399342352,78.50736256307117,-2.3769575346656975,2.7180171366727883
54.4,11.053956499525615,78.54889898709298,-2.378624802299304,2.722510204168185
54.44,11.097323791832569,78.59036316389614,-2.380292069932911,2.7269752906440186
54.480000000000004,11.14076015571165,78.63175497821932,-2.3819593375665176,2.731412514398887
54.52,11.184265470419293,78.67307431500234,-2.3836266052001243,2.7358219945899727
54.56,11.227839615020262,78.71432105938652,-2.385293872833731,2.740203851195768
54.6,11.271482468387989,78.75549509671495,-2.3869611404673376,2.7445582049794695
54.64,11.315193909204913,78.79659631253284,-2.3886284081009443,2.7488851774530296
54.68,11.358973815962814,78.83762459258782,-2.390295675734551,2.7531848908418644
54.72,11.402822066963152,78.87857982283026,-2.3919629433681577,2.7574574680502137
54.76,11.446738540317403,78.91946188941361,-2.3936302110017644,2.7617030326271506
54.800000000000004,11.490723113947402,78.96027067869468,-2.395297478635371,2.765921708733232
54.84,11.534775665585677,79.001006077234,-2.396964746268978,2.7701136211077912
54.88,11.578896072775796,79.04166797179607,-2.3986320139025845,2.774278895036858
54.92,11.623084212872703,79.08225624934977,-2.400299281536191,2.7784176563217162
54.96,11.667339963043057,79.12277079706857,-2.401966549169798,2.7825300312480743
55.0,11.711663200265578,79.16321150233092,-2.4036338168034046,2.7866161465558617
55.04,11.756053801331385,79.20357825272052,-2.4053010844370113,2.790676129409632
55.08,11.800511642844342,79.24387093602665,-2.406968352070618,2.794710107369574
55.120000000000005,11.845036601221397,79.28408944024451,-2.4086356197042247,2.7987182083631224
55.160000000000004,11.889628552692928,79.32423365357546,-2.4103028873378314,2.802700560657161
55.2,11.934287373303091,79.3643034644274,-2.411970154971438,2.8066572928308156
55.24,11.979012938910156,79.40429876141502,-2.4136374226050448,2.8105885337488257
55.28,12.02380512518686,79.44421943336017,-2.4153046902386515,2.814494412535492
55.32,12.068663807620744,79.48406536929215,-2.416971957872258,2.818375058549192
55.36,12.113588861514511,79.523836458448,-2.418639225505865,2.8222306013574547
55.4,12.158580161986361,79.5635325902728,-2.4203064931394715,2.8260611707125944
55.44,12.203637583970343,79.60315365442001,-2.4219737607730782,2.8298668965278866
55.480000000000004,12.248761002216705,79.64269954075176,-2.423641028406685,2.833647908854288
55.52,12.29395029129224,79.68217013933916,-2.4253082960402916,2.8374043378576896
55.56,12.339205325580634,79.7215653404626,-2.4269755636738983,2.841136313796698
55.6,12.384525979282813,79.76088503461206,-2.428642831307505,2.844843967000933
55.64,12.4299121264173,79.80012911248741,-2.4303100989411117,2.8485274278498407
55.68,12.475363640820555,79.83929746499872,-2.4319773665747184,2.852186826752012
55.72,12.520880396147339,79.87838998326657,-2.433644634208325,2.855822294124998
55.76,12.566462265871051,79.91740655862232,-2.435311901841932,2.859433960375619
55.800000000000004,12.612109123284087,79.95634708260845,-2.4369791694755385,2.863021955880755
55.84,12.657820841498197,79.99521144697883,-2.438646437109145,2.866586410968614
55.88,12.703597293444824,80.03399954369907,-2.440313704742752,2.8701274559004726
55.92,12.749438351875472,80.07271126494675,-2.4419809723763586,2.8736452208528758
55.96,12.79534388936205,80.11134650311178,-2.4436482400099653,2.877139835900293
56.0,12.841313778297229,80.14990515079667,-2.445315507643572,2.880611430998225
56.04,12.887347890894798,80.18838710081683,-2.4469827752771787,2.884060135966749
56.08,12.93344609919002,80.22679224620087,-2.4486500429107854,2.887486080474498
56.120000000000005,12.979608275039984,80.26512048019093,-2.450317310544392,2.890889394023071
56.160000000000004,13.025834290123964,80.30337169624292,-2.4519845781779988,2.8942702059318584
56.2,13.072124015943773,80.34154578802683,-2.4536518458116054,2.897628645323282
56.24,13.118477323824125,80.37964264942708,-2.455319113445212,2.900964841108444
56.28,13.164894084912989,80.41766217454273,-2.456986381078819,2.9042789219731695
56.32,13.211374170181946,80.45560425768784,-2.4586536487124255,2.9075710163644475
56.36,13.257917450426554,80.49346879339174,-2.4603209163460322,2.910841252477252
56.4,13.304523796266697,80.53125567639933,-2.461988183979639,2.914089758241744
56.44,13.351193078146954,80.56896480167134,-2.4636554516132456,2.9173166613108465
56.480000000000004,13.397925166336956,80.6065960643847,-2.4653227192468523,2.9205220890481813
56.52,13.444719930931745,80.64414935993274,-2.466989986880459,2.923706168516367
56.56,13.491577241852138,80.68162458392553,-2.4686572545140657,2.9268690264656705
56.6,13.538496968845083,80.71902163219016,-2.4703245221476724,2.930010789322997
56.64,13.585478981484028,80.75634040077105,-2.471991789781279,2.9331315831812272
56.68,13.632523149169282,80.7935807859302,-2.473659057414886,2.9362315337888827
56.72,13.679629341128374,80.83074268414751,-2.4753263250484925,2.9393107665401175
56.76,13.72679742641642,80.86782599212104,-2.476993592682099,2.9423694064650308
56.800000000000004,13.774027273916486,80.90483060676733,-2.478660860315706,2.9454075782202924
56.84,13.821318752339952,80.94175642522167,-2.4803281279493126,2.9484254060800774
56.88,13.868671730226879,80.97860334483838,-2.4819953955829193,2.9514230139273
56.92,13.916086075946371,81.0153712631911,-2.483662663216526,2.9544005252451457
56.96,13.963561657696944,81.05206007807308,-2.4853299308501327,2.9573580631088907
57.0,14.011098343506893,81.08866968749747,-2.4869971984837393,2.9602957501780063
57.04,14.058696001234653,81.12519998969758,-2.488664466117346,2.9632137086885413
57.08,14.106354498569175,81.16165088312717,-2.4903317337509527,2.9661120604457762
57.120000000000005,14.154073703030285,81.19802226646075,-2.4919990013845594,2.968990926817145
57.160000000000004,14.20185348196906,81.23431403859387,-2.493666269018166,2.9718504287254164
57.2,14.249693702568193,81.27052609864333,-2.495333536651773,2.9746906866421323
57.24,14.297594231842359,81.30665834594757,-2.4970008042853795,2.977511820581297
57.28,14.34555493663859,81.34271068006686,-2.498668071918986,2.980313950093309
57.32,14.393575683636646,81.37868300078361,-2.500335339552593,2.983097194259134
57.36,14.441656339349379,81.41457520810266,-2.5020026071861996,2.9858616716847126
57.4,14.489796770123109,81.45038720225155,-2.5036698748198063,2.988607500495597
57.44,14.537996842137995,81.48611888368077,-2.505337142453413,2.991334798331811
57.480000000000004,14.586256421408406,81.52177015306411,-2.5070044100870197,2.9940436823429315
57.52,14.634575373783294,81.55734091129884,-2.5086716777206264,2.9967342691833823
57.56,14.682953564946567,81.59283105950605,-2.510338945354233,2.99940667500794
57.6,14.731390860417463,81.62824049903092,-2.5120062129878398,3.0020610154674414
57.64,14.779887125550921,81.66356913144297,-2.5136734806214465,3.0046974057046962
57.68,14.828442225537959,81.69881685853635,-2.515340748255053,3.0073159603505903
57.72,14.877056025406045,81.7339835823301,-2.51700801588866,3.009916793520383
57.76,14.925728390019477,81.76906920506843,-2.5186752835222666,3.0125000188101922
57.800000000000004,14.974459184079754,81.80407362922104,-2.5203425511558732,3.015065749293658
57.84,15.023248272125953,81.83899675748327,-2.52200981878948,3.0176140975187886
57.88,15.072095518535109,81.8738384927765,-2.5236770864230866,3.0201451755049784
57.92,15.121000787522588,81.90859873824833,-2.5253443540566933,3.0226590947401957
57.96,15.169963943142466,81.94327739727292,-2.5270116216903,3.025155966178336
58.0,15.218984849287908,81.97787437345119,-2.5286788893239067,3.0276359002367377
58.04,15.268063369691545,82.01238957061113,-2.5303461569575134,3.0300990067938556
58.08,15.31719936792585,82.04682289280808,-2.53201342459112,3.0325453951870878
58.120000000000005,15.366392707403524,82.08117424432493,-2.533680692224727,3.034975174210753
58.160000000000004,15.415643251377869,82.11544352967246,-2.5353479598583335,3.037388452114215
58.2,15.464950862943175,82.14963065358958,-2.53701522749194,3.039785336600147
58.24,15.514315405035092,82.18373552104359,-2.538682495125547,3.04216593482294
58.28,15.563736740431018,82.21775803723042,-2.5403497627591536,3.0445303533872425
58.32,15.61321473175048,82.25169810757495,-2.5420170303927603,3.046878698346634
58.36,15.662749241455508,82.28555563773122,-2.543684298026367,3.0492110752024275
58.4,15.712340131851029,82.31933053358271,-2.5453515656599737,3.051527588902598
58.44,15.761987265085242,82.35302270124264,-2.5470188332935804,3.053828343840831
58.480000000000004,15.811690503150004,82.38663204705415,-2.548686100927187,3.0561134438556934
58.52,15.861449707881212,82.42015847759063,-2.5503533685607938,3.0583829922299164
58.56,15.911264740959188,82.45360189965596,-2.5520206361944004,3.060637091689794
58.6,15.961135463909063,82.48696222028477,-2.553687903828007,3.0628758444046897
58.64,16.011061738101162,82.52023934674267,-2.555355171461614,3.0650993519866523
58.68,16.061043424751393,82.55343318652655,-2.5570224390952205,3.067307715490132
58.72,16.111080384921625,82.58654364736482,-2.5586897067288272,3.069501035411801
58.76,16.161172479520083,82.61957063721765,-2.560356974362434,3.0716794116904684
58.800000000000004,16.21131956930173,82.65251406427726,-2.5620242419960406,3.0738429437070964
58.84,16.261521514868647,82.68537383696814,-2.5636915096296473,3.0759917302849034
58.88,16.311778176670437,82.71814986394733,-2.565358777263254,3.0781258696895604
58.92,16.3620894150046,82.75084205410467,-2.5670260448968607,3.0802454596294755
58.96,16.412455090016927,82.78345031656302,-2.5686933125304674,3.082350597256162
59.0,16.462875061701887,82.81597456067857,-2.570360580164074,3.084441379164689
59.04,16.51334918990301,82.84841469604106,-2.572027847797681,3.0865179013942146
59.08,16.563877334313293,82.88077063247403,-2.5736951154312875,3.088580259428594
59.120000000000005,16.61445935447557,82.91304228003504,-2.575362383064894,3.0906285481970657
59.160000000000004,16.66509510978292,82.94522954901603,-2.577029650698501,3.092662862075009
59.2,16.715784459479046,82.97733234994342,-2.5786969183321076,3.094683294884774
59.24,16.76652726265867,83.00935059357849,-2.5803641859657143,3.09668993989658
59.28,16.817323378267925,83.04128419091752,-2.582031453599321,3.098682889829482
59.32,16.86817266510475,83.07313305319212,-2.5836987212329277,3.100662236852398
59.36,16.91907498181928,83.10489709186943,-2.5853659888665343,3.102628072585205
59.4,16.97003018691423,83.1365762186524,-2.587033256500141,3.104580488099891
59.44,17.021038138745308,83.16817034548,-2.5887005241337477,3.1065195739217666
59.480000000000004,17.072098695521593,83.19967938452747,-2.5903677917673544,3.108445420030736
59.52,17.123211715305935,83.23110324820661,-2.592035059400961,3.110358115862621
59.56,17.174377056015345,83.26244184916597,-2.593702327034568,3.112257750310537
59.6,17.225594575421397,83.2936951002911,-2.5953695946681745,3.1141444117263233
59.64,17.276864131150617,83.32486291470482,-2.597036862301781,3.116018187922023
59.68,17.328185580684885,83.35594520576745,-2.598704129935388,3.1178791661714067
59.72,17.37955878136182,83.38694188707703,-2.6003713975689946,3.1197274332115494
59.76,17.43098359037519,83.41785287246957,-2.6020386652026013,3.1215630752444454
59.800000000000004,17.482459864775308,83.44867807601932,-2.603705932836208,3.123386177938671
59.84,17.533987461469415,83.47941741203898,-2.6053732004698147,3.1251968264310865
59.88,17.585566237222093,83.51007079507993,-2.6070404681034214,3.1269951053285805
59.92,17.637196048655653,83.54063813993248,-2.608707735737028,3.12878109870985
59.96,17.688876752250543,83.57111936162613,-2.6103750033706348,3.13055489012722
60.0,17.74060820434574,83.60151437542976,-2.6120422710042415,3.132316562608498
60.04,17.79239026113915,83.63182309685189,-2.613709538637848,3.1340661986588634
60.08,17.84422277868801,83.66204544164093,-2.615376806271455,3.1358038802627894
60.120000000000005,17.896105612909288,83.69218132578537,-2.6170440739050616,3.137529688885997
60.160000000000004,17.94803861958008,83.72223066551408,-2.6187113415386682,3.139243705477439
60.2,18.000021654338013,83.75219337729648,-2.620378609172275,3.1409460104713163
60.24,18.052054572681655,83.7820693778428,-2.6220458768058816,3.142636683789117
60.28,18.104137229970902,83.81185858410431,-2.6237131444394883,3.144315804841687
60.32,18.156269481427387,83.84156091327355,-2.625380412073095,3.1459834525313237
60.36,18.20845118213488,83.87117628278456,-2.6270476797067017,3.147639705253896
60.4,18.260682187039695,83.9007046103131,-2.6287149473403084,3.1492846409009867
60.44,18.312962350951096,83.9301458137769,-2.630382214973915,3.1509183368620572
60.480000000000004,18.36529152854169,83.95949981133587,-2.632049482607522,3.1525408700266353
60.52,18.417669574347837,83.98876652139234,-2.6337167502411285,3.1541523167865213
60.56,18.470096342770056,84.01794586259126,-2.635384017874735,3.1557527530380147
60.6,18.522571688073427,84.04703775382048,-2.637051285508342,3.1573422541841594
60.64,18.575095464387996,84.07604211421089,-2.6387185531419486,3.1589208951370047
60.68,18.62766752570918,84.10495886313676,-2.6403858207755553,3.1604887503198857
60.72,18.680287725898182,84.13378792021585,-2.642053088409162,3.1620458936697173
60.76,18.732955918682382,84.16252920530971,-2.6437203560427687,3.1635923986393037
60.800000000000004,18.785671957655754,84.19118263852387,-2.6453876236763754,3.1651283381996613
60.84,18.838435696279266,84.21974814020807,-2.647054891309982,3.1666537848423553
60.88,18.8912469878813,84.24822563095647,-2.6487221589435888,3.168168810581849
60.92,18.94410568565804,84.27661503160789,-2.6503894265771955,3.169673486957863
60.96,18.9970116426739,84.30491626324603,-2.652056694210802,3.1711678850377476
61.0,19.04996471186192,84.33312924719968,-2.653723961844409,3.1726520754188634
61.04,19.102964746024185,84.36125390504291,-2.6553912294780155,3.1741261282309714
61.08,19.156011597832215,84.38929015859536,-2.6570584971116222,3.1755901131386324
61.120000000000005,19.209105119827395,84.41723792992238,-2.658725764745229,3.1770440993436133
61.160000000000004,19.26224516442138,84.4450971413353,-2.6603930323788356,3.178488155587303
61.2,19.315431583896494,84.47286771539162,-2.6620603000124423,3.1799223501531304
61.24,19.368664230406157,84.50054957489522,-2.663727567646049,3.181346750868995
61.28,19.421942955975283,84.52814264289661,-2.6653948352796557,3.182761425109695
61.32,19.475267612500698,84.55564684269312,-2.6670621029132624,3.1841664397993683
61.36,19.52863805175155,84.5830620978291,-2.668729370546869,3.1855618614139294
61.4,19.582054125369723,84.61038833209615,-2.670396638180476,3.186947755983518
61.44,19.635515684870246,84.63762546953333,-2.6720639058140825,3.1883241890949447
61.480000000000004,19.6890225816417,84.66477343442739,-2.673731173447689,3.1896912258941423
61.52,19.742574666946656,84.69183215131291,-2.675398441081296,3.1910489310886176
61.56,19.79617179192205,84.7188015449726,-2.6770657087149026,3.192397368949906
61.6,19.849813807579633,84.74568154043749,-2.6787329763485093,3.1937366033160264
61.64,19.90350056480636,84.77247206298705,-2.680400243982116,3.1950666975939375
61.68,19.957231914364822,84.7991730381495,-2.6820675116157227,3.1963877147619923
61.72,20.01100770689365,84.82578439170202,-2.6837347792493293,3.1976997173723953
61.76,20.06482779290793,84.85230604967084,-2.685402046882936,3.199002767553655
61.800000000000004,20.118692022799628,84.8787379383316,-2.6870693145165427,3.20029692701304
61.84,20.172600246837995,84.90507998420942,-2.6887365821501494,3.201582257039029
61.88,20.226552315169986,84.93133211407921,-2.690403849783756,3.2028588185037625
61.92,20.280548077820686,84.9574942549658,-2.692071117417363,3.204126671865489
61.96,20.334587384693712,84.98356633414416,-2.6937383850509695,3.2053858771710115
62.0,20.388670085571643,85.00954827913964,-2.695405652684576,3.2066364940581287
62.04,20.44279603011643,85.03544001772813,-2.697072920318183,3.2078785817580733
62.08,20.496965067869812,85.06124147793628,-2.6987401879517896,3.209112199097947
62.120000000000005,20.55117704825375,85.08695258804167,-2.7004074555853963,3.2103374045031527
62.160000000000004,20.605431820570818,85.11257327657307,-2.702074723219003,3.211554255999818
62.2,20.65972923400465,85.13810347231058,-2.7037419908526097,3.2127628112172193
62.24,20.714069137620346,85.16354310428585,-2.7054092584862164,3.2139631273901985
62.28,20.768451380364883,85.18889210178229,-2.707076526119823,3.215155261361573
62.32,20.822875811067554,85.21415039433523,-2.7087437937534298,3.2163392695845427
62.36,20.877342278440377,85.23931791173217,-2.7104110613870365,3.2175152081250893
62.4,20.931850631078518,85.26439458401292,-2.712078329020643,3.2186831326643714
62.440000000000005,20.986400717460707,85.28938034146984,-2.71374559665425,3.2198430985011117
62.480000000000004,21.040992385949664,85.31427511464798,-2.7154128642878566,3.220995160553979
62.52,21.095625484792524,85.33907883434536,-2.7170801319214632,3.2221393733639605
62.56,21.15029986212125,85.36379143161307,-2.71874739955507,3.2232757910967327
62.6,21.205015365953066,85.3884128377555,-2.7204146671886766,3.224404467545019
62.64,21.25977184419087,85.41294298433054,-2.7220819348222833,3.2255254561309434
62.68,21.314569144623654,85.43738180314978,-2.72374920245589,3.2266388099083767
62.72,21.369407114926943,85.46172922627863,-2.7254164700894967,3.227744581565272
62.76,21.424285602663204,85.48598518603663,-2.7270837377231034,3.228842823425996
62.800000000000004,21.47920445528227,85.5101496149975,-2.72875100535671,3.2299335874536506
62.84,21.534163520121783,85.53422244598944,-2.730418272990317,3.231016925252384
62.88,21.589162644407587,85.55820361209526,-2.7320855406239235,3.232092888069697
62.92,21.644201675254177,85.58209304665256,-2.73375280825753,3.2331615267987384
62.96,21.69928045966512,85.60589068325397,-2.735420075891137,3.2342228919805915
63.0,21.75439884453347,85.62959645574728,-2.7370873435247436,3.2352770338065535
63.04,21.809556676642206,85.65321029823562,-2.7387546111583503,3.2363240021204036
63.08,21.864753802664648,85.67673214507771,-2.740421878791957,3.237363846420664
63.120000000000005,21.91999006916489,85.70016193088796,-2.7420891464255637,3.238396615862849
63.160000000000004,21.975265322598222,85.7234995905367,-2.7437564140591704,3.2394223592617077
63.2,22.030579409311564,85.74674505915037,-2.745423681692777,3.2404411250934544
63.24,22.08593217554388,85.76989827211165,-2.7470909493263838,3.2414529614979912
63.28,22.141323467426623,85.79295916505968,-2.7487582169599905,3.24245791628112
63.32,22.196753130984142,85.81592767389026,-2.750425484593597,3.2434560369167436
63.36,22.25222101213413,85.83880373475596,-2.752092752227204,3.244447370549061
63.4,22.30772695668804,85.86158728406633,-2.7537600198608105,3.245431963994746
63.440000000000005,22.363270810351516,85.88427825848812,-2.7554272874944172,3.246409863745123
63.480000000000004,22.41885241872483,85.90687659494539,-2.757094555128024,3.247381115968324
63.52,22.47447162730329,85.92938223061971,-2.7587618227616306,3.2483457665114455
63.56,22.5301282814777,85.95179510295036,-2.7604290903952373,3.2493038609026854
63.6,22.585822226534766,85.97411514963446,-2.762096358028844,3.2502554443534764
63.64,22.641553307657528,85.99634230862719,-2.7637636256624507,3.251200561760605
63.68,22.697321369925806,86.01847651814191,-2.7654308932960574,3.2521392577083215
63.72,22.753126258316613,86.04051771665037,-2.767098160929664,3.253071576470439
63.76,22.8089678177046,86.06246584288289,-2.768765428563271,3.2539975620124224
63.800000000000004,22.86484589286247,86.08432083582846,-2.7704326961968775,3.2549172579934647
63.84,22.92076032846143,86.10608263473502,-2.772099963830484,3.2558307077685544
63.88,22.976710969071615,86.12775117910952,-2.773767231464091,3.256737954390533
63.92,23.03269765916251,86.14932640871818,-2.7754344990976976,3.257639040612138
63.96,23.08872024310339,86.17080826358658,-2.7771017667313043,3.2585340088880383
64.0,23.144778565163758,86.19219668399987,-2.778769034364911,3.2594229013768583
64.04,23.200872469513776,86.21349161050294,-2.7804363019985177,3.260305759943189
64.08,23.257001800224685,86.23469298390056,-2.7821035696321244,3.2611826261595906
64.12,23.313166401269257,86.25580074525756,-2.783770837265731,3.2620535413085827
64.16,23.369366116522215,86.276814835899,-2.7854381048993377,3.2629185463846233
64.2,23.425600789760676,86.2977351974103,-2.7871053725329444,3.2637776820960784
64.24,23.481870264664575,86.31856177163746,-2.788772640166551,3.2646309888671787
64.28,23.538174384817115,86.33929450068716,-2.790439907800158,3.2654785068399654
64.32000000000001,23.594512993705187,86.35993332692696,-2.7921071754337645,3.266320275876227
64.36,23.650885934719813,86.38047819298546,-2.793774443067371,3.2671563355594224
64.4,23.70729305115658,86.40092904175243,-2.795441710700978,3.267986725196595
64.44,23.76373418621607,86.421285816379,-2.7971089783345846,3.268811483820273
64.48,23.820209183004305,86.44154846027777,-2.7987762459681913,3.269630650190363
64.52,23.87671788453318,86.46171691712307,-2.800443513601798,3.270444262796028
64.56,23.933260133720893,86.481791130851,-2.8021107812354047,3.2712523598575562
64.6,23.989835773392393,86.50177104565964,-2.8037780488690114,3.2720549793282205
64.64,24.046444646279806,86.52165660600922,-2.805445316502618,3.272852158896123
64.68,24.103086595022877,86.54144775662223,-2.8071125841362248,3.273643935986032
64.72,24.159761462169413,86.56114444248364,-2.8087798517698315,3.274430347761207
64.76,24.216469090175707,86.58074660884095,-2.810447119403438,3.2752114311252107
64.8,24.27320932140699,86.60025420120445,-2.812114387037045,3.275987222723713
64.84,24.329981998137864,86.61966716534731,-2.8137816546706516,3.2767577589462813
64.88,24.386786962552733,86.63898544730574,-2.8154489223042583,3.2775230759281624
64.92,24.443624056746255,86.65820899337916,-2.817116189937865,3.278283209552051
64.96000000000001,24.500493122723768,86.67733775013032,-2.8187834575714716,3.2790381954498486
65.0,24.557394002401743,86.69637166438548,-2.8204507252050783,3.2797880690044123
65.04,24.61432653760821,86.71531068323453,-2.822117992838685,3.2805328653512893
65.08,24.671290570083205,86.73415475403115,-2.8237852604722917,3.2812726193804456
65.12,24.728285941479207,86.75290382439294,-2.8254525281058984,3.2820073657379787
65.16,24.785312493361584,86.77155784220162,-2.827119795739505,3.2827371388278235
65.2,24.84237006720903,86.7901167556031,-2.828787063373112,3.2834619728134444
65.24,24.899458504413992,86.80858051300767,-2.8304543310067185,3.28418190161952
65.28,24.956577646283144,86.82694906309013,-2.832121598640325,3.284896958933613
65.32000000000001,25.01372733403779,86.84522235478994,-2.833788866273932,3.285607178207833
65.36,25.070907408814328,86.86340033731136,-2.8354561339075386,3.2863125926604857
65.4,25.128117711664697,86.88148296012359,-2.8371234015411453,3.287013235277714
65.44,25.185358083556793,86.8994701729609,-2.838790669174752,3.2877091388151274
65.48,25.242628365374937,86.91736192582277,-2.8404579368083587,3.2884003357994196
65.52,25.299928397920304,86.93515816897407,-2.8421252044419654,3.289086858529978
65.56,25.357258021911367,86.95285885294513,-2.843792472075572,3.2897687390804813
65.6,25.414617077984342,86.97046392853194,-2.8454597397091788,3.290446009300487
65.64,25.472005406693633,86.98797334679625,-2.8471270073427855,3.291118700817006
65.68,25.52942284851227,87.00538705906571,-2.848794274976392,3.291786845036074
65.72,25.586869243832354,87.02270501693403,-2.850461542609999,3.2924504731443025
65.76,25.644344432965504,87.03992717226106,-2.8521288102436055,3.293109616110428
65.8,25.701848256143297,87.05705347717301,-2.8537960778772122,3.2937643046868463
65.84,25.759380553517715,87.0740838840625,-2.855463345510819,3.294414569411139
65.88,25.816941165161587,87.09101834558874,-2.8571306131444256,3.2950604406075867
65.92,25.874529931069034,87.10785681467762,-2.8587978807780323,3.2957019483886776
65.96000000000001,25.932146691155914,87.1245992445219,-2.860465148411639,3.2963391226565992
66.0,25.98979128526027,87.1412455885813,-2.8621324160452457,3.296971993104725
66.04,26.047463553142773,87.15779580058263,-2.8637996836788524,3.2976005892190905
66.08,26.10516333448716,87.17424983451994,-2.865466951312459,3.298224940279855
66.12,26.16289046890069,87.1906076446546,-2.867134218946066,3.298845075362761
66.16,26.220644795914595,87.20686918551552,-2.8688014865796725,3.2994610233405766
66.2,26.278426154984505,87.22303441189915,-2.870468754213279,3.3000728128845322
66.24,26.336234385490915,87.23910327886972,-2.872136021846886,3.300680472465747
66.28,26.39406932673962,87.2550757417593,-2.8738032894804926,3.3012840303566433
66.32000000000001,26.45193081796216,87.27095175616795,-2.8754705571140993,3.3018835146323546
66.36,26.509818698316288,87.28673127796382,-2.877137824747706,3.302478953172122
66.4,26.567732806886383,87.30241426328331,-2.8788050923813127,3.3030703736606806
66.44,26.625672982683923,87.31800066853116,-2.8804723600149194,3.3036578035896382
66.48,26.683639064647927,87.33349045038057,-2.882139627648526,3.3042412702588444
66.52,26.741630891645396,87.34888356577335,-2.8838068952821327,3.3048208007777475
66.56,26.79964830247177,87.36417997192002,-2.8854741629157394,3.3053964220667456
66.6,26.857691135851365,87.37937962629992,-2.887141430549346,3.305968160858526
66.64,26.915759230437835,87.39448248666135,-2.888808698182953,3.3065360436993965
66.68,26.97385242481461,87.40948851102166,-2.8904759658165595,3.3071000969506072
66.72,27.031970557495345,87.4243976576674,-2.892143233450166,3.3076603467896626
66.76,27.090113466924382,87.43920988515441,-2.893810501083773,3.3082168192116255
66.8,27.14828099147718,87.45392515230795,-2.8954777687173796,3.3087695400304113
66.84,27.206472969460773,87.4685434182228,-2.8971450363509863,3.3093185348800733
66.88,27.264689239114222,87.48306464226337,-2.898812303984593,3.3098638292160794
66.92,27.322929638609068,87.49748878406386,-2.9004795716181997,3.310405448316579
66.96000000000001,27.381194006049768,87.51181580352832,-2.9021468392518064,3.3109434172836614
67.0,27.439482179474158,87.52604566083077,-2.903814106885413,3.3114777610446073
67.04,27.497793996853897,87.54017831641534,-2.9054813745190198,3.3120085043531287
67.08,27.55612929609492,87.55421373099632,-2.9071486421526265,3.312535671790601
67.12,27.614487915037888,87.56815186555836,-2.908815909786233,3.3130592877672864
67.16,27.672869691458633,87.5819926813565,-2.91048317741984,3.313579376523551
67.2,27.731274463068623,87.5957361399163,-2.9121504450534466,3.314095962131069
67.24,27.7897020675154,87.60938220303396,-2.9138177126870533,3.3146090684940224
67.28,27.84815234238303,87.62293083277642,-2.91548498032066,3.3151187193502896
67.32000000000001,27.906625125192573,87.63638199148146,-2.9171522479542666,3.315624938272627
67.36,27.965120253402514,87.6497356417578,-2.9188195155878733,3.3161277486698415
67.4,28.02363756440922,87.66299174648522,-2.92048678322148,3.316627173787956
67.44,28.082176895547402,87.67615026881467,-2.9221540508550867,3.317123236711365
67.48,28.14073808409055,87.68921117216833,-2.9238213184886934,3.317615960363983
67.52,28.199320967251406,87.70217442023976,-2.9254885861223,3.318105367510383
67.56,28.2579253821824,87.71503997699396,-2.927155853755907,3.318591480756931
67.6,28.31655116597611,87.72780780666753,-2.9288231213895135,3.3190743225529076
67.64,28.375198155665714,87.74047787376868,-2.93049038902312,3.3195539151916256
67.68,28.433866188225437,87.75305014307742,-2.932157656656727,3.3200302808115363
67.72,28.492555100571014,87.76552457964557,-2.9338249242903336,3.3205034413973302
67.76,28.551264729560142,87.77790114879696,-2.9354921919239403,3.3209734187810303
67.8,28.609994911992924,87.79017981612742,-2.937159459557547,3.321440234643074
67.84,28.66874548461233,87.80236054750496,-2.9388267271911537,3.321903910513391
67.88,28.727516284104652,87.81444330906982,-2.9404939948247604,3.3223644677724744
67.92,28.786307147099954,87.82642806723456,-2.942161262458367,3.322821927652438
67.96000000000001,28.84511791017253,87.8383147886842,-2.9438285300919738,3.323276311238072
68.0,28.903948409841355,87.85010344037624,-2.9454957977255805,3.323727639467891
68.04,28.96279848257054,87.86179398954084,-2.947163065359187,3.324175933135169
68.08,29.021667964769787,87.87338640368081,-2.948830332992794,3.3246212128889736
68.12,29.080556692794843,87.88488065057179,-2.9504976006264005,3.325063499235189
68.16,29.13946450294796,87.8962766982623,-2.9521648682600072,3.3255028125375308
68.2,29.198391231478343,87.90757451507382,-2.953832135893614,3.3259391730185586
68.24,29.257336714582607,87.9187740696009,-2.9554994035272206,3.326372600760675
68.28,29.316300788405236,87.92987533071123,-2.9571666711608273,3.3268031157071216
68.32000000000001,29.375283289039032,87.94087826754573,-2.958833938794434,3.3272307376629673
68.36,29.43428405252558,87.95178284951866,-2.9605012064280407,3.327655486296087
68.4,29.493302914855693,87.96258904631769,-2.9621684740616474,3.3280773811381366
68.44,29.55233971196988,87.97329682790394,-2.963835741695254,3.328496441585519
68.48,29.611394279758784,87.98390616451212,-2.965503009328861,3.3289126869003445
68.52,29.67046645406366,87.99441702665061,-2.9671702769624675,3.329326136211381
68.56,29.729556070676818,88.00482938510152,-2.968837544596074,3.329736808515002
68.60000000000001,29.788662965342077,88.01514321092077,-2.970504812229681,3.3301447226761254
68.64,29.847786973755234,88.0253584754382,-2.9721720798632876,3.330549897429144
68.68,29.90692793156451,88.0354751502576,-2.9738393474968943,3.3309523513788526
68.72,29.96608567437101,88.04549320725684,-2.975506615130501,3.331352103001366
68.76,30.02526003772918,88.05541261858792,-2.9771738827641077,3.3317491706450313
68.8,30.084450857147267,88.06523335667706,-2.9788411503977144,3.3321435725313333
68.84,30.143657968087776,88.07495539422473,-2.980508418031321,3.332535326755794
68.88,30.202881205967916,88.08457870420582,-2.9821756856649277,3.3329244512888647
68.92,30.262120406160076,88.09410325986964,-2.9838429532985344,3.3333109639768117
68.96000000000001,30.321375403992267,88.10352903474,-2.985510220932141,3.3336948825425967
69.0,30.38064603474859,88.11285600261533,-2.987177488565748,3.3340762245867497
69.04,30.43993213366969,88.12208413756869,-2.9888447561993545,3.334455007588236
69.08,30.49923353595321,88.1312134139479,-2.990512023832961,3.3348312489053167
69.12,30.558550076754255,88.14024380637558,-2.992179291466568,3.3352049657764042
69.16,30.617881591185853,88.1491752897492,-2.9938465591001746,3.335576175320909
69.2,30.6772279143194,88.1580078392412,-2.9955138267337813,3.3359448945400834
69.24,30.73658888118513,88.16674143029903,-2.997181094367388,3.336311140317856
69.28,30.795964326772577,88.17537603864523,-2.9988483620009947,3.336674929421663
69.32000000000001,30.855354086031017,88.18391164027747,-3.0005156296346014,3.3370362785032723
69.36,30.914757993869948,88.19234821146865,-3.002182897268208,3.3373952040995998
69.4,30.97417588515953,88.20068572876697,-3.003850164901815,3.3377517226335236
69.44,31.03360759473105,88.20892416899595,-3.0055174325354215,3.3381058504146894
69.48,31.09305295737739,88.21706350925453,-3.007184700169028,3.338457603640311
69.52,31.152511807853482,88.22510372691713,-3.008851967802635,3.338806998395964
69.56,31.211983980876756,88.2330447996337,-3.0105192354362416,3.3391540506563766
69.60000000000001,31.27146931112761,88.24088670532981,-3.0121865030698483,3.3394987762862107
69.64,31.330967633249873,88.24862942220668,-3.013853770703455,3.3398411910408408
69.68,31.390478781851257,88.25627292874124,-3.0155210383370616,3.3401813105671248
69.72,31.450002591503818,88.26381720368624,-3.0171883059706683,3.340519150404171
69.76,31.509538896744417,88.27126222607025,-3.018855573604275,3.340854725984099
69.8,31.56908753207518,88.27860797519772,-3.0205228412378817,3.3411880526327935
69.84,31.62864833196396,88.28585443064908,-3.0221901088714884,3.341519145570656
69.88,31.68822113084479,88.29300157228079,-3.023857376505095,3.3418480199133467
69.92,31.74780576311836,88.30004938022536,-3.025524644138702,3.3421746906725254
69.96000000000001,31.807402063152455,88.30699783489142,-3.0271919117723085,3.3424991727565843
70.0,31.867009865282427,88.3138469169638,-3.028859179405915,3.342821480971376
70.04,31.92662900381166,88.32059660740354,-3.028859179405915,3.3414557582987308
70.08,31.98624814234089,88.32734629784329,-3.028859179405915,3.3400991804891342
70.12,32.04586728087012,88.33409598828304,-3.028859179405915,3.3387516888136566
70.16,32.10548641939935,88.34084567872279,-3.028859179405915,3.337413224869844
70.2,32.16510555792858,88.34759536916253,-3.028859179405915,3.3360837305809543
70.24,32.224724696457805,88.35434505960228,-3.028859179405915,3.3347631481951727
70.28,32.284343834987034,88.36109475004203,-3.028859179405915,3.333451420284801
70.32000000000001,32.34396297351626,88.36784444048178,-3.028859179405915,3.332148489745429
70.36,32.40358211204549,88.37459413092152,-3.028859179405915,3.3308542997950847
70.4,32.46320125057472,88.38134382136127,-3.028859179405915,3.3295687939733614
70.44,32.52282038910395,88.38809351180102,-3.028859179405915,3.328291916140529
70.48,32.58243952763318,88.39484320224076,-3.028859179405915,3.3270236104766235
70.52,32.642058666162406,88.40159289268051,-3.028859179405915,3.3257638214805194
70.56,32.701677804691634,88.40834258312026,-3.028859179405915,3.324512493968984
70.60000000000001,32.76129694322086,88.41509227356,-3.028859179405915,3.3232695730757134
70.64,32.82091608175009,88.42184196399975,-3.028859179405915,3.322035004250354
70.68,32.88053522027932,88.4285916544395,-3.028859179405915,3.320808733257506
70.72,32.94015435880855,88.43534134487925,-3.028859179405915,3.319590706175711
70.76,32.99977349733778,88.442091035319,-3.028859179405915,3.3183808693964276
70.8,33.059392635867006,88.44884072575874,-3.028859179405915,3.3171791696229866
70.84,33.119011774396235,88.45559041619849,-3.028859179405915,3.315985553869538
70.88,33.17863091292546,88.46234010663824,-3.028859179405915,3.3147999694599823
70.92,33.23825005145469,88.46908979707798,-3.028859179405915,3.313622364026886
70.96000000000001,33.29786918998392,88.47583948751773,-3.028859179405915,3.3124526855103893
71.0,33.35748832851315,88.48258917795748,-3.028859179405915,3.3112908821570977
71.04,33.41710746704238,88.48933886839723,-3.028859179405915,3.310136902518963
71.08,33.476726605571606,88.49608855883697,-3.028859179405915,3.3089906954521546
71.12,33.536345744100835,88.50283824927672,-3.028859179405915,3.307852210115917
71.16,33.595964882630064,88.50958793971647,-3.028859179405915,3.3067213959714197
71.2,33.65558402115929,88.51633763015622,-3.028859179405915,3.3055982027805944
71.24,33.71520315968852,88.52308732059596,-3.028859179405915,3.3044825806049656
71.28,33.77482229821775,88.52983701103571,-3.028859179405915,3.3033744798044693
71.32000000000001,33.83444143674698,88.53658670147546,-3.028859179405915,3.302273851036264
71.36,33.89406057527621,88.5433363919152,-3.028859179405915,3.301180645253534
71.4,33.953679713805435,88.55008608235495,-3.028859179405915,3.3000948137042823
71.44,34.013298852334664,88.5568357727947,-3.028859179405915,3.299016307930118
71.48,34.07291799086389,88.56358546323445,-3.028859179405915,3.297945079765036
71.52,34.13253712939312,88.5703351536742,-3.028859179405915,3.2968810813341882
71.56,34.19215626792235,88.57708484411394,-3.028859179405915,3.295824265052651
71.60000000000001,34.25177540645158,88.58383453455369,-3.028859179405915,3.294774583624182
71.64,34.31139454498081,88.59058422499344,-3.028859179405915,3.2937319900399755
71.68,34.371013683510036,88.59733391543318,-3.028859179405915,3.2926964375774075
71.72,34.430632822039264,88.60408360587293,-3.028859179405915,3.2916678797987804
71.76,34.49025196056849,88.61083329631268,-3.028859179405915,3.2906462705500585
71.8,34.54987109909772,88.61758298675242,-3.028859179405915,3.2896315639596008
71.84,34.60949023762695,88.62433267719217,-3.028859179405915,3.288623714436888
71.88,34.66910937615618,88.63108236763192,-3.028859179405915,3.2876226766712473
71.92,34.72872851468541,88.63783205807167,-3.028859179405915,3.28662840563057
71.96000000000001,34.788347653214636,88.64458174851141,-3.028859179405915,3.285640856560029
72.0,34.847966791743865,88.65133143895116,-3.028859179405915,3.284659984980791
72.04,34.90758593027309,88.65808112939091,-3.028859179405915,3.2836857466887257
72.08,34.96720506880232,88.66483081983066,-3.028859179405915,3.282718097753111
72.12,35.02682420733155,88.6715805102704,-3.028859179405915,3.2817569945153386
72.16,35.08644334586078,88.67833020071015,-3.028859179405915,3.2808023935876145
72.2,35.14606248439001,88.6850798911499,-3.028859179405915,3.2798542518516576
72.24,35.205681622919236,88.69182958158964,-3.028859179405915,3.278912526457398
72.28,35.265300761448465,88.69857927202939,-3.028859179405915,3.2779771748216717
72.32000000000001,35.324919899977694,88.70532896246914,-3.028859179405915,3.277048154626914
72.36,35.38453903850692,88.71207865290889,-3.028859179405915,3.2761254238198534
72.4,35.44415817703615,88.71882834334863,-3.028859179405915,3.2752089406102027
72.44,35.50377731556538,88.72557803378838,-3.028859179405915,3.2742986634693487
72.48,35.56339645409461,88.73232772422813,-3.028859179405915,3.2733945511290434
72.52,35.62301559262384,88.73907741466788,-3.028859179405915,3.272496562580093
72.56,35.682634731153065,88.74582710510762,-3.028859179405915,3.271604657071047
72.60000000000001,35.742253869682294,88.75257679554737,-3.028859179405915,3.270718794106886
72.64,35.80187300821152,88.75932648598712,-3.028859179405915,3.269838933447713
72.68,35.86149214674075,88.76607617642686,-3.028859179405915,3.2689650351074406
72.72,35.92111128526998,88.77282586686661,-3.028859179405915,3.268097059352482
72.76,35.98073042379921,88.77957555730636,-3.028859179405915,3.2672349667004403
72.8,36.04034956232844,88.7863252477461,-3.028859179405915,3.2663787179187995
72.84,36.099968700857666,88.79307493818585,-3.028859179405915,3.2655282740236165
72.88,36.159587839386894,88.7998246286256,-3.028859179405915,3.2646835962782133
72.92,36.21920697791612,88.80657431906535,-3.028859179405915,3.2638446461918713
72.96000000000001,36.27882611644535,88.8133240095051,-3.028859179405915,3.2630113855185265
73.0,36.33844525497458,88.82007369994484,-3.028859179405915,3.2621837762554664
73.04,36.39806439350381,88.82682339038459,-3.028859179405915,3.2613617806420274
73.08,36.45768353203304,88.83357308082434,-3.028859179405915,3.2605453611582957
73.12,36.517302670562266,88.84032277126408,-3.028859179405915,3.2597344805238078
73.16,36.576921809091495,88.84707246170383,-3.028859179405915,3.258929101696256
73.2,36.63654094762072,88.85382215214358,-3.028859179405915,3.258129187870193
73.24,36.69616008614995,88.86057184258333,-3.028859179405915,3.2573347024757395
73.28,36.75577922467918,88.86732153302307,-3.028859179405915,3.256545609177296
73.32000000000001,36.81539836320841,88.87407122346282,-3.028859179405915,3.2557618718722554
73.36,36.87501750173764,88.88082091390257,-3.028859179405915,3.2549834546897167
73.4,36.934636640266866,88.88757060434232,-3.028859179405915,3.254210321989205
73.44,36.994255778796095,88.89432029478206,-3.028859179405915,3.253442438359391
73.48,37.053874917325324,88.90106998522181,-3.028859179405915,3.2526797686168156
73.52,37.11349405585455,88.90781967566156,-3.028859179405915,3.251922277804615
73.56,37.17311319438378,88.9145693661013,-3.028859179405915,3.251169931191251
73.60000000000001,37.23273233291301,88.92131905654105,-3.028859179405915,3.2504226942692456
73.64,37.29235147144224,88.9280687469808,-3.028859179405915,3.249680532753913
73.68,37.35197060997147,88.93481843742055,-3.028859179405915,3.2489434125821024
73.72,37.411589748500695,88.9415681278603,-3.028859179405915,3.248211299910939
73.76,37.471208887029924,88.94831781830004,-3.028859179405915,3.2474841611165703
73.8,37.53082802555915,88.95506750873979,-3.028859179405915,3.246761962792916
73.84,37.59044716408838,88.96181719917954,-3.028859179405915,3.2460446717504206
73.88,37.65006630261761,88.96856688961928,-3.028859179405915,3.2453322550148114
73.92,37.70968544114684,88.97531658005903,-3.028859179405915,3.2446246798258582
73.96000000000001,37.76930457967607,88.98206627049878,-3.028859179405915,3.243921913636139
74.0,37.828923718205296,88.98881596093852,-3.028859179405915,3.2432239241098073
74.04,37.888542856734524,88.99556565137827,-3.028859179405915,3.242530679121365
74.08,37.94816199526375,89.00231534181802,-3.028859179405915,3.2418421467544385
74.12,38.00778113379298,89.00906503225777,-3.028859179405915,3.24115829530056
74.16,38.06740027232221,89.01581472269751,-3.028859179405915,3.2404790932579512
74.2,38.12701941085144,89.02256441313726,-3.028859179405915,3.2398045093303134
74.24,38.18663854938067,89.02931410357701,-3.028859179405915,3.239134512425619
74.28,38.246257687909896,89.03606379401675,-3.028859179405915,3.2384690716549094
74.32000000000001,38.305876826439125,89.0428134844565,-3.028859179405915,3.2378081563310976
74.36,38.36549596496835,89.04956317489625,-3.028859179405915,3.2371517359677737
74.4,38.42511510349758,89.056312865336,-3.028859179405915,3.2364997802780144
74.44,38.48473424202681,89.06306255577574,-3.028859179405915,3.2358522591732
74.48,38.54435338055604,89.06981224621549,-3.028859179405915,3.2352091427618332
74.52,38.60397251908527,89.07656193665524,-3.028859179405915,3.234570401348362
74.56,38.6635916576145,89.08331162709499,-3.028859179405915,3.2339360054320094
74.60000000000001,38.723210796143725,89.09006131753473,-3.028859179405915,3.233305925705608
74.64,38.782829934672954,89.09681100797448,-3.028859179405915,3.2326801330544352
74.68,38.84244907320218,89.10356069841423,-3.028859179405915,3.2320585985550587
74.72,38.90206821173141,89.11031038885397,-3.028859179405915,3.231441293474182
74.76,38.96168735026064,89.11706007929372,-3.028859179405915,3.230828189267498
74.8,39.02130648878987,89.12380976973347,-3.028859179405915,3.2302192575785447
74.84,39.0809256273191,89.13055946017322,-3.028859179405915,3.229614470237568
74.88,39.140544765848325,89.13730915061296,-3.028859179405915,3.229013799260389
74.92,39.200163904377554,89.14405884105271,-3.028859179405915,3.228417216847274
74.96000000000001,39.25978304290678,89.15080853149246,-3.028859179405915,3.227824695381811
75.0,39.31940218143601,89.1575582219322,-3.028859179405915,3.2272362074297933
75.04,39.37902131996524,89.16430791237195,-3.028859179405915,3.2266517257381047
75.08,39.43864045849447,89.1710576028117,-3.028859179405915,3.2260712232336095
75.12,39.4982595970237,89.17780729325145,-3.028859179405915,3.2254946730220504
75.16,39.557878735552926,89.1845569836912,-3.028859179405915,3.2249220483869494
75.2,39.617497874082154,89.19130667413094,-3.028859179405915,3.224353322788514
75.24,39.67711701261138,89.19805636457069,-3.028859179405915,3.2237884698625483
75.28,39.73673615114061,89.20480605501044,-3.028859179405915,3.223227463419371
75.32000000000001,39.79635528966984,89.21155574545018,-3.028859179405915,3.222670277442734
75.36,39.85597442819907,89.21830543588993,-3.028859179405915,3.2221168860887524
75.4,39.9155935667283,89.22505512632968,-3.028859179405915,3.221567263684833
75.44,39.975212705257526,89.23180481676943,-3.028859179405915,3.221021384728613
75.48,40.034831843786755,89.23855450720917,-3.028859179405915,3.2204792238869007
75.52,40.09445098231598,89.24530419764892,-3.028859179405915,3.219940755994624
75.56,40.15407012084521,89.25205388808867,-3.028859179405915,3.2194059560537815
75.60000000000001,40.21368925937444,89.25880357852841,-3.028859179405915,3.2188747992323985
75.64,40.27330839790367,89.26555326896816,-3.028859179405915,3.2183472608634918
75.68,40.3329275364329,89.27230295940791,-3.028859179405915,3.217823316444035
75.72,40.39254667496213,89.27905264984766,-3.028859179405915,3.217302941633933
75.76,40.452165813491355,89.2858023402874,-3.028859179405915,3.2167861122549986
75.8,40.511784952020584,89.29255203072715,-3.028859179405915,3.2162728042899347
75.84,40.57140409054981,89.2993017211669,-3.028859179405915,3.2157629938813246
75.88,40.63102322907904,89.30605141160665,-3.028859179405915,3.215256657330623
75.92,40.69064236760827,89.3128011020464,-3.028859179405915,3.214753771097156
75.96000000000001,40.7502615061375,89.31955079248614,-3.028859179405915,3.214254311797123
76.0,40.80988064466673,89.32630048292589,-3.028859179405915,3.213758256202608
76.04,40.869499783195955,89.33305017336563,-3.028859179405915,3.2132655812405897
76.08,40.929118921725184,89.33979986380538,-3.028859179405915,3.2127762639919633
76.12,40.98873806025441,89.34654955424513,-3.028859179405915,3.2122902816905636
76.16,41.04835719878364,89.35329924468488,-3.028859179405915,3.211807611722195
76.2,41.10797633731287,89.36004893512462,-3.028859179405915,3.211328231623664
76.24,41.1675954758421,89.36679862556437,-3.028859179405915,3.2108521190818218
76.28,41.22721461437133,89.37354831600412,-3.028859179405915,3.210379251932605
76.32000000000001,41.286833752900556,89.38029800644387,-3.028859179405915,3.2099096081600886
76.36,41.346452891429784,89.38704769688361,-3.028859179405915,3.2094431658955394
76.4,41.40607202995901,89.39379738732336,-3.028859179405915,3.2089799034164757
76.44,41.46569116848824,89.40054707776311,-3.028859179405915,3.208519799145734
76.48,41.52531030701747,89.40729676820285,-3.028859179405915,3.2080628316505364
76.52,41.5849294455467,89.4140464586426,-3.028859179405915,3.2076089796415688
76.56,41.64454858407593,89.42079614908235,-3.028859179405915,3.2071582219720587
76.60000000000001,41.704167722605156,89.4275458395221,-3.028859179405915,3.2067105376368623
76.64,41.763786861134385,89.43429552996184,-3.028859179405915,3.206265905771554
76.68,41.82340599966361,89.44104522040159,-3.028859179405915,3.2058243056515217
76.72,41.88302513819284,89.44779491084134,-3.028859179405915,3.2053857166910675
76.76,41.94264427672207,89.45454460128109,-3.028859179405915,3.204950118442514
76.8,42.0022634152513,89.46129429172083,-3.028859179405915,3.2045174905953138
76.84,42.06188255378053,89.46804398216058,-3.028859179405915,3.204087812975164
76.88,42.12150169230976,89.47479367260033,-3.028859179405915,3.2036610655431295
76.92,42.181120830838985,89.48154336304007,-3.028859179405915,3.203237228394766
76.96000000000001,42.240739969368214,89.48829305347982,-3.028859179405915,3.202816281759251
77.0,42.30035910789744,89.49504274391957,-3.028859179405915,3.2023982059985197
77.04,42.35997824642667,89.50179243435932,-3.028859179405915,3.2019829816064043
77.08,42.4195973849559,89.50854212479906,-3.028859179405915,3.2015705892077806
77.12,42.47921652348513,89.51529181523881,-3.028859179405915,3.2011610095577168
77.16,42.53883566201436,89.52204150567856,-3.028859179405915,3.200754223540629
77.2,42.598454800543585,89.5287911961183,-3.028859179405915,3.2003502121694405
77.24,42.658073939072814,89.53554088655805,-3.028859179405915,3.1999489565847474
77.28,42.71769307760204,89.5422905769978,-3.028859179405915,3.199550438053987
77.32000000000001,42.77731221613127,89.54904026743755,-3.028859179405915,3.1991546379706137
77.36,42.8369313546605,89.5557899578773,-3.028859179405915,3.1987615378532763
77.4,42.89655049318973,89.56253964831704,-3.028859179405915,3.1983711193450035
77.44,42.95616963171896,89.56928933875679,-3.028859179405915,3.1979833642123916
77.48,43.015788770248186,89.57603902919654,-3.028859179405915,3.197598254344799
77.52,43.075407908777414,89.58278871963628,-3.028859179405915,3.197215771753544
77.56,43.13502704730664,89.58953841007603,-3.028859179405915,3.196835898571107
77.60000000000001,43.19464618583587,89.59628810051578,-3.028859179405915,3.196458617050339
77.64,43.2542653243651,89.60303779095553,-3.028859179405915,3.1960839095636744
77.68,43.31388446289433,89.60978748139527,-3.028859179405915,3.195711758602347
77.72,43.37350360142356,89.61653717183502,-3.028859179405915,3.1953421467756122
77.76,43.433122739952786,89.62328686227477,-3.028859179405915,3.1949750568099735
77.8,43.492741878482015,89.63003655271451,-3.028859179405915,3.1946104715484136
77.84,43.55236101701124,89.63678624315426,-3.028859179405915,3.194248373949629
77.88,43.61198015554047,89.64353593359401,-3.028859179405915,3.193888747087271
77.92,43.6715992940697,89.65028562403376,-3.028859179405915,3.193531574149191
77.96000000000001,43.73121843259893,89.6570353144735,-3.028859179405915,3.1931768384366883
78.0,43.79083757112816,89.66378500491325,-3.028859179405915,3.1928245233637647
78.04,43.85045670965739,89.670534695353,-3.028859179405915,3.192474612456383
78.08,43.910075848186615,89.67728438579275,-3.028859179405915,3.19212708935173
78.12,43.969694986715844,89.68403407623249,-3.028859179405915,3.191781937797483
78.16,44.02931412524507,89.69078376667224,-3.028859179405915,3.191439141651081
78.2,44.0889332637743,89.69753345711199,-3.028859179405915,3.191098684879003
78.24,44.14855240230353,89.70428314755173,-3.028859179405915,3.190760551556047
78.28,44.20817154083276,89.71103283799148,-3.028859179405915,3.1904247258646152
78.32000000000001,44.26779067936199,89.71778252843123,-3.028859179405915,3.190091192094003
78.36,44.327409817891215,89.72453221887098,-3.028859179405915,3.1897599346396945
78.4,44.387028956420444,89.73128190931072,-3.028859179405915,3.1894309380026584
78.44,44.44664809494967,89.73803159975047,-3.028859179405915,3.1891041867886507
78.48,44.5062672334789,89.74478129019022,-3.028859179405915,3.188779665707523
78.52,44.56588637200813,89.75153098062997,-3.028859179405915,3.188457359572532
78.56,44.62550551053736,89.75828067106971,-3.028859179405915,3.188137253299654
78.60000000000001,44.68512464906659,89.76503036150946,-3.028859179405915,3.187819331906907
78.64,44.744743787595816,89.77178005194921,-3.028859179405915,3.1875035805136713
78.68,44.804362926125044,89.77852974238895,-3.028859179405915,3.1871899843400198
78.72,44.86398206465427,89.7852794328287,-3.028859179405915,3.1868785287060484
78.76,44.9236012031835,89.79202912326845,-3.028859179405915,3.1865691990312133
78.8,44.98322034171273,89.7987788137082,-3.028859179405915,3.1862619808336703
78.84,45.04283948024196,89.80552850414794,-3.028859179405915,3.1859568597296195
78.88,45.10245861877119,89.81227819458769,-3.028859179405915,3.185653821432655
78.92,45.162077757300416,89.81902788502744,-3.028859179405915,3.185352851753116
78.96000000000001,45.221696895829645,89.82577757546719,-3.028859179405915,3.1850539365974444
79.0,45.28131603435887,89.83252726590693,-3.028859179405915,3.1847570619675447
79.04,45.3409351728881,89.83927695634668,-3.028859179405915,3.1844622139601495
79.08,45.40055431141733,89.84602664678643,-3.028859179405915,3.184169378766188
79.12,45.46017344994656,89.85277633722617,-3.028859179405915,3.183878542670159
79.16,45.51979258847579,89.85952602766592,-3.028859179405915,3.183589692049506
79.2,45.57941172700502,89.86627571810567,-3.028859179405915,3.1833028133740005
79.24,45.639030865534245,89.87302540854542,-3.028859179405915,3.183017893205123
79.28,45.698650004063474,89.87977509898516,-3.028859179405915,3.1827349181954556
79.32000000000001,45.7582691425927,89.88652478942491,-3.028859179405915,3.18245387508807
79.36,45.81788828112193,89.89327447986466,-3.028859179405915,3.1821747507159275
79.4,45.87750741965116,89.9000241703044,-3.028859179405915,3.1818975320012752
79.44,45.93712655818039,89.90677386074415,-3.028859179405915,3.1816222059550525
79.48,45.99674569670962,89.9135235511839,-3.028859179405915,3.181348759676298
79.52,46.056364835238846,89.92027324162365,-3.028859179405915,3.181077180351561
79.56,46.115983973768074,89.9270229320634,-3.028859179405915,3.180807455254315
79.60000000000001,46.1756031122973,89.93377262250314,-3.028859179405915,3.180539571744378
79.64,46.23522225082653,89.94052231294289,-3.028859179405915,3.1802735172673358
79.68,46.29484138935576,89.94727200338264,-3.028859179405915,3.180009279353966
79.72,46.35446052788499,89.95402169382238,-3.028859179405915,3.179746845619669
79.76,46.41407966641422,89.96077138426213,-3.028859179405915,3.1794862037639033
79.8,46.473698804943446,89.96752107470188,-3.028859179405915,3.179227341569619
79.84,46.533317943472674,89.97427076514163,-3.028859179405915,3.178970246902701
79.88,46.5929370820019,89.98102045558137,-3.028859179405915,3.1787149077114134
79.92,46.65255622053113,89.98777014602112,-3.028859179405915,3.178461312025847
79.96000000000001,46.71217535906036,89.99451983646087,-3.028859179405915,3.17820944795737
80.0,46.77179449758959,90.00126952690061,-3.028859179405915,3.177959303698085
80.04,46.83141363611882,90.00801921734036,-3.028859179405915,3.1777108675202848
80.08,46.891032774648046,90.01476890778011,-3.028859179405915,3.177464127775917
80.12,46.950651913177275,90.02151859821986,-3.028859179405915,3.1772190728960483
80.16,47.0102710517065,90.0282682886596,-3.028859179405915,3.1769756913903335
80.2,47.06989019023573,90.03501797909935,-3.028859179405915,3.176733971846488
80.24,47.12950932876496,90.0417676695391,-3.028859179405915,3.176493902929764
80.28,47.18912846729419,90.04851735997885,-3.028859179405915,3.176255473382429
80.32000000000001,47.24874760582342,90.05526705041859,-3.028859179405915,3.176018672023249
80.36,47.30836674435265,90.06201674085834,-3.028859179405915,3.1757834877469744
80.4,47.367985882881875,90.06876643129809,-3.028859179405915,3.175549909523828
80.44,47.427605021411104,90.07551612173783,-3.028859179405915,3.1753179263989995
80.48,47.48722415994033,90.08226581217758,-3.028859179405915,3.1750875274921406
80.52,47.54684329846956,90.08901550261733,-3.028859179405915,3.1748587019968637
80.56,47.60646243699879,90.09576519305708,-3.028859179405915,3.174631439180245
80.60000000000001,47.66608157552802,90.10251488349682,-3.028859179405915,3.1744057283823297
80.64,47.72570071405725,90.10926457393657,-3.028859179405915,3.1741815590156413
80.68,47.785319852586476,90.11601426437632,-3.028859179405915,3.173958920564693
80.72,47.844938991115704,90.12276395481607,-3.028859179405915,3.1737378025855048
80.76,47.90455812964493,90.12951364525581,-3.028859179405915,3.1735181947051188
80.8,47.96417726817416,90.13626333569556,-3.028859179405915,3.173300086621124
80.84,48.02379640670339,90.1430130261353,-3.028859179405915,3.1730834681011784
80.88,48.08341554523262,90.14976271657505,-3.028859179405915,3.1728683289825397
80.92,48.14303468376185,90.1565124070148,-3.028859179405915,3.1726546591715934
80.96000000000001,48.202653822291076,90.16326209745455,-3.028859179405915,3.1724424486433884
81.0,48.262272960820304,90.1700117878943,-3.028859179405915,3.172231687441174
81.04,48.32189209934953,90.17676147833404,-3.028859179405915,3.1720223656759385
81.08,48.38151123787876,90.18351116877379,-3.028859179405915,3.171814473525955
81.12,48.44113037640799,90.19026085921354,-3.028859179405915,3.1716080012363244
81.16,48.50074951493722,90.19701054965329,-3.028859179405915,3.1714029391185274
81.2,48.56036865346645,90.20376024009303,-3.028859179405915,3.1711992775499747
81.24,48.619987791995676,90.21050993053278,-3.028859179405915,3.1709970069735625
81.28,48.679606930524905,90.21725962097253,-3.028859179405915,3.1707961178972304
81.32000000000001,48.73922606905413,90.22400931141227,-3.028859179405915,3.1705966008935222
81.36,48.79884520758336,90.23075900185202,-3.028859179405915,3.17039844659915
81.4,48.85846434611259,90.23750869229177,-3.028859179405915,3.1702016457145605
81.44,48.91808348464182,90.24425838273152,-3.028859179405915,3.1700061890035043
81.48,48.97770262317105,90.25100807317126,-3.028859179405915,3.169812067292609
81.52,49.03732176170028,90.25775776361101,-3.028859179405915,3.1696192714709532
81.56,49.096940900229505,90.26450745405076,-3.028859179405915,3.169427792489645
81.60000000000001,49.156560038758734,90.2712571444905,-3.028859179405915,3.1692376213614026
81.64,49.21617917728796,90.27800683493025,-3.028859179405915,3.169048749160139
81.68,49.27579831581719,90.28475652537,-3.028859179405915,3.168861167020546
81.72,49.33541745434642,90.29150621580975,-3.028859179405915,3.1686748661376853
81.76,49.39503659287565,90.2982559062495,-3.028859179405915,3.1684898377665784
81.8,49.45465573140488,90.30500559668924,-3.028859179405915,3.1683060732218027
81.84,49.514274869934106,90.31175528712899,-3.028859179405915,3.1681235638770873
81.88,49.573894008463334,90.31850497756874,-3.028859179405915,3.1679423011649135
81.92,49.63351314699256,90.32525466800848,-3.028859179405915,3.1677622765761173
81.96000000000001,49.69313228552179,90.33200435844823,-3.028859179405915,3.1675834816594937
82.0,49.75275142405102,90.33875404888798,-3.028859179405915,3.167405908021405
82.04,49.81237056258025,90.34550373932773,-3.028859179405915,3.167229547325392
82.08,49.87198970110948,90.35225342976747,-3.028859179405915,3.1670543912917846
82.12,49.931608839638706,90.35900312020722,-3.028859179405915,3.166880431697319
82.16,49.991227978167935,90.36575281064697,-3.028859179405915,3.1667076603747555
82.2,50.05084711669716,90.37250250108671,-3.028859179405915,3.166536069212498
82.24,50.11046625522639,90.37925219152646,-3.028859179405915,3.1663656501542192
82.28,50.17008539375562,90.38600188196621,-3.028859179405915,3.1661963951984835
82.32000000000001,50.22970453228485,90.39275157240596,-3.028859179405915,3.1660282963983777
82.36,50.28932367081408,90.3995012628457,-3.028859179405915,3.1658613458611393
82.4,50.348942809343306,90.40625095328545,-3.028859179405915,3.165695535747791
82.44,50.408561947872535,90.4130006437252,-3.028859179405915,3.1655308582727755
82.48,50.46818108640176,90.41975033416495,-3.028859179405915,3.165367305703594
82.52,50.52780022493099,90.42650002460469,-3.028859179405915,3.165204870360445
82.56,50.58741936346022,90.43324971504444,-3.028859179405915,3.16504354461587
82.60000000000001,50.64703850198945,90.43999940548419,-3.028859179405915,3.1648833208943947
82.64,50.70665764051868,90.44674909592393,-3.028859179405915,3.1647241916721796
82.68,50.76627677904791,90.45349878636368,-3.028859179405915,3.1645661494766686
82.72,50.825895917577135,90.46024847680343,-3.028859179405915,3.1644091868862407
82.76,50.885515056106364,90.46699816724318,-3.028859179405915,3.1642532965298655
82.8,50.94513419463559,90.47374785768292,-3.028859179405915,3.164098471086759
82.84,51.00475333316482,90.48049754812267,-3.028859179405915,3.163944703286044
82.88,51.06437247169405,90.48724723856242,-3.028859179405915,3.1637919859064096
82.92,51.12399161022328,90.49399692900217,-3.028859179405915,3.163640311775777
82.96000000000001,51.18361074875251,90.50074661944191,-3.028859179405915,3.1634896737709637
83.0,51.243229887281736,90.50749630988166,-3.028859179405915,3.1633400648173517
83.04,51.302849025810964,90.5142460003214,-3.028859179405915,3.1631914778885593
83.08,51.36246816434019,90.52099569076115,-3.028859179405915,3.163043906006112
83.12,51.42208730286942,90.5277453812009,-3.028859179405915,3.162897342239118
83.16,51.48170644139865,90.53449507164065,-3.028859179405915,3.162751779703945
83.2,51.54132557992788,90.5412447620804,-3.028859179405915,3.1626072115638997
83.24,51.60094471845711,90.54799445252014,-3.028859179405915,3.162463631028908
83.28,51.660563856986336,90.55474414295989,-3.028859179405915,3.1623210313552
83.32000000000001,51.720182995515565,90.56149383339964,-3.028859179405915,3.162179405844994
83.36,51.77980213404479,90.56824352383939,-3.028859179405915,3.1620387478461844
83.4,51.83942127257402,90.57499321427913,-3.028859179405915,3.1618990507520324
83.44,51.89904041110325,90.58174290471888,-3.028859179405915,3.161760308000856
83.48,51.95865954963248,90.58849259515863,-3.028859179405915,3.161622513075726
83.52,52.01827868816171,90.59524228559837,-3.028859179405915,3.16148565950416
83.56,52.077897826690936,90.60199197603812,-3.028859179405915,3.161349740857822
83.60000000000001,52.137516965220165,90.60874166647787,-3.028859179405915,3.1612147507522215
83.64,52.19713610374939,90.61549135691762,-3.028859179405915,3.161080682846415
83.68,52.25675524227862,90.62224104735736,-3.028859179405915,3.160947530842711
83.72,52.31637438080785,90.62899073779711,-3.028859179405915,3.1608152884863756
83.76,52.37599351933708,90.63574042823686,-3.028859179405915,3.1606839495653407
83.8,52.43561265786631,90.6424901186766,-3.028859179405915,3.1605535079099134
83.84,52.49523179639554,90.64923980911635,-3.028859179405915,3.1604239573924886
83.88,52.554850934924765,90.6559894995561,-3.028859179405915,3.1602952919272624
83.92,52.614470073453994,90.66273918999585,-3.028859179405915,3.1601675054699476
83.96000000000001,52.67408921198322,90.6694888804356,-3.028859179405915,3.1600405920174923
84.0,52.73370835051245,90.67623857087534,-3.028859179405915,3.1599145456077986
84.04,52.79332748904168,90.68298826131509,-3.028859179405915,3.1597893603194445
84.08,52.85294662757091,90.68973795175484,-3.028859179405915,3.159665030271407
84.12,52.91256576610014,90.69648764219458,-3.028859179405915,3.1595415496227877
84.16,52.972184904629366,90.70323733263433,-3.028859179405915,3.159418912572539
84.2,53.031804043158594,90.70998702307408,-3.028859179405915,3.159297113359194
84.24,53.09142318168782,90.71673671351382,-3.028859179405915,3.1591761462605974
84.28,53.15104232021705,90.72348640395357,-3.028859179405915,3.1590560055936363
84.32000000000001,53.21066145874628,90.73023609439332,-3.028859179405915,3.1589366857139765
84.36,53.27028059727551,90.73698578483307,-3.028859179405915,3.1588181810157976
84.4,53.32989973580474,90.74373547527281,-3.028859179405915,3.1587004859315315
84.44,53.389518874333966,90.75048516571256,-3.028859179405915,3.158583594931601
84.48,53.449138012863195,90.75723485615231,-3.028859179405915,3.158467502524163
84.52,53.50875715139242,90.76398454659206,-3.028859179405915,3.15835220325485
84.56,53.56837628992165,90.7707342370318,-3.028859179405915,3.158237691706516
84.60000000000001,53.62799542845088,90.77748392747155,-3.028859179405915,3.1581239624989825
84.64,53.68761456698011,90.7842336179113,-3.028859179405915,3.158011010288788
84.68,53.74723370550934,90.79098330835104,-3.028859179405915,3.157898829768937
84.72,53.806852844038566,90.79773299879079,-3.028859179405915,3.1577874156686514
84.76,53.866471982567795,90.80448268923054,-3.028859179405915,3.1576767627531255
84.8,53.92609112109702,90.81123237967029,-3.028859179405915,3.1575668658232794
84.84,53.98571025962625,90.81798207011003,-3.028859179405915,3.1574577197155174
84.88,54.04532939815548,90.82473176054978,-3.028859179405915,3.1573493193014843
84.92,54.10494853668471,90.83148145098953,-3.028859179405915,3.157241659487828
84.96000000000001,54.16456767521394,90.83823114142928,-3.028859179405915,3.1571347352159584
85.0,54.22418681374317,90.84498083186902,-3.028859179405915,3.1570285414618136
85.04,54.283805952272395,90.85173052230877,-3.028859179405915,3.156923073235622
85.08,54.343425090801624,90.85848021274852,-3.028859179405915,3.1568183255816704
85.12,54.40304422933085,90.86522990318826,-3.028859179405915,3.156714293578071
85.16,54.46266336786008,90.87197959362801,-3.028859179405915,3.156610972336533
85.2,54.52228250638931,90.87872928406776,-3.028859179405915,3.156508357002131
85.24,54.58190164491854,90.8854789745075,-3.028859179405915,3.1564064427530796
85.28,54.64152078344777,90.89222866494725,-3.028859179405915,3.1563052248005072
85.32000000000001,54.701139921976996,90.898978355387,-3.028859179405915,3.1562046983882315
85.36,54.760759060506224,90.90572804582675,-3.028859179405915,3.156104858792537
85.4,54.82037819903545,90.9124777362665,-3.028859179405915,3.1560057013219542
85.44,54.87999733756468,90.91922742670624,-3.028859179405915,3.155907221317039
85.48,54.93961647609391,90.92597711714599,-3.028859179405915,3.155809414150155
85.52,54.99923561462314,90.93272680758574,-3.028859179405915,3.1557122752252575
85.56,55.05885475315237,90.93947649802548,-3.028859179405915,3.155615799977677
85.60000000000001,55.118473891681596,90.94622618846523,-3.028859179405915,3.1555199838739054
85.64,55.178093030210825,90.95297587890498,-3.028859179405915,3.1554248224113848
85.68,55.23771216874005,90.95972556934473,-3.028859179405915,3.1553303111182958
85.72,55.29733130726928,90.96647525978447,-3.028859179405915,3.1552364455533484
85.76,55.35695044579851,90.97322495022422,-3.028859179405915,3.1551432213055732
85.8,55.41656958432774,90.97997464066397,-3.028859179405915,3.1550506339941156
85.84,55.47618872285697,90.98672433110372,-3.028859179405915,3.15495867926803
85.88,55.535807861386196,90.99347402154346,-3.028859179405915,3.154867352806076
85.92,55.595426999915425,91.00022371198321,-3.028859179405915,3.1547766503165167
85.96000000000001,55.65504613844465,91.00697340242296,-3.028859179405915,3.154686567536916
86.0,55.71466527697388,91.0137230928627,-3.028859179405915,3.1545971002339406
86.04,55.77428441550311,91.02047278330245,-3.028859179405915,3.1545082442031602
86.08,55.83390355403234,91.0272224737422,-3.028859179405915,3.1544199952688516
86.12,55.89352269256157,91.03397216418195,-3.028859179405915,3.154332349283802
86.16,55.9531418310908,91.0407218546217,-3.028859179405915,3.1542453021291155
86.2,56.012760969620025,91.04747154506144,-3.028859179405915,3.1541588497140194
86.24,56.072380108149254,91.05422123550119,-3.028859179405915,3.154072987975673
86.28,56.13199924667848,91.06097092594094,-3.028859179405915,3.1539877128789766
86.32000000000001,56.19161838520771,91.06772061638068,-3.028859179405915,3.1539030204163825
86.36,56.25123752373694,91.07447030682043,-3.028859179405915,3.1538189066077074
86.4,56.31085666226617,91.08121999726018,-3.028859179405915,3.1537353674999458
86.44,56.3704758007954,91.08796968769992,-3.028859179405915,3.1536523991670844
86.48,56.430094939324626,91.09471937813967,-3.028859179405915,3.1535699977099183
86.52,56.489714077853854,91.10146906857942,-3.028859179405915,3.1534881592558675
86.56,56.54933321638308,91.10821875901917,-3.028859179405915,3.1534068799587964
86.60000000000001,56.60895235491231,91.11496844945891,-3.028859179405915,3.1533261559988333
86.64,56.66857149344154,91.12171813989866,-3.028859179405915,3.15324598358219
86.68,56.72819063197077,91.12846783033841,-3.028859179405915,3.1531663589409855
86.72,56.7878097705,91.13521752077816,-3.028859179405915,3.1530872783330683
86.76,56.847428909029226,91.1419672112179,-3.028859179405915,3.1530087380418417
86.8,56.907048047558455,91.14871690165765,-3.028859179405915,3.1529307343760884
86.84,56.96666718608768,91.1554665920974,-3.028859179405915,3.1528532636697983
86.88,57.02628632461691,91.16221628253714,-3.028859179405915,3.152776322281997
86.92,57.08590546314614,91.16896597297689,-3.028859179405915,3.152699906596573
86.96000000000001,57.14552460167537,91.17571566341664,-3.028859179405915,3.152624013022111
87.0,57.2051437402046,91.18246535385639,-3.028859179405915,3.1525486379917202
87.04,57.264762878733826,91.18921504429613,-3.028859179405915,3.15247377796287
87.08,57.324382017263055,91.19596473473588,-3.028859179405915,3.1523994294172226
87.12,57.384001155792284,91.20271442517563,-3.028859179405915,3.1523255888604664
87.16,57.44362029432151,91.20946411561538,-3.028859179405915,3.1522522528221555
87.2,57.50323943285074,91.21621380605512,-3.028859179405915,3.1521794178555433
87.24,57.56285857137997,91.22296349649487,-3.028859179405915,3.1521070805374234
87.28,57.6224777099092,91.22971318693462,-3.028859179405915,3.1520352374679677
87.32000000000001,57.68209684843843,91.23646287737436,-3.028859179405915,3.151963885270568
87.36,57.741715986967655,91.24321256781411,-3.028859179405915,3.1518930205916753
87.4,57.801335125496884,91.24996225825386,-3.028859179405915,3.1518226401006455
87.44,57.86095426402611,91.2567119486936,-3.028859179405915,3.151752740489581
87.48,57.92057340255534,91.26346163913335,-3.028859179405915,3.151683318473176
87.52,57.98019254108457,91.2702113295731,-3.028859179405915,3.151614370788563
87.56,58.0398116796138,91.27696102001285,-3.028859179405915,3.1515458941951584
87.60000000000001,58.09943081814303,91.2837107104526,-3.028859179405915,3.1514778854745122
87.64,58.159049956672256,91.29046040089234,-3.028859179405915,3.151410341430155
87.68,58.218669095201484,91.29721009133209,-3.028859179405915,3.15134325888745
87.72,58.27828823373071,91.30395978177184,-3.028859179405915,3.151276634693442
87.76,58.33790737225994,91.31070947221158,-3.028859179405915,3.1512104657167113
87.8,58.39752651078917,91.31745916265133,-3.028859179405915,3.151144748847225
87.84,58.4571456493184,91.32420885309108,-3.028859179405915,3.151079480996193
87.88,58.51676478784763,91.33095854353083,-3.028859179405915,3.151014659095921
87.92,58.576383926376856,91.33770823397057,-3.028859179405915,3.1509502800996683
87.96000000000001,58.636003064906085,91.34445792441032,-3.028859179405915,3.1508863409815033
88.0,58.69562220343531,91.35120761485007,-3.028859179405915,3.150822838736163
88.04,58.75524134196454,91.35795730528982,-3.028859179405915,3.15075977037891
88.08,58.81486048049377,91.36470699572956,-3.028859179405915,3.1506971329453943
88.12,58.874479619023,91.37145668616931,-3.028859179405915,3.150634923491514
88.16,58.93409875755223,91.37820637660906,-3.028859179405915,3.150573139093275
88.2,58.993717896081456,91.3849560670488,-3.028859179405915,3.150511776846657
88.24,59.053337034610685,91.39170575748855,-3.028859179405915,3.1504508338674735
88.28,59.112956173139914,91.3984554479283,-3.028859179405915,3.15039030729124
88.32000000000001,59.17257531166914,91.40520513836805,-3.028859179405915,3.1503301942730366
88.36,59.23219445019837,91.4119548288078,-3.028859179405915,3.150270491987377
88.4,59.2918135887276,91.41870451924754,-3.028859179405915,3.1502111976280736
88.44,59.35143272725683,91.42545420968729,-3.028859179405915,3.150152308408107
88.48,59.41105186578606,91.43220390012704,-3.028859179405915,3.150093821559495
88.52,59.470671004315285,91.43895359056678,-3.028859179405915,3.150035734333163
88.56,59.530290142844514,91.44570328100653,-3.028859179405915,3.149978043998814
88.60000000000001,59.58990928137374,91.45245297144628,-3.028859179405915,3.1499207478448
88.64,59.64952841990297,91.45920266188602,-3.028859179405915,3.149863843177998
88.68,59.7091475584322,91.46595235232577,-3.028859179405915,3.149807327323679
88.72,59.76876669696143,91.47270204276552,-3.028859179405915,3.149751197625385
88.76,59.82838583549066,91.47945173320527,-3.028859179405915,3.1496954514448046
88.8,59.888004974019886,91.48620142364501,-3.028859179405915,3.149640086161648
88.84,59.947624112549114,91.49295111408476,-3.028859179405915,3.1495850991735237
88.88,60.00724325107834,91.49970080452451,-3.028859179405915,3.1495304878958184
88.92,60.06686238960757,91.50645049496426,-3.028859179405915,3.1494762497615727
88.96000000000001,60.1264815281368,91.513200185404,-3.028859179405915,3.149422382221363
89.0,60.18610066666603,91.51994987584375,-3.028859179405915,3.1493688827431803
89.04,60.24571980519526,91.5266995662835,-3.028859179405915,3.1493157488123122
89.08,60.305338943724486,91.53344925672324,-3.028859179405915,3.1492629779312242
89.12,60.364958082253715,91.54019894716299,-3.028859179405915,3.149210567619443
89.16,60.42457722078294,91.54694863760274,-3.028859179405915,3.1491585154134394
89.2,60.48419635931217,91.55369832804249,-3.028859179405915,3.149106818866513
89.24,60.5438154978414,91.56044801848223,-3.028859179405915,3.149055475548677
89.28,60.60343463637063,91.56719770892198,-3.028859179405915,3.149004483046545
89.32000000000001,60.66305377489986,91.57394739936173,-3.028859179405915,3.1489538389632163
89.36,60.722672913429086,91.58069708980148,-3.028859179405915,3.148903540918164
89.4,60.782292051958315,91.58744678024122,-3.028859179405915,3.1488535865471228
89.44,60.841911190487544,91.59419647068097,-3.028859179405915,3.1488039735019795
89.48,60.90153032901677,91.60094616112072,-3.028859179405915,3.1487546994506608
89.52,60.961149467546,91.60769585156046,-3.028859179405915,3.1487057620770247
89.56,61.02076860607523,91.61444554200021,-3.028859179405915,3.1486571590807517
89.60000000000001,61.08038774460446,91.62119523243996,-3.028859179405915,3.1486088881772365
89.64,61.14000688313369,91.6279449228797,-3.028859179405915,3.1485609470974807
89.68,61.199626021662915,91.63469461331945,-3.028859179405915,3.1485133335879865
89.72,61.259245160192144,91.6414443037592,-3.028859179405915,3.148466045410651
89.76,61.31886429872137,91.64819399419895,-3.028859179405915,3.14841908034266
89.8,61.3784834372506,91.6549436846387,-3.028859179405915,3.1483724361763854
89.84,61.43810257577983,91.66169337507844,-3.028859179405915,3.14832611071928
89.88,61.49772171430906,91.66844306551819,-3.028859179405915,3.1482801017937745
89.92,61.55734085283829,91.67519275595794,-3.028859179405915,3.1482344072371764
89.96000000000001,61.616959991367516,91.68194244639768,-3.028859179405915,3.148189024901568
90.0,61.676579129896744,91.68869213683743,-3.028859179405915,3.148143952653704
90.04,61.73619826842597,91.69544182727718,-3.028859179405915,3.148099188374914
90.08,61.7958174069552,91.70219151771693,-3.028859179405915,3.1480547299610007
90.12,61.85543654548443,91.70894120815667,-3.028859179405915,3.148010575322142
90.16,61.91505568401366,91.71569089859642,-3.028859179405915,3.1479667223827934
90.2,61.97467482254289,91.72244058903617,-3.028859179405915,3.1479231690815883
90.24,62.034293961072116,91.72919027947592,-3.028859179405915,3.147879913371244
90.28,62.093913099601345,91.73593996991566,-3.028859179405915,3.147836953218464
90.32000000000001,62.15353223813057,91.74268966035541,-3.028859179405915,3.147794286603842
90.36,62.2131513766598,91.74943935079516,-3.028859179405915,3.147751911521769
90.4,62.27277051518903,91.7561890412349,-3.028859179405915,3.1477098259803364
90.44,62.33238965371826,91.76293873167465,-3.028859179405915,3.147668028001245
90.48,62.39200879224749,91.7696884221144,-3.028859179405915,3.14762651561971
90.52,62.451627930776716,91.77643811255415,-3.028859179405915,3.14758528688437
90.56,62.511247069305945,91.7831878029939,-3.028859179405915,3.1475443398571947
90.60000000000001,62.570866207835174,91.78993749343364,-3.028859179405915,3.1475036726133947
90.64,62.6304853463644,91.79668718387339,-3.028859179405915,3.14746328324133
90.68,62.69010448489363,91.80343687431314,-3.028859179405915,3.1474231698424204
90.72,62.74972362342286,91.81018656475288,-3.028859179405915,3.1473833305310572
90.76,62.80934276195209,91.81693625519263,-3.028859179405915,3.147343763434513
90.8,62.86896190048132,91.82368594563238,-3.028859179405915,3.147304466692856
90.84,62.928581039010545,91.83043563607212,-3.028859179405915,3.14726543845886
90.88,62.988200177539774,91.83718532651187,-3.028859179405915,3.1472266768979194
90.92,63.047819316069,91.84393501695162,-3.028859179405915,3.147188180187963
90.96000000000001,63.10743845459823,91.85068470739137,-3.028859179405915,3.1471499465193675
91.0,63.16705759312746,91.85743439783111,-3.028859179405915,3.1471119740948725
91.04,63.22667673165669,91.86418408827086,-3.028859179405915,3.147074261129497
91.08,63.28629587018592,91.87093377871061,-3.028859179405915,3.1470368058504548
91.12,63.345915008715146,91.87768346915036,-3.028859179405915,3.1469996064970713
91.16,63.405534147244374,91.8844331595901,-3.028859179405915,3.1469626613207007
91.2,63.4651532857736,91.89118285002985,-3.028859179405915,3.1469259685846445
91.24,63.52477242430283,91.8979325404696,-3.028859179405915,3.146889526564069
91.28,63.58439156283206,91.90468223090934,-3.028859179405915,3.1468533335459252
91.32000000000001,63.64401070136129,91.91143192134909,-3.028859179405915,3.1468173878288668
91.36,63.70362983989052,91.91818161178884,-3.028859179405915,3.146781687723172
91.4,63.763248978419746,91.92493130222859,-3.028859179405915,3.146746231550663
91.44,63.822868116948975,91.93168099266833,-3.028859179405915,3.1467110176446274
91.48,63.8824872554782,91.93843068310808,-3.028859179405915,3.1466760443497406
91.52,63.94210639400743,91.94518037354783,-3.028859179405915,3.1466413100219865
91.56,64.00172553253667,91.95193006398758,-3.028859179405915,3.146606813028582
91.60000000000001,64.0613446710659,91.95867975442732,-3.028859179405915,3.146572551747899
91.64,64.12096380959512,91.96542944486707,-3.028859179405915,3.146538524569388
91.68,64.18058294812435,91.97217913530682,-3.028859179405915,3.146504729893504
91.72,64.24020208665358,91.97892882574656,-3.028859179405915,3.1464711661316302
91.76,64.29982122518281,91.98567851618631,-3.028859179405915,3.1464378317060033
91.8,64.35944036371204,91.99242820662606,-3.028859179405915,3.1464047250496394
91.84,64.41905950224127,91.9991778970658,-3.028859179405915,3.1463718446062607
91.88,64.4786786407705,92.00592758750555,-3.028859179405915,3.146339188830223
91.92,64.53829777929973,92.0126772779453,-3.028859179405915,3.1463067561864406
91.96000000000001,64.59791691782895,92.01942696838505,-3.028859179405915,3.146274545150318
92.0,64.65753605635818,92.0261766588248,-3.028859179405915,3.146242554207674
92.04,64.71715519488741,92.03292634926454,-3.028859179405915,3.146210781854674
92.08,64.77677433341664,92.03967603970429,-3.028859179405915,3.1461792265977575
92.12,64.83639347194587,92.04642573014404,-3.028859179405915,3.1461478869535693
92.16,64.8960126104751,92.05317542058378,-3.028859179405915,3.1461167614488876
92.2,64.95563174900433,92.05992511102353,-3.028859179405915,3.1460858486205567
92.24,65.01525088753355,92.06667480146328,-3.028859179405915,3.1460551470154177
92.28,65.07487002606278,92.07342449190303,-3.028859179405915,3.14602465519024
92.32000000000001,65.13448916459201,92.08017418234277,-3.028859179405915,3.145994371711654
92.36,65.19410830312124,92.08692387278252,-3.028859179405915,3.1459642951560824
92.4,65.25372744165047,92.09367356322227,-3.028859179405915,3.145934424109675
92.44,65.3133465801797,92.10042325366202,-3.028859179405915,3.1459047571682413
92.48,65.37296571870893,92.10717294410176,-3.028859179405915,3.145875292937185
92.52,65.43258485723815,92.11392263454151,-3.028859179405915,3.145846030031438
92.56,65.49220399576738,92.12067232498126,-3.028859179405915,3.1458169670753953
92.60000000000001,65.55182313429661,92.127422015421,-3.028859179405915,3.1457881027028507
92.64,65.61144227282584,92.13417170586075,-3.028859179405915,3.1457594355569323
92.68,65.67106141135507,92.1409213963005,-3.028859179405915,3.145730964290039
92.72,65.7306805498843,92.14767108674025,-3.028859179405915,3.145702687563777
92.76,65.79029968841353,92.15442077718,-3.028859179405915,3.1456746040488976
92.8,65.84991882694275,92.16117046761974,-3.028859179405915,3.145646712425233
92.84,65.90953796547198,92.16792015805949,-3.028859179405915,3.145619011381636
92.88,65.96915710400121,92.17466984849924,-3.028859179405915,3.1455914996159176
92.92,66.02877624253044,92.18141953893898,-3.028859179405915,3.145564175834785
92.96000000000001,66.08839538105967,92.18816922937873,-3.028859179405915,3.1455370387537838
93.0,66.1480145195889,92.19491891981848,-3.028859179405915,3.1455100870972337
93.04,66.20763365811813,92.20166861025822,-3.028859179405915,3.1454833195981715
93.08,66.26725279664736,92.20841830069797,-3.028859179405915,3.1454567349982896
93.12,66.32687193517658,92.21516799113772,-3.028859179405915,3.1454303320478787
93.16,66.38649107370581,92.22191768157747,-3.028859179405915,3.145404109505767
93.2,66.44611021223504,92.22866737201721,-3.028859179405915,3.1453780661392643
93.24,66.50572935076427,92.23541706245696,-3.028859179405915,3.1453522007241017
93.28,66.5653484892935,92.24216675289671,-3.028859179405915,3.145326512044375
93.32000000000001,66.62496762782273,92.24891644333646,-3.028859179405915,3.145300998892489
93.36,66.68458676635196,92.2556661337762,-3.028859179405915,3.145275660069098
93.4,66.74420590488118,92.26241582421595,-3.028859179405915,3.1452504943830513
93.44,66.80382504341041,92.2691655146557,-3.028859179405915,3.1452255006513368
93.48,66.86344418193964,92.27591520509544,-3.028859179405915,3.1452006776990253
93.52,66.92306332046887,92.28266489553519,-3.028859179405915,3.1451760243592157
93.56,66.9826824589981,92.28941458597494,-3.028859179405915,3.1451515394729794
93.60000000000001,67.04230159752733,92.29616427641469,-3.028859179405915,3.145127221889306
93.64,67.10192073605656,92.30291396685443,-3.028859179405915,3.14510307046505
93.68,67.16153987458578,92.30966365729418,-3.028859179405915,3.1450790840648764
93.72,67.22115901311501,92.31641334773393,-3.028859179405915,3.1450552615612066
93.76,67.28077815164424,92.32316303817367,-3.028859179405915,3.1450316018341677
93.8,67.34039729017347,92.32991272861342,-3.028859179405915,3.145008103771537
93.84,67.4000164287027,92.33666241905317,-3.028859179405915,3.144984766268692
93.88,67.45963556723193,92.34341210949292,-3.028859179405915,3.1449615882285573
93.92,67.51925470576116,92.35016179993266,-3.028859179405915,3.144938568561553
93.96000000000001,67.57887384429038,92.35691149037241,-3.028859179405915,3.1449157061855453
94.0,67.63849298281961,92.36366118081216,-3.028859179405915,3.1448930000257924
94.04,67.69811212134884,92.3704108712519,-3.028859179405915,3.1448704490148964
94.08,67.75773125987807,92.37716056169165,-3.028859179405915,3.144848052092753
94.12,67.8173503984073,92.3839102521314,-3.028859179405915,3.1448258082065004
94.16,67.87696953693653,92.39065994257115,-3.028859179405915,3.1448037163104714
94.2,67.93658867546576,92.3974096330109,-3.028859179405915,3.1447817753661425
94.24,67.99620781399499,92.40415932345064,-3.028859179405915,3.144759984342087
94.28,68.05582695252421,92.41090901389039,-3.028859179405915,3.144738342213925
94.32000000000001,68.11544609105344,92.41765870433014,-3.028859179405915,3.1447168479642755
94.36,68.17506522958267,92.42440839476988,-3.028859179405915,3.1446955005827095
94.4,68.2346843681119,92.43115808520963,-3.028859179405915,3.1446742990657017
94.44,68.29430350664113,92.43790777564938,-3.028859179405915,3.1446532424165836
94.48,68.35392264517036,92.44465746608913,-3.028859179405915,3.1446323296454963
94.52,68.41354178369959,92.45140715652887,-3.028859179405915,3.1446115597693445
94.56,68.47316092222881,92.45815684696862,-3.028859179405915,3.14459093181175
94.60000000000001,68.53278006075804,92.46490653740837,-3.028859179405915,3.144570444803006
94.64,68.59239919928727,92.47165622784811,-3.028859179405915,3.1445500977800305
94.68,68.6520183378165,92.47840591828786,-3.028859179405915,3.144529889786323
94.72,68.71163747634573,92.48515560872761,-3.028859179405915,3.1445098198719186
94.76,68.77125661487496,92.49190529916736,-3.028859179405915,3.144489887093342
94.8,68.83087575340419,92.4986549896071,-3.028859179405915,3.144470090513565
94.84,68.89049489193341,92.50540468004685,-3.028859179405915,3.1444504292019624
94.88,68.95011403046264,92.5121543704866,-3.028859179405915,3.1444309022342662
94.92,69.00973316899187,92.51890406092635,-3.028859179405915,3.1444115086925253
94.96000000000001,69.0693523075211,92.5256537513661,-3.028859179405915,3.1443922476650594
95.0,69.12897144605033,92.53240344180584,-3.028859179405915,3.144373118246418
95.04,69.18859058457956,92.53915313224559,-3.028859179405915,3.144354119537337
95.08,69.24820972310879,92.54590282268533,-3.028859179405915,3.144335250644697
95.12,69.30782886163801,92.55265251312508,-3.028859179405915,3.144316510681481
95.16,69.36744800016724,92.55940220356483,-3.028859179405915,3.1442978987667325
95.2,69.42706713869647,92.56615189400458,-3.028859179405915,3.1442794140255144
95.24,69.4866862772257,92.57290158444432,-3.028859179405915,3.1442610555888675
95.28,69.54630541575493,92.57965127488407,-3.028859179405915,3.1442428225937706
95.32000000000001,69.60592455428416,92.58640096532382,-3.028859179405915,3.1442247141830992
95.36,69.66554369281339,92.59315065576357,-3.028859179405915,3.1442067295055844
95.4,69.72516283134262,92.59990034620331,-3.028859179405915,3.144188867715775
95.44,69.78478196987184,92.60665003664306,-3.028859179405915,3.1441711279739954
95.48,69.84440110840107,92.61339972708281,-3.028859179405915,3.144153509446308
95.52,69.9040202469303,92.62014941752255,-3.028859179405915,3.1441360113044734
95.56,69.96363938545953,92.6268991079623,-3.028859179405915,3.1441186327259105
95.60000000000001,70.02325852398876,92.63364879840205,-3.028859179405915,3.1441013728936595
95.64,70.08287766251799,92.6403984888418,-3.028859179405915,3.1440842309963424
95.68,70.14249680104722,92.64714817928154,-3.028859179405915,3.144067206228125
95.72,70.20211593957644,92.65389786972129,-3.028859179405915,3.144050297788679
95.76,70.26173507810567,92.66064756016104,-3.028859179405915,3.1440335048831454
95.8,70.3213542166349,92.66739725060079,-3.028859179405915,3.1440168267220954
95.84,70.38097335516413,92.67414694104053,-3.028859179405915,3.144000262521494
95.88,70.44059249369336,92.68089663148028,-3.028859179405915,3.143983811502664
95.92,70.50021163222259,92.68764632192003,-3.028859179405915,3.1439674728922493
95.96000000000001,70.55983077075182,92.69439601235977,-3.028859179405915,3.143951245922176
96.0,70.61944990928104,92.70114570279952,-3.028859179405915,3.14393512982962
96.04,70.67906904781027,92.70789539323927,-3.028859179405915,3.143919123856968
96.08,70.7386881863395,92.71464508367902,-3.028859179405915,3.1439032272517853
96.12,70.79830732486873,92.72139477411876,-3.028859179405915,3.143887439266776
96.16,70.85792646339796,92.72814446455851,-3.028859179405915,3.1438717591597527
96.2,70.91754560192719,92.73489415499826,-3.028859179405915,3.143856186193597
96.24000000000001,70.97716474045642,92.741643845438,-3.028859179405915,3.1438407196362284
96.28,71.03678387898564,92.74839353587775,-3.028859179405915,3.143825358760568
96.32000000000001,71.09640301751487,92.7551432263175,-3.028859179405915,3.143810102844505
96.36,71.1560221560441,92.76189291675725,-3.028859179405915,3.143794951170863
96.4,71.21564129457333,92.768642607197,-3.028859179405915,3.1437799030273657
96.44,71.27526043310256,92.77539229763674,-3.028859179405915,3.1437649577066034
96.48,71.33487957163179,92.78214198807649,-3.028859179405915,3.1437501145059996
96.52,71.39449871016102,92.78889167851624,-3.028859179405915,3.1437353727277797
96.56,71.45411784869025,92.79564136895598,-3.028859179405915,3.1437207316789353
96.60000000000001,71.51373698721947,92.80239105939573,-3.028859179405915,3.1437061906711943
96.64,71.5733561257487,92.80914074983548,-3.028859179405915,3.143691749020987
96.68,71.63297526427793,92.81589044027523,-3.028859179405915,3.1436774060494144
96.72,71.69259440280716,92.82264013071497,-3.028859179405915,3.1436631610822157
96.76,71.75221354133639,92.82938982115472,-3.028859179405915,3.1436490134497386
96.8,71.81183267986562,92.83613951159447,-3.028859179405915,3.143634962486905
96.84,71.87145181839485,92.84288920203421,-3.028859179405915,3.143621007533182
96.88,71.93107095692407,92.84963889247396,-3.028859179405915,3.1436071479325496
96.92,71.9906900954533,92.85638858291371,-3.028859179405915,3.1435933830334704
96.96000000000001,72.05030923398253,92.86313827335346,-3.028859179405915,3.143579712188859
97.0,72.10992837251176,92.8698879637932,-3.028859179405915,3.143566134756051
97.04,72.16954751104099,92.87663765423295,-3.028859179405915,3.1435526500967734
97.08,72.22916664957022,92.8833873446727,-3.028859179405915,3.143539257577115
97.12,72.28878578809945,92.89013703511245,-3.028859179405915,3.1435259565674945
97.16,72.34840492662867,92.89688672555219,-3.028859179405915,3.143512746442634
97.2,72.4080240651579,92.90363641599194,-3.028859179405915,3.1434996265815265
97.24000000000001,72.46764320368713,92.91038610643169,-3.028859179405915,3.14348659636741
97.28,72.52726234221636,92.91713579687143,-3.028859179405915,3.1434736551877354
97.32000000000001,72.58688148074559,92.92388548731118,-3.028859179405915,3.1434608024341397
97.36,72.64650061927482,92.93063517775093,-3.028859179405915,3.1434480375024165
97.4,72.70611975780405,92.93738486819068,-3.028859179405915,3.1434353597924876
97.44,72.76573889633327,92.94413455863042,-3.028859179405915,3.1434227687083753
97.48,72.8253580348625,92.95088424907017,-3.028859179405915,3.1434102636581738
97.52,72.88497717339173,92.95763393950992,-3.028859179405915,3.1433978440540224
97.56,72.94459631192096,92.96438362994967,-3.028859179405915,3.1433855093120764
97.60000000000001,73.00421545045019,92.97113332038941,-3.028859179405915,3.1433732588524808
97.64,73.06383458897942,92.97788301082916,-3.028859179405915,3.1433610920993424
97.68,73.12345372750865,92.98463270126891,-3.028859179405915,3.143349008480704
97.72,73.18307286603788,92.99138239170865,-3.028859179405915,3.1433370074285145
97.76,73.2426920045671,92.9981320821484,-3.028859179405915,3.143325088378606
97.8,73.30231114309633,93.00488177258815,-3.028859179405915,3.1433132507706647
97.84,73.36193028162556,93.0116314630279,-3.028859179405915,3.1433014940482056
97.88,73.42154942015479,93.01838115346764,-3.028859179405915,3.1432898176585455
97.92,73.48116855868402,93.02513084390739,-3.028859179405915,3.1432782210527783
97.96000000000001,73.54078769721325,93.03188053434714,-3.028859179405915,3.1432667036857485
98.0,73.60040683574248,93.03863022478689,-3.028859179405915,3.143255265016025
98.04,73.6600259742717,93.04537991522663,-3.028859179405915,3.1432439045058764
98.08,73.71964511280093,93.05212960566638,-3.028859179405915,3.143232621621246
98.12,73.77926425133016,93.05887929610613,-3.028859179405915,3.143221415831725
98.16,73.83888338985939,93.06562898654587,-3.028859179405915,3.1432102866105307
98.2,73.89850252838862,93.07237867698562,-3.028859179405915,3.1431992334344785
98.24000000000001,73.95812166691785,93.07912836742537,-3.028859179405915,3.1431882557839588
98.28,74.01774080544708,93.08587805786512,-3.028859179405915,3.1431773531429124
98.32000000000001,74.0773599439763,93.09262774830486,-3.028859179405915,3.143166524998807
98.36,74.13697908250553,93.09937743874461,-3.028859179405915,3.143155770842611
98.4,74.19659822103476,93.10612712918436,-3.028859179405915,3.1431450901687725
98.44,74.25621735956399,93.1128768196241,-3.028859179405915,3.1431344824751926
98.48,74.31583649809322,93.11962651006385,-3.028859179405915,3.143123947263204
98.52,74.37545563662245,93.1263762005036,-3.028859179405915,3.1431134840375465
98.56,74.43507477515168,93.13312589094335,-3.028859179405915,3.143103092306344
98.60000000000001,74.4946939136809,93.1398755813831,-3.028859179405915,3.143092771581081
98.64,74.55431305221013,93.14662527182284,-3.028859179405915,3.1430825213765803
98.68,74.61393219073936,93.15337496226259,-3.028859179405915,3.14307234121098
98.72,74.67355132926859,93.16012465270234,-3.028859179405915,3.14306223060571
98.76,74.73317046779782,93.16687434314208,-3.028859179405915,3.1430521890854712
98.8,74.79278960632705,93.17362403358183,-3.028859179405915,3.1430422161782112
98.84,74.85240874485628,93.18037372402158,-3.028859179405915,3.1430323114151038
98.88,74.9120278833855,93.18712341446133,-3.028859179405915,3.1430224743305257
98.92,74.97164702191473,93.19387310490107,-3.028859179405915,3.1430127044620355
98.96000000000001,75.03126616044396,93.20062279534082,-3.028859179405915,3.143003001350351
99.0,75.09088529897319,93.20737248578057,-3.028859179405915,3.1429933645393295
99.04,75.15050443750242,93.21412217622031,-3.028859179405915,3.1429837935759437
99.08,75.21012357603165,93.22087186666006,-3.028859179405915,3.1429742880102625
99.12,75.26974271456088,93.22762155709981,-3.028859179405915,3.142964847395429
99.16,75.3293618530901,93.23437124753956,-3.028859179405915,3.1429554712876393
99.2,75.38898099161933,93.2411209379793,-3.028859179405915,3.1429461592461223
99.24000000000001,75.44860013014856,93.24787062841905,-3.028859179405915,3.142936910833119
99.28,75.50821926867779,93.2546203188588,-3.028859179405915,3.1429277256138604
99.32000000000001,75.56783840720702,93.26137000929855,-3.028859179405915,3.1429186031565495
99.36,75.62745754573625,93.26811969973829,-3.028859179405915,3.142909543032339
99.4,75.68707668426548,93.27486939017804,-3.028859179405915,3.142900544815312
99.44,75.7466958227947,93.28161908061779,-3.028859179405915,3.142891608082462
99.48,75.80631496132393,93.28836877105753,-3.028859179405915,3.142882732413672
99.52,75.86593409985316,93.29511846149728,-3.028859179405915,3.142873917391697
99.56,75.92555323838239,93.30186815193703,-3.028859179405915,3.1428651626021424
99.60000000000001,75.98517237691162,93.30861784237678,-3.028859179405915,3.1428564676334445
99.64,76.04479151544085,93.31536753281652,-3.028859179405915,3.1428478320768525
99.68,76.10441065397008,93.32211722325627,-3.028859179405915,3.1428392555264084
99.72,76.1640297924993,93.32886691369602,-3.028859179405915,3.142830737578928
99.76,76.22364893102854,93.33561660413577,-3.028859179405915,3.1428222778339823
99.8,76.28326806955776,93.34236629457551,-3.028859179405915,3.1428138758938777
99.84,76.34288720808699,93.34911598501526,-3.028859179405915,3.1428055313636385
99.88,76.40250634661622,93.35586567545501,-3.028859179405915,3.1427972438509877
99.92,76.46212548514545,93.36261536589475,-3.028859179405915,3.1427890129663285
99.96000000000001,76.52174462367468,93.3693650563345,-3.028859179405915,3.1427808383227265
100.0,76.5813637622039,93.37611474677425,-3.028859179405915,3.142772719535891
100.04,76.64098290073314,93.382864437214,-3.028859179405915,3.142764656224158
100.08,76.70060203926236,93.38961412765374,-3.028859179405915,3.142756648008469
100.12,76.76022117779159,93.39636381809349,-3.028859179405915,3.142748694512358
100.16,76.81984031632082,93.40311350853324,-3.028859179405915,3.1427407953619304
100.2,76.87945945485005,93.40986319897299,-3.028859179405915,3.1427329501858465
100.24000000000001,76.93907859337928,93.41661288941273,-3.028859179405915,3.1427251586153035
100.28,76.9986977319085,93.42336257985248,-3.028859179405915,3.1427174202840193
100.32000000000001,77.05831687043774,93.43011227029223,-3.028859179405915,3.1427097348282143
100.36,77.11793600896696,93.43686196073197,-3.028859179405915,3.142702101886594
100.4,77.1775551474962,93.44361165117172,-3.028859179405915,3.1426945211003336
100.44,77.23717428602542,93.45036134161147,-3.028859179405915,3.1426869921130596
100.48,77.29679342455465,93.45711103205122,-3.028859179405915,3.1426795145708333
100.52,77.35641256308388,93.46386072249096,-3.028859179405915,3.1426720881221346
100.56,77.41603170161311,93.47061041293071,-3.028859179405915,3.1426647124178455
100.60000000000001,77.47565084014234,93.47736010337046,-3.028859179405915,3.142657387111233
100.64,77.53526997867156,93.4841097938102,-3.028859179405915,3.142650111857934
100.68,77.5948891172008,93.49085948424995,-3.028859179405915,3.1426428863159384
100.72,77.65450825573002,93.4976091746897,-3.028859179405915,3.1426357101455724
100.76,77.71412739425925,93.50435886512945,-3.028859179405915,3.142628583009483
100.8,77.77374653278848,93.5111085555692,-3.028859179405915,3.1426215045726233
100.84,77.83336567131771,93.51785824600894,-3.028859179405915,3.1426144745022353
100.88,77.89298480984694,93.52460793644869,-3.028859179405915,3.142607492467834
100.92,77.95260394837617,93.53135762688844,-3.028859179405915,3.1426005581411935
100.96000000000001,78.0122230869054,93.53810731732818,-3.028859179405915,3.1425936711963303
101.0,78.07184222543462,93.54485700776793,-3.028859179405915,3.142586831309488
101.04,78.13146136396385,93.55160669820768,-3.028859179405915,3.142580038159123
101.08,78.19108050249308,93.55835638864743,-3.028859179405915,3.1425732914258884
101.12,78.25069964102231,93.56510607908717,-3.028859179405915,3.1425665907926192
101.16,78.31031877955154,93.57185576952692,-3.028859179405915,3.1425599359443184
101.2,78.36993791808077,93.57860545996667,-3.028859179405915,3.14255332656814
101.24000000000001,78.42955705661,93.58535515040641,-3.028859179405915,3.1425467623533767
101.28,78.48917619513922,93.59210484084616,-3.028859179405915,3.142540242991444
101.32000000000001,78.54879533366845,93.59885453128591,-3.028859179405915,3.1425337681758663
101.36,78.60841447219768,93.60560422172566,-3.028859179405915,3.1425273376022607
101.4,78.66803361072691,93.6123539121654,-3.028859179405915,3.1425209509683256
101.44,78.72765274925614,93.61910360260515,-3.028859179405915,3.142514607973825
101.48,78.78727188778537,93.6258532930449,-3.028859179405915,3.142508308320573
101.52,78.8468910263146,93.63260298348465,-3.028859179405915,3.1425020517124223
101.56,78.90651016484382,93.63935267392439,-3.028859179405915,3.142495837855249
101.60000000000001,78.96612930337305,93.64610236436414,-3.028859179405915,3.142489666456939
101.64,79.02574844190228,93.65285205480389,-3.028859179405915,3.1424835372273736
101.68,79.08536758043151,93.65960174524363,-3.028859179405915,3.1424774498784176
101.72,79.14498671896074,93.66635143568338,-3.028859179405915,3.1424714041239032
101.76,79.20460585748997,93.67310112612313,-3.028859179405915,3.142465399679619
101.8,79.2642249960192,93.67985081656288,-3.028859179405915,3.1424594362632945
101.84,79.32384413454842,93.68660050700262,-3.028859179405915,3.1424535135945897
101.88,79.38346327307765,93.69335019744237,-3.028859179405915,3.1424476313950787
101.92,79.44308241160688,93.70009988788212,-3.028859179405915,3.142441789388238
101.96000000000001,79.50270155013611,93.70684957832187,-3.028859179405915,3.1424359872994345
102.0,79.56232068866534,93.71359926876161,-3.028859179405915,3.142430224855911
102.04,79.62193982719457,93.72034895920136,-3.028859179405915,3.142424501786774
102.08,79.6815589657238,93.7270986496411,-3.028859179405915,3.1424188178229815
102.12,79.74117810425302,93.73384834008085,-3.028859179405915,3.1424131726973292
102.16,79.80079724278225,93.7405980305206,-3.028859179405915,3.1424075661444393
102.2,79.86041638131148,93.74734772096035,-3.028859179405915,3.1424019979007465
102.24000000000001,79.92003551984071,93.7540974114001,-3.028859179405915,3.142396467704487
102.28,79.97965465836994,93.76084710183984,-3.028859179405915,3.1423909752956853
102.32000000000001,80.03927379689917,93.76759679227959,-3.028859179405915,3.1423855204161426
102.36,80.0988929354284,93.77434648271934,-3.028859179405915,3.142380102809424
102.4,80.15851207395762,93.78109617315909,-3.028859179405915,3.142374722220847
102.44,80.21813121248685,93.78784586359883,-3.028859179405915,3.1423693783974693
102.48,80.27775035101608,93.79459555403858,-3.028859179405915,3.142364071088077
102.52,80.33736948954531,93.80134524447833,-3.028859179405915,3.1423588000431724
102.56,80.39698862807454,93.80809493491807,-3.028859179405915,3.142353565014963
102.60000000000001,80.45660776660377,93.81484462535782,-3.028859179405915,3.1423483657573494
102.64,80.516226905133,93.82159431579757,-3.028859179405915,3.1423432020259137
102.68,80.57584604366222,93.82834400623732,-3.028859179405915,3.142338073577908
102.72,80.63546518219145,93.83509369667706,-3.028859179405915,3.1423329801722426
102.76,80.69508432072068,93.84184338711681,-3.028859179405915,3.1423279215694766
102.8,80.75470345924991,93.84859307755656,-3.028859179405915,3.1423228975318036
102.84,80.81432259777914,93.8553427679963,-3.028859179405915,3.142317907823043
102.88,80.87394173630837,93.86209245843605,-3.028859179405915,3.142312952208628
102.92,80.9335608748376,93.8688421488758,-3.028859179405915,3.142308030455594
102.96000000000001,80.99318001336682,93.87559183931555,-3.028859179405915,3.1423031423325685
103.0,81.05279915189605,93.8823415297553,-3.028859179405915,3.1422982876097603
103.04,81.11241829042528,93.88909122019504,-3.028859179405915,3.142293466058948
103.08,81.17203742895451,93.89584091063479,-3.028859179405915,3.1422886774534695
103.12,81.23165656748374,93.90259060107454,-3.028859179405915,3.142283921568212
103.16,81.29127570601297,93.90934029151428,-3.028859179405915,3.1422791981796
103.2,81.3508948445422,93.91608998195403,-3.028859179405915,3.1422745070655864
103.24000000000001,81.41051398307143,93.92283967239378,-3.028859179405915,3.1422698480056415
103.28,81.47013312160065,93.92958936283353,-3.028859179405915,3.1422652207807418
103.32000000000001,81.52975226012988,93.93633905327327,-3.028859179405915,3.1422606251733605
103.36,81.58937139865911,93.94308874371302,-3.028859179405915,3.1422560609674575
103.4,81.64899053718834,93.94983843415277,-3.028859179405915,3.142251527948469
103.44,81.70860967571757,93.95658812459251,-3.028859179405915,3.142247025903296
103.48,81.7682288142468,93.96333781503226,-3.028859179405915,3.1422425546202977
103.52,81.82784795277603,93.97008750547201,-3.028859179405915,3.142238113889278
103.56,81.88746709130525,93.97683719591176,-3.028859179405915,3.142233703501477
103.60000000000001,81.94708622983448,93.9835868863515,-3.028859179405915,3.142229323249562
103.64,82.00670536836371,93.99033657679125,-3.028859179405915,3.1422249729276164
103.68,82.06632450689294,93.997086267231,-3.028859179405915,3.1422206523311305
103.72,82.12594364542217,94.00383595767074,-3.028859179405915,3.1422163612569927
103.76,82.1855627839514,94.01058564811049,-3.028859179405915,3.1422120995034786
103.8,82.24518192248063,94.01733533855024,-3.028859179405915,3.1422078668702427
103.84,82.30480106100985,94.02408502898999,-3.028859179405915,3.142203663158308
103.88,82.36442019953908,94.03083471942973,-3.028859179405915,3.1421994881700575
103.92,82.42403933806831,94.03758440986948,-3.028859179405915,3.1421953417092237
103.96000000000001,82.48365847659754,94.04433410030923,-3.028859179405915,3.142191223580881
104.0,82.54327761512677,94.05108379074898,-3.028859179405915,3.1421871335914355
104.04,82.602896753656,94.05783348118872,-3.028859179405915,3.142183071548616
104.08,82.66251589218523,94.06458317162847,-3.028859179405915,3.142179037261465
104.12,82.72213503071445,94.07133286206822,-3.028859179405915,3.14217503054033
104.16,82.78175416924368,94.07808255250796,-3.028859179405915,3.142171051196855
104.2,82.84137330777291,94.08483224294771,-3.028859179405915,3.142167099043969
104.24000000000001,82.90099244630214,94.09158193338746,-3.028859179405915,3.1421631738958817
104.28,82.96061158483137,94.0983316238272,-3.028859179405915,3.142159275568071
104.32000000000001,83.0202307233606,94.10508131426695,-3.028859179405915,3.142155403877275
104.36,83.07984986188983,94.1118310047067,-3.028859179405915,3.1421515586414857
104.4,83.13946900041906,94.11858069514645,-3.028859179405915,3.1421477396799373
104.44,83.19908813894828,94.1253303855862,-3.028859179405915,3.1421439468131
104.48,83.25870727747751,94.13208007602594,-3.028859179405915,3.14214017986267
104.52,83.31832641600674,94.13882976646569,-3.028859179405915,3.142136438651563
104.56,83.37794555453597,94.14557945690544,-3.028859179405915,3.1421327230039036
104.60000000000001,83.4375646930652,94.15232914734518,-3.028859179405915,3.1421290327450184
104.64,83.49718383159443,94.15907883778493,-3.028859179405915,3.1421253677014276
104.68,83.55680297012366,94.16582852822468,-3.028859179405915,3.142121727700837
104.72,83.61642210865288,94.17257821866443,-3.028859179405915,3.1421181125721294
104.76,83.67604124718211,94.17932790910417,-3.028859179405915,3.142114522145357
104.8,83.73566038571134,94.18607759954392,-3.028859179405915,3.142110956251733
104.84,83.79527952424057,94.19282728998367,-3.028859179405915,3.142107414723624
104.88,83.8548986627698,94.19957698042342,-3.028859179405915,3.1421038973945423
104.92,83.91451780129903,94.20632667086316,-3.028859179405915,3.142100404099138
104.96000000000001,83.97413693982826,94.21307636130291,-3.028859179405915,3.1420969346731895
105.0,84.03375607835748,94.21982605174266,-3.028859179405915,3.1420934889535994
105.04,84.09337521688671,94.2265757421824,-3.028859179405915,3.1420900667783833
105.08,84.15299435541594,94.23332543262215,-3.028859179405915,3.142086667986664
105.12,84.21261349394517,94.2400751230619,-3.028859179405915,3.1420832924186644
105.16,84.2722326324744,94.24682481350165,-3.028859179405915,3.1420799399156976
105.2,84.33185177100363,94.2535745039414,-3.028859179405915,3.1420766103201623
105.24000000000001,84.39147090953286,94.26032419438114,-3.028859179405915,3.142073303475533
105.28,84.45109004806208,94.26707388482089,-3.028859179405915,3.1420700192263546
105.32000000000001,84.51070918659131,94.27382357526064,-3.028859179405915,3.142066757418234
105.36,84.57032832512054,94.28057326570038,-3.028859179405915,3.1420635178978333
105.4,84.62994746364977,94.28732295614013,-3.028859179405915,3.1420603005128616
105.44,84.689566602179,94.29407264657988,-3.028859179405915,3.1420571051120687
105.48,84.74918574070823,94.30082233701962,-3.028859179405915,3.1420539315452385
105.52,84.80880487923746,94.30757202745937,-3.028859179405915,3.1420507796631814
105.56,84.86842401776669,94.31432171789912,-3.028859179405915,3.142047649317726
105.60000000000001,84.92804315629591,94.32107140833887,-3.028859179405915,3.1420445403617148
105.64,84.98766229482514,94.32782109877861,-3.028859179405915,3.142041452648995
105.68,85.04728143335437,94.33457078921836,-3.028859179405915,3.1420383860344128
105.72,85.1069005718836,94.34132047965811,-3.028859179405915,3.1420353403738055
105.76,85.16651971041283,94.34807017009786,-3.028859179405915,3.1420323155239966
105.8,85.22613884894206,94.3548198605376,-3.028859179405915,3.142029311342787
105.84,85.28575798747129,94.36156955097735,-3.028859179405915,3.1420263276889497
105.88,85.34537712600051,94.3683192414171,-3.028859179405915,3.142023364422222
105.92,85.40499626452974,94.37506893185684,-3.028859179405915,3.142020421403301
105.96000000000001,85.46461540305897,94.38181862229659,-3.028859179405915,3.1420174984938343
106.0,85.5242345415882,94.38856831273634,-3.028859179405915,3.1420145955564154
106.04,85.58385368011743,94.39531800317609,-3.028859179405915,3.1420117124545768
106.08,85.64347281864666,94.40206769361583,-3.028859179405915,3.142008849052783
106.12,85.70309195717589,94.40881738405558,-3.028859179405915,3.142006005216425
106.16,85.76271109570511,94.41556707449533,-3.028859179405915,3.142003180811814
106.2,85.82233023423434,94.42231676493508,-3.028859179405915,3.142000375706173
106.24000000000001,85.88194937276357,94.42906645537482,-3.028859179405915,3.1419975897676347
106.28,85.9415685112928,94.43581614581457,-3.028859179405915,3.141994822865231
106.32000000000001,86.00118764982203,94.44256583625432,-3.028859179405915,3.1419920748688894
106.36,86.06080678835126,94.44931552669406,-3.028859179405915,3.141989345649426
106.4,86.12042592688049,94.45606521713381,-3.028859179405915,3.1419866350785397
106.44,86.18004506540971,94.46281490757356,-3.028859179405915,3.141983943028806
106.48,86.23966420393894,94.4695645980133,-3.028859179405915,3.141981269373671
106.52,86.29928334246817,94.47631428845305,-3.028859179405915,3.1419786139874453
106.56,86.3589024809974,94.4830639788928,-3.028859179405915,3.1419759767452993
106.60000000000001,86.41852161952663,94.48981366933255,-3.028859179405915,3.1419733575232556
106.64,86.47814075805586,94.4965633597723,-3.028859179405915,3.141970756198184
106.68,86.53775989658509,94.50331305021204,-3.028859179405915,3.141968172647795
106.72,86.59737903511432,94.51006274065179,-3.028859179405915,3.1419656067506363
106.76,86.65699817364354,94.51681243109154,-3.028859179405915,3.141963058386084
106.8,86.71661731217277,94.52356212153128,-3.028859179405915,3.1419605274343394
106.84,86.776236450702,94.53031181197103,-3.028859179405915,3.1419580137764216
106.88,86.83585558923123,94.53706150241078,-3.028859179405915,3.1419555172941633
106.92,86.89547472776046,94.54381119285053,-3.028859179405915,3.1419530378702043
106.96000000000001,86.95509386628969,94.55056088329027,-3.028859179405915,3.141950575387986
107.0,87.01471300481892,94.55731057373002,-3.028859179405915,3.1419481297317473
107.04,87.07433214334814,94.56406026416977,-3.028859179405915,3.141945700786517
107.08,87.13395128187737,94.57080995460952,-3.028859179405915,3.1419432884381098
107.12,87.1935704204066,94.57755964504926,-3.028859179405915,3.1419408925731207
107.16,87.25318955893583,94.58430933548901,-3.028859179405915,3.14193851307892
107.2,87.31280869746506,94.59105902592876,-3.028859179405915,3.1419361498436467
107.24000000000001,87.37242783599429,94.5978087163685,-3.028859179405915,3.141933802756205
107.28,87.43204697452352,94.60455840680825,-3.028859179405915,3.1419314717062576
107.32000000000001,87.49166611305274,94.611308097248,-3.028859179405915,3.1419291565842213
107.36,87.55128525158197,94.61805778768775,-3.028859179405915,3.141926857281262
107.4,87.6109043901112,94.6248074781275,-3.028859179405915,3.1419245736892893
107.44,87.67052352864043,94.63155716856724,-3.028859179405915,3.1419223057009504
107.48,87.73014266716966,94.63830685900699,-3.028859179405915,3.141920053209627
107.52,87.78976180569889,94.64505654944674,-3.028859179405915,3.141917816109429
107.56,87.84938094422812,94.65180623988648,-3.028859179405915,3.14191559429519
107.60000000000001,87.90900008275734,94.65855593032623,-3.028859179405915,3.141913387662462
107.64,87.96861922128657,94.66530562076598,-3.028859179405915,3.14191119610751
107.68,88.0282383598158,94.67205531120572,-3.028859179405915,3.1419090195273096
107.72,88.08785749834503,94.67880500164547,-3.028859179405915,3.141906857819539
107.76,88.14747663687426,94.68555469208522,-3.028859179405915,3.1419047108825757
107.8,88.20709577540349,94.69230438252497,-3.028859179405915,3.141902578615492
107.84,88.26671491393272,94.69905407296471,-3.028859179405915,3.141900460918049
107.88,88.32633405246195,94.70580376340446,-3.028859179405915,3.1418983576906943
107.92,88.38595319099117,94.71255345384421,-3.028859179405915,3.1418962688345538
107.96000000000001,88.4455723295204,94.71930314428396,-3.028859179405915,3.1418941942514302
108.0,88.50519146804963,94.7260528347237,-3.028859179405915,3.1418921338437973
108.04,88.56481060657886,94.73280252516345,-3.028859179405915,3.1418900875147946
108.08,88.62442974510809,94.7395522156032,-3.028859179405915,3.141888055168224
108.12,88.68404888363732,94.74630190604294,-3.028859179405915,3.141886036708544
108.16,88.74366802216655,94.75305159648269,-3.028859179405915,3.141884032040867
108.2,88.80328716069577,94.75980128692244,-3.028859179405915,3.1418820410709527
108.24000000000001,88.862906299225,94.76655097736219,-3.028859179405915,3.1418800637052056
108.28,88.92252543775423,94.77330066780193,-3.028859179405915,3.141878099850669
108.32000000000001,88.98214457628346,94.78005035824168,-3.028859179405915,3.1418761494150216
108.36,89.04176371481269,94.78680004868143,-3.028859179405915,3.1418742123065733
108.4,89.10138285334192,94.79354973912118,-3.028859179405915,3.14187228843426
108.44,89.16100199187115,94.80029942956092,-3.028859179405915,3.1418703777076398
108.48,89.22062113040037,94.80704912000067,-3.028859179405915,3.14186848003689
108.52,89.2802402689296,94.81379881044042,-3.028859179405915,3.1418665953327998
108.56,89.33985940745883,94.82054850088016,-3.028859179405915,3.141864723506769
108.60000000000001,89.39947854598806,94.82729819131991,-3.028859179405915,3.141862864470803
108.64,89.45909768451729,94.83404788175966,-3.028859179405915,3.141861018137508
108.68,89.51871682304652,94.8407975721994,-3.028859179405915,3.1418591844200874
108.72,89.57833596157575,94.84754726263915,-3.028859179405915,3.141857363232338
108.76,89.63795510010497,94.8542969530789,-3.028859179405915,3.141855554488645
108.8,89.6975742386342,94.86104664351865,-3.028859179405915,3.1418537581039794
108.84,89.75719337716343,94.8677963339584,-3.028859179405915,3.1418519739938926
108.88,89.81681251569266,94.87454602439814,-3.028859179405915,3.141850202074513
108.92,89.87643165422189,94.88129571483789,-3.028859179405915,3.1418484422625426
108.96000000000001,89.93605079275112,94.88804540527764,-3.028859179405915,3.141846694475252
109.0,89.99566993128035,94.89479509571738,-3.028859179405915,3.141844958630478
109.04,90.05528906980958,94.90154478615713,-3.028859179405915,3.1418432346466174
109.08,90.1149082083388,94.90829447659688,-3.028859179405915,3.1418415224426255
109.12,90.17452734686803,94.91504416703663,-3.028859179405915,3.1418398219380115
109.16,90.23414648539726,94.92179385747637,-3.028859179405915,3.141838133052834
109.2,90.29376562392649,94.92854354791612,-3.028859179405915,3.1418364557076983
109.24000000000001,90.35338476245572,94.93529323835587,-3.028859179405915,3.1418347898237524
109.28,90.41300390098495,94.94204292879562,-3.028859179405915,3.1418331353226825
109.32000000000001,90.47262303951418,94.94879261923536,-3.028859179405915,3.14183149212671
109.36,90.5322421780434,94.95554230967511,-3.028859179405915,3.141829860158588
109.4,90.59186131657263,94.96229200011486,-3.028859179405915,3.1418282393415975
109.44,90.65148045510186,94.9690416905546,-3.028859179405915,3.141826629599543
109.48,90.71109959363109,94.97579138099435,-3.028859179405915,3.1418250308567512
109.52,90.77071873216032,94.9825410714341,-3.028859179405915,3.141823443038064
109.56,90.83033787068955,94.98929076187385,-3.028859179405915,3.141821866068838
109.60000000000001,90.88995700921878,94.9960404523136,-3.028859179405915,3.1418202998749396
109.64,90.949576147748,95.00279014275334,-3.028859179405915,3.1418187443827414
109.68,91.00919528627723,95.00953983319309,-3.028859179405915,3.14181719951912
109.72,91.06881442480646,95.01628952363284,-3.028859179405915,3.1418156652114506
109.76,91.12843356333569,95.02303921407258,-3.028859179405915,3.141814141387605
109.8,91.18805270186492,95.02978890451233,-3.028859179405915,3.141812627975948
109.84,91.24767184039415,95.03653859495208,-3.028859179405915,3.1418111249053338
109.88,91.30729097892338,95.04328828539182,-3.028859179405915,3.141809632105103
109.92,91.3669101174526,95.05003797583157,-3.028859179405915,3.1418081495050783
109.96000000000001,91.42652925598183,95.05678766627132,-3.028859179405915,3.1418066770355626
110.0,91.48614839451106,95.06353735671107,-3.028859179405915,3.1418052146273348
110.04,91.54576753304029,95.07028704715081,-3.028859179405915,3.1418037622116466
110.08,91.60538667156952,95.07703673759056,-3.028859179405915,3.14180231972022
110.12,91.66500581009875,95.08378642803031,-3.028859179405915,3.141800887085243
110.16,91.72462494862798,95.09053611847006,-3.028859179405915,3.141799464239367
110.2,91.7842440871572,95.0972858089098,-3.028859179405915,3.141798051115704
110.24000000000001,91.84386322568643,95.10403549934955,-3.028859179405915,3.1417966476478227
110.28,91.90348236421566,95.1107851897893,-3.028859179405915,3.1417952537697453
110.32000000000001,91.96310150274489,95.11753488022904,-3.028859179405915,3.1417938694159457
110.36,92.02272064127412,95.12428457066879,-3.028859179405915,3.1417924945213453
110.4,92.08233977980335,95.13103426110854,-3.028859179405915,3.1417911290213096
110.44,92.14195891833258,95.13778395154829,-3.028859179405915,3.1417897728516464
110.48,92.2015780568618,95.14453364198803,-3.028859179405915,3.1417884259486017
110.52,92.26119719539103,95.15128333242778,-3.028859179405915,3.1417870882488574
110.56,92.32081633392026,95.15803302286753,-3.028859179405915,3.1417857596895282
110.60000000000001,92.38043547244949,95.16478271330728,-3.028859179405915,3.141784440208158
110.64,92.44005461097872,95.17153240374702,-3.028859179405915,3.1417831297427177
110.68,92.49967374950795,95.17828209418677,-3.028859179405915,3.141781828231602
110.72,92.55929288803718,95.18503178462652,-3.028859179405915,3.1417805356136266
110.76,92.6189120265664,95.19178147506626,-3.028859179405915,3.1417792518280256
110.8,92.67853116509563,95.19853116550601,-3.028859179405915,3.1417779768144474
110.84,92.73815030362486,95.20528085594576,-3.028859179405915,3.141776710512954
110.88,92.79776944215409,95.2120305463855,-3.028859179405915,3.1417754528640156
110.92,92.85738858068332,95.21878023682525,-3.028859179405915,3.1417742038085104
110.96000000000001,92.91700771921255,95.225529927265,-3.028859179405915,3.14177296328772
111.0,92.97662685774178,95.23227961770475,-3.028859179405915,3.1417717312433266
111.04,93.036245996271,95.2390293081445,-3.028859179405915,3.1417705076174123
111.08,93.09586513480023,95.24577899858424,-3.028859179405915,3.141769292352454
111.12,93.15548427332946,95.25252868902399,-3.028859179405915,3.1417680853913215
111.16,93.21510341185869,95.25927837946374,-3.028859179405915,3.1417668866772757
111.2,93.27472255038792,95.26602806990348,-3.028859179405915,3.1417656961539646
111.24000000000001,93.33434168891715,95.27277776034323,-3.028859179405915,3.1417645137654215
111.28,93.39396082744638,95.27952745078298,-3.028859179405915,3.141763339456062
111.32000000000001,93.4535799659756,95.28627714122273,-3.028859179405915,3.1417621731706813
111.36,93.51319910450484,95.29302683166247,-3.028859179405915,3.1417610148544526
111.4,93.57281824303406,95.29977652210222,-3.028859179405915,3.141759864452923
111.44,93.63243738156329,95.30652621254197,-3.028859179405915,3.1417587219120118
111.48,93.69205652009252,95.31327590298172,-3.028859179405915,3.141757587178008
111.52,93.75167565862175,95.32002559342146,-3.028859179405915,3.1417564601975676
111.56,93.81129479715098,95.32677528386121,-3.028859179405915,3.141755340917711
111.60000000000001,93.8709139356802,95.33352497430096,-3.028859179405915,3.1417542292858203
111.64,93.93053307420944,95.3402746647407,-3.028859179405915,3.141753125249638
111.68,93.99015221273866,95.34702435518045,-3.028859179405915,3.1417520287572622
111.72,94.04977135126789,95.3537740456202,-3.028859179405915,3.1417509397571473
111.76,94.10939048979712,95.36052373605995,-3.028859179405915,3.141749858198099
111.8,94.16900962832635,95.3672734264997,-3.028859179405915,3.1417487840292733
111.84,94.22862876685558,95.37402311693944,-3.028859179405915,3.1417477172001727
111.88,94.28824790538481,95.38077280737919,-3.028859179405915,3.141746657660646
111.92,94.34786704391404,95.38752249781894,-3.028859179405915,3.1417456053608834
111.96000000000001,94.40748618244326,95.39427218825868,-3.028859179405915,3.1417445602514165
112.0,94.4671053209725,95.40102187869843,-3.028859179405915,3.141743522283114
112.04,94.52672445950172,95.40777156913818,-3.028859179405915,3.1417424914071814
112.08,94.58634359803095,95.41452125957792,-3.028859179405915,3.1417414675751565
112.12,94.64596273656018,95.42127095001767,-3.028859179405915,3.141740450738909
112.16,94.70558187508941,95.42802064045742,-3.028859179405915,3.141739440850637
112.2,94.76520101361864,95.43477033089717,-3.028859179405915,3.141738437862866
112.24000000000001,94.82482015214786,95.44152002133691,-3.028859179405915,3.141737441728445
112.28,94.8844392906771,95.44826971177666,-3.028859179405915,3.141736452400545
112.32000000000001,94.94405842920632,95.45501940221641,-3.028859179405915,3.141735469832658
112.36,95.00367756773555,95.46176909265616,-3.028859179405915,3.141734493978593
112.4,95.06329670626478,95.4685187830959,-3.028859179405915,3.1417335247924756
112.44,95.12291584479401,95.47526847353565,-3.028859179405915,3.1417325622287433
112.48,95.18253498332324,95.4820181639754,-3.028859179405915,3.1417316062421463
112.52,95.24215412185247,95.48876785441514,-3.028859179405915,3.141730656787743
112.56,95.3017732603817,95.49551754485489,-3.028859179405915,3.1417297138209
112.60000000000001,95.36139239891092,95.50226723529464,-3.028859179405915,3.1417287772972875
112.64,95.42101153744015,95.50901692573439,-3.028859179405915,3.14172784717288
112.68,95.48063067596938,95.51576661617413,-3.028859179405915,3.1417269234039513
112.72,95.54024981449861,95.52251630661388,-3.028859179405915,3.1417260059470755
112.76,95.59986895302784,95.52926599705363,-3.028859179405915,3.141725094759123
112.8,95.65948809155707,95.53601568749338,-3.028859179405915,3.141724189797258
112.84,95.7191072300863,95.54276537793312,-3.028859179405915,3.141723291018938
112.88,95.77872636861552,95.54951506837287,-3.028859179405915,3.141722398381912
112.92,95.83834550714475,95.55626475881262,-3.028859179405915,3.1417215118442163
112.96000000000001,95.89796464567398,95.56301444925236,-3.028859179405915,3.141720631364175
113.0,95.95758378420321,95.56976413969211,-3.028859179405915,3.1417197569003963
113.04,96.01720292273244,95.57651383013186,-3.028859179405915,3.1417188884117713
113.08,96.07682206126167,95.5832635205716,-3.028859179405915,3.141718025857472
113.12,96.1364411997909,95.59001321101135,-3.028859179405915,3.1417171691969505
113.16,96.19606033832012,95.5967629014511,-3.028859179405915,3.141716318389934
113.2,96.25567947684935,95.60351259189085,-3.028859179405915,3.1417154733964265
113.24000000000001,96.31529861537858,95.6102622823306,-3.028859179405915,3.1417146341767044
113.28,96.37491775390781,95.61701197277034,-3.028859179405915,3.1417138006913157
113.32000000000001,96.43453689243704,95.62376166321009,-3.028859179405915,3.1417129729010784
113.36,96.49415603096627,95.63051135364984,-3.028859179405915,3.141712150767078
113.4,96.5537751694955,95.63726104408958,-3.028859179405915,3.1417113342506653
113.44,96.61339430802472,95.64401073452933,-3.028859179405915,3.141710523313456
113.48,96.67301344655395,95.65076042496908,-3.028859179405915,3.1417097179173274
113.52,96.73263258508318,95.65751011540883,-3.028859179405915,3.141708918024418
113.56,96.79225172361241,95.66425980584857,-3.028859179405915,3.141708123597125
113.60000000000001,96.85187086214164,95.67100949628832,-3.028859179405915,3.1417073345981015
113.64,96.91149000067087,95.67775918672807,-3.028859179405915,3.141706550990257
113.68,96.9711091392001,95.68450887716781,-3.028859179405915,3.1417057727367537
113.72,97.03072827772932,95.69125856760756,-3.028859179405915,3.141704999801006
113.76,97.09034741625855,95.69800825804731,-3.028859179405915,3.1417042321466773
113.8,97.14996655478778,95.70475794848706,-3.028859179405915,3.141703469737681
113.84,97.20958569331701,95.7115076389268,-3.028859179405915,3.141702712538175
113.88,97.26920483184624,95.71825732936655,-3.028859179405915,3.141701960512564
113.92,97.32882397037547,95.7250070198063,-3.028859179405915,3.141701213625495
113.96000000000001,97.3884431089047,95.73175671024605,-3.028859179405915,3.1417004718418564
114.0,97.44806224743392,95.7385064006858,-3.028859179405915,3.1416997351267772
114.04,97.50768138596315,95.74525609112554,-3.028859179405915,3.141699003445624
114.08,97.56730052449238,95.75200578156529,-3.028859179405915,3.141698276764
114.12,97.62691966302161,95.75875547200503,-3.028859179405915,3.1416975550477444
114.16,97.68653880155084,95.76550516244478,-3.028859179405915,3.141696838262929
114.2,97.74615794008007,95.77225485288453,-3.028859179405915,3.1416961263758574
114.24000000000001,97.8057770786093,95.77900454332428,-3.028859179405915,3.1416954193530637
114.28,97.86539621713852,95.78575423376402,-3.028859179405915,3.1416947171613105
114.32000000000001,97.92501535566775,95.79250392420377,-3.028859179405915,3.1416940197675878
114.36,97.98463449419698,95.79925361464352,-3.028859179405915,3.1416933271391105
114.4,98.04425363272621,95.80600330508327,-3.028859179405915,3.1416926392433187
114.44,98.10387277125544,95.81275299552301,-3.028859179405915,3.1416919560478735
114.48,98.16349190978467,95.81950268596276,-3.028859179405915,3.1416912775206587
114.52,98.2231110483139,95.82625237640251,-3.028859179405915,3.141690603629776
114.56,98.28273018684312,95.83300206684225,-3.028859179405915,3.1416899343435456
114.60000000000001,98.34234932537235,95.839751757282,-3.028859179405915,3.141689269630504
114.64,98.40196846390158,95.84650144772175,-3.028859179405915,3.1416886094594036
114.68,98.46158760243081,95.8532511381615,-3.028859179405915,3.141687953799209
114.72,98.52120674096004,95.86000082860124,-3.028859179405915,3.141687302619098
114.76,98.58082587948927,95.86675051904099,-3.028859179405915,3.1416866558884577
114.8,98.6404450180185,95.87350020948074,-3.028859179405915,3.141686013576886
114.84,98.70006415654773,95.88024989992049,-3.028859179405915,3.141685375654187
114.88,98.75968329507695,95.88699959036023,-3.028859179405915,3.1416847420903724
114.92,98.81930243360618,95.89374928079998,-3.028859179405915,3.141684112855658
114.96000000000001,98.87892157213541,95.90049897123973,-3.028859179405915,3.141683487920463
115.0,98.93854071066464,95.90724866167947,-3.028859179405915,3.14168286725541
115.04,98.99815984919387,95.91399835211922,-3.028859179405915,3.1416822508313205
115.08,99.0577789877231,95.92074804255897,-3.028859179405915,3.1416816386192163
115.12,99.11739812625233,95.92749773299872,-3.028859179405915,3.1416810305903176
115.16,99.17701726478155,95.93424742343846,-3.028859179405915,3.1416804267160408
115.2,99.23663640331078,95.94099711387821,-3.028859179405915,3.1416798269679975
115.24000000000001,99.29625554184001,95.94774680431796,-3.028859179405915,3.1416792313179935
115.28,99.35587468036924,95.9544964947577,-3.028859179405915,3.141678639738027
115.32000000000001,99.41549381889847,95.96124618519745,-3.028859179405915,3.141678052200288
115.36,99.4751129574277,95.9679958756372,-3.028859179405915,3.141677468677156
115.4,99.53473209595693,95.97474556607695,-3.028859179405915,3.1416768891411992
115.44,99.59435123448615,95.9814952565167,-3.028859179405915,3.1416763135651737
115.48,99.65397037301538,95.98824494695644,-3.028859179405915,3.141675741922022
115.52,99.71358951154461,95.99499463739619,-3.028859179405915,3.1416751741848703
115.56,99.77320865007384,96.00174432783594,-3.028859179405915,3.1416746103270294
115.60000000000001,99.83282778860307,96.00849401827568,-3.028859179405915,3.1416740503219924
115.64,99.8924469271323,96.01524370871543,-3.028859179405915,3.141673494143433
115.68,99.95206606566153,96.02199339915518,-3.028859179405915,3.141672941765206
115.72,100.01168520419075,96.02874308959493,-3.028859179405915,3.1416723931613433
115.76,100.07130434271998,96.03549278003467,-3.028859179405915,3.141671848306055
115.8,100.13092348124921,96.04224247047442,-3.028859179405915,3.141671307173727
115.84,100.19054261977844,96.04899216091417,-3.028859179405915,3.141670769738921
115.88,100.25016175830767,96.05574185135391,-3.028859179405915,3.141670235976372
115.92,100.3097808968369,96.06249154179366,-3.028859179405915,3.1416697058609877
115.96000000000001,100.36940003536613,96.06924123223341,-3.028859179405915,3.141669179367847
116.0,100.42901917389536,96.07599092267316,-3.028859179405915,3.1416686564722
116.04,100.48863831242458,96.0827406131129,-3.028859179405915,3.1416681371494644
116.08,100.54825745095381,96.08949030355265,-3.028859179405915,3.1416676213752273
116.12,100.60787658948304,96.0962399939924,-3.028859179405915,3.1416671091252417
116.16,100.66749572801227,96.10298968443215,-3.028859179405915,3.141666600375427
116.2,100.7271148665415,96.10973937487189,-3.028859179405915,3.1416660951018667
116.24000000000001,100.78673400507073,96.11648906531164,-3.028859179405915,3.1416655932808073
116.28,100.84635314359996,96.12323875575139,-3.028859179405915,3.141665094888659
116.32000000000001,100.90597228212918,96.12998844619113,-3.028859179405915,3.141664599901991
116.36,100.96559142065841,96.13673813663088,-3.028859179405915,3.1416641082975354
116.4,101.02521055918764,96.14348782707063,-3.028859179405915,3.1416636200521806
116.44,101.08482969771687,96.15023751751038,-3.028859179405915,3.1416631351429745
116.48,101.1444488362461,96.15698720795012,-3.028859179405915,3.141662653547121
116.52,101.20406797477533,96.16373689838987,-3.028859179405915,3.1416621752419807
116.56,101.26368711330456,96.17048658882962,-3.028859179405915,3.141661700205068
116.60000000000001,101.32330625183378,96.17723627926937,-3.028859179405915,3.141661228414052
116.64,101.38292539036301,96.18398596970911,-3.028859179405915,3.141660759846753
116.68,101.44254452889224,96.19073566014886,-3.028859179405915,3.141660294481144
116.72,101.50216366742147,96.19748535058861,-3.028859179405915,3.1416598322953475
116.76,101.5617828059507,96.20423504102835,-3.028859179405915,3.1416593732676366
116.8,101.62140194447993,96.2109847314681,-3.028859179405915,3.1416589173764318
116.84,101.68102108300916,96.21773442190785,-3.028859179405915,3.141658464600302
116.88,101.74064022153838,96.2244841123476,-3.028859179405915,3.141658014917962
116.92,101.80025936006761,96.23123380278734,-3.028859179405915,3.141657568308272
116.96000000000001,101.85987849859684,96.23798349322709,-3.028859179405915,3.1416571247502367
117.0,101.91949763712607,96.24473318366684,-3.028859179405915,3.1416566842230047
117.04,101.9791167756553,96.25148287410659,-3.028859179405915,3.1416562467058666
117.08,102.03873591418453,96.25823256454633,-3.028859179405915,3.1416558121782545
117.12,102.09835505271376,96.26498225498608,-3.028859179405915,3.141655380619741
117.16,102.15797419124299,96.27173194542583,-3.028859179405915,3.141654952010039
117.2,102.21759332977221,96.27848163586557,-3.028859179405915,3.141654526328999
117.24000000000001,102.27721246830144,96.28523132630532,-3.028859179405915,3.14165410355661
117.28,102.33683160683067,96.29198101674507,-3.028859179405915,3.1416536836729967
117.32000000000001,102.3964507453599,96.29873070718482,-3.028859179405915,3.141653266658421
117.36,102.45606988388913,96.30548039762456,-3.028859179405915,3.1416528524932787
117.4,102.51568902241836,96.31223008806431,-3.028859179405915,3.1416524411581
117.44,102.57530816094759,96.31897977850406,-3.028859179405915,3.1416520326335475
117.48,102.63492729947681,96.3257294689438,-3.028859179405915,3.1416516269004164
117.52,102.69454643800604,96.33247915938355,-3.028859179405915,3.1416512239396335
117.56,102.75416557653527,96.3392288498233,-3.028859179405915,3.141650823732255
117.60000000000001,102.8137847150645,96.34597854026305,-3.028859179405915,3.1416504262594676
117.64,102.87340385359373,96.3527282307028,-3.028859179405915,3.1416500315025857
117.68,102.93302299212296,96.35947792114254,-3.028859179405915,3.141649639443052
117.72,102.99264213065219,96.36622761158229,-3.028859179405915,3.1416492500624353
117.76,103.05226126918141,96.37297730202204,-3.028859179405915,3.1416488633424313
117.8,103.11188040771064,96.37972699246178,-3.028859179405915,3.14164847926486
117.84,103.17149954623987,96.38647668290153,-3.028859179405915,3.141648097811665
117.88,103.2311186847691,96.39322637334128,-3.028859179405915,3.141647718964915
117.92,103.29073782329833,96.39997606378103,-3.028859179405915,3.1416473427068
117.96000000000001,103.35035696182756,96.40672575422077,-3.028859179405915,3.1416469690196327
118.0,103.40997610035679,96.41347544466052,-3.028859179405915,3.141646597885845
118.04,103.46959523888601,96.42022513510027,-3.028859179405915,3.1416462292879905
118.08,103.52921437741524,96.42697482554001,-3.028859179405915,3.141645863208741
118.12,103.58883351594447,96.43372451597976,-3.028859179405915,3.141645499630887
118.16,103.6484526544737,96.44047420641951,-3.028859179405915,3.1416451385373367
118.2,103.70807179300293,96.44722389685926,-3.028859179405915,3.141644779911115
118.24000000000001,103.76769093153216,96.453973587299,-3.028859179405915,3.141644423735363
118.28,103.82731007006139,96.46072327773875,-3.028859179405915,3.141644069993337
118.32000000000001,103.88692920859062,96.4674729681785,-3.028859179405915,3.1416437186684067
118.36,103.94654834711984,96.47422265861825,-3.028859179405915,3.141643369744057
118.4,104.00616748564907,96.48097234905799,-3.028859179405915,3.1416430232038843
118.44,104.0657866241783,96.48772203949774,-3.028859179405915,3.141642679031598
118.48,104.12540576270753,96.49447172993749,-3.028859179405915,3.1416423372110187
118.52,104.18502490123676,96.50122142037723,-3.028859179405915,3.141641997726077
118.56,104.24464403976599,96.50797111081698,-3.028859179405915,3.141641660560814
118.60000000000001,104.30426317829522,96.51472080125673,-3.028859179405915,3.141641325699379
118.64,104.36388231682444,96.52147049169648,-3.028859179405915,3.1416409931260305
118.68,104.42350145535367,96.52822018213622,-3.028859179405915,3.141640662825134
118.72,104.4831205938829,96.53496987257597,-3.028859179405915,3.141640334781162
118.76,104.54273973241213,96.54171956301572,-3.028859179405915,3.141640008978693
118.8,104.60235887094136,96.54846925345547,-3.028859179405915,3.141639685402411
118.84,104.66197800947059,96.55521894389521,-3.028859179405915,3.1416393640371045
118.88,104.72159714799982,96.56196863433496,-3.028859179405915,3.141639044867666
118.92,104.78121628652904,96.56871832477471,-3.028859179405915,3.1416387278790916
118.96000000000001,104.84083542505827,96.57546801521445,-3.028859179405915,3.1416384130564796
119.0,104.9004545635875,96.5822177056542,-3.028859179405915,3.14163810038503
119.04,104.96007370211673,96.58896739609395,-3.028859179405915,3.141637789850044
119.08,105.01969284064596,96.5957170865337,-3.028859179405915,3.141637481436923
119.12,105.07931197917519,96.60246677697344,-3.028859179405915,3.141637175131169
119.16,105.13893111770442,96.60921646741319,-3.028859179405915,3.141636870918382
119.2,105.19855025623364,96.61596615785294,-3.028859179405915,3.141636568784261
119.24000000000001,105.25816939476287,96.62271584829269,-3.028859179405915,3.141636268714603
119.28,105.3177885332921,96.62946553873243,-3.028859179405915,3.1416359706953014
119.32000000000001,105.37740767182133,96.63621522917218,-3.028859179405915,3.1416356747123464
119.36,105.43702681035056,96.64296491961193,-3.028859179405915,3.1416353807518234
119.4,105.49664594887979,96.64971461005167,-3.028859179405915,3.1416350887999136
119.44,105.55626508740902,96.65646430049142,-3.028859179405915,3.141634798842892
119.48,105.61588422593825,96.66321399093117,-3.028859179405915,3.141634510867128
119.52,105.67550336446747,96.66996368137092,-3.028859179405915,3.1416342248590836
119.56,105.7351225029967,96.67671337181066,-3.028859179405915,3.1416339408053133
119.60000000000001,105.79474164152593,96.68346306225041,-3.028859179405915,3.141633658692464
119.64,105.85436078005516,96.69021275269016,-3.028859179405915,3.141633378507273
119.68,105.91397991858439,96.6969624431299,-3.028859179405915,3.14163310023657
119.72,105.97359905711362,96.70371213356965,-3.028859179405915,3.1416328238672717
119.76,106.03321819564285,96.7104618240094,-3.028859179405915,3.141632549386387
119.8,106.09283733417207,96.71721151444915,-3.028859179405915,3.1416322767810123
119.84,106.1524564727013,96.7239612048889,-3.028859179405915,3.1416320060383325
119.88,106.21207561123053,96.73071089532864,-3.028859179405915,3.1416317371456195
119.92,106.27169474975976,96.73746058576839,-3.028859179405915,3.141631470090233
119.96000000000001,106.33131388828899,96.74421027620814,-3.028859179405915,3.1416312048596184
120.0,106.39093302681822,96.75095996664788,-3.028859179405915,3.1416309414413073
120.04,106.45055216534745,96.75770965708763,-3.028859179405915,3.1416306798229163
120.08,106.51017130387667,96.76445934752738,-3.028859179405915,3.141630419992147
120.12,106.5697904424059,96.77120903796713,-3.028859179405915,3.141630161936784
120.16,106.62940958093513,96.77795872840687,-3.028859179405915,3.1416299056446966
120.2,106.68902871946436,96.78470841884662,-3.028859179405915,3.141629651103836
120.24000000000001,106.74864785799359,96.79145810928637,-3.028859179405915,3.141629398302237
120.28,106.80826699652282,96.79820779972611,-3.028859179405915,3.1416291472280147
120.32000000000001,106.86788613505205,96.80495749016586,-3.028859179405915,3.1416288978693663
120.36,106.92750527358127,96.81170718060561,-3.028859179405915,3.141628650214569
120.4,106.9871244121105,96.81845687104536,-3.028859179405915,3.141628404251981
120.44,107.04674355063973,96.8252065614851,-3.028859179405915,3.1416281599700393
120.48,107.10636268916896,96.83195625192485,-3.028859179405915,3.14162791735726
120.52,107.16598182769819,96.8387059423646,-3.028859179405915,3.1416276764022384
120.56,107.22560096622742,96.84545563280435,-3.028859179405915,3.1416274370936463
120.60000000000001,107.28522010475665,96.85220532324409,-3.028859179405915,3.1416271994202343
120.64,107.34483924328588,96.85895501368384,-3.028859179405915,3.1416269633708294
120.68,107.4044583818151,96.86570470412359,-3.028859179405915,3.1416267289343343
120.72,107.46407752034433,96.87245439456333,-3.028859179405915,3.1416264960997284
120.76,107.52369665887356,96.87920408500308,-3.028859179405915,3.1416262648560664
120.8,107.58331579740279,96.88595377544283,-3.028859179405915,3.1416260351924774
120.84,107.64293493593202,96.89270346588258,-3.028859179405915,3.1416258070981646
120.88,107.70255407446125,96.89945315632232,-3.028859179405915,3.1416255805624056
120.92,107.76217321299048,96.90620284676207,-3.028859179405915,3.1416253555745506
120.96000000000001,107.8217923515197,96.91295253720182,-3.028859179405915,3.1416251321240227
121.0,107.88141149004893,96.91970222764157,-3.028859179405915,3.1416249102003175
121.04,107.94103062857816,96.92645191808131,-3.028859179405915,3.141624689793003
121.08,108.00064976710739,96.93320160852106,-3.028859179405915,3.141624470891717
121.12,108.06026890563662,96.9399512989608,-3.028859179405915,3.141624253486169
121.16,108.11988804416585,96.94670098940055,-3.028859179405915,3.1416240375661393
121.2,108.17950718269508,96.9534506798403,-3.028859179405915,3.141623823121477
121.24000000000001,108.2391263212243,96.96020037028005,-3.028859179405915,3.141623610142101
121.28,108.29874545975353,96.9669500607198,-3.028859179405915,3.141623398617999
121.32000000000001,108.35836459828276,96.97369975115954,-3.028859179405915,3.141623188539228
121.36,108.41798373681199,96.98044944159929,-3.028859179405915,3.141622979895911
121.4,108.47760287534122,96.98719913203904,-3.028859179405915,3.1416227726782404
121.44,108.53722201387045,96.99394882247879,-3.028859179405915,3.1416225668764746
121.48,108.59684115239968,97.00069851291853,-3.028859179405915,3.1416223624809385
121.52,108.6564602909289,97.00744820335828,-3.028859179405915,3.141622159482024
121.56,108.71607942945813,97.01419789379803,-3.028859179405915,3.141621957870188
121.60000000000001,108.77569856798736,97.02094758423777,-3.028859179405915,3.141621757635952
121.64,108.83531770651659,97.02769727467752,-3.028859179405915,3.141621558769904
121.68,108.89493684504582,97.03444696511727,-3.028859179405915,3.1416213612626946
121.72,108.95455598357505,97.04119665555702,-3.028859179405915,3.141621165105039
121.76,109.01417512210428,97.04794634599676,-3.028859179405915,3.141620970287716
121.8,109.0737942606335,97.05469603643651,-3.028859179405915,3.141620776801567
121.84,109.13341339916273,97.06144572687626,-3.028859179405915,3.1416205846374963
121.88,109.19303253769196,97.068195417316,-3.028859179405915,3.14162039378647
121.92,109.25265167622119,97.07494510775575,-3.028859179405915,3.1416202042395165
121.96000000000001,109.31227081475042,97.0816947981955,-3.028859179405915,3.1416200159877246
122.0,109.37188995327965,97.08844448863525,-3.028859179405915,3.141619829022245
122.04,109.43150909180888,97.095194179075,-3.028859179405915,3.1416196433342884
122.08,109.4911282303381,97.10194386951474,-3.028859179405915,3.1416194589151254
122.12,109.55074736886733,97.10869355995449,-3.028859179405915,3.141619275756087
122.16,109.61036650739656,97.11544325039424,-3.028859179405915,3.1416190938485618
122.2,109.66998564592579,97.12219294083398,-3.028859179405915,3.141618913183999
122.24000000000001,109.72960478445502,97.12894263127373,-3.028859179405915,3.1416187337539054
122.28,109.78922392298425,97.13569232171348,-3.028859179405915,3.141618555549846
122.32000000000001,109.84884306151348,97.14244201215323,-3.028859179405915,3.141618378563443
122.36,109.9084622000427,97.14919170259297,-3.028859179405915,3.141618202786377
122.4,109.96808133857193,97.15594139303272,-3.028859179405915,3.1416180282103836
122.44,110.02770047710116,97.16269108347247,-3.028859179405915,3.141617854827257
122.48,110.08731961563039,97.16944077391221,-3.028859179405915,3.141617682628846
122.52,110.14693875415962,97.17619046435196,-3.028859179405915,3.1416175116070555
122.56,110.20655789268885,97.18294015479171,-3.028859179405915,3.1416173417538458
122.60000000000001,110.26617703121808,97.18968984523146,-3.028859179405915,3.1416171730612317
122.64,110.3257961697473,97.1964395356712,-3.028859179405915,3.1416170055212835
122.68,110.38541530827654,97.20318922611095,-3.028859179405915,3.1416168391261245
122.72,110.44503444680576,97.2099389165507,-3.028859179405915,3.141616673867933
122.76,110.50465358533499,97.21668860699045,-3.028859179405915,3.14161650973894
122.8,110.56427272386422,97.22343829743019,-3.028859179405915,3.1416163467314293
122.84,110.62389186239345,97.23018798786994,-3.028859179405915,3.1416161848377384
122.88,110.68351100092268,97.23693767830969,-3.028859179405915,3.141616024050257
122.92,110.7431301394519,97.24368736874943,-3.028859179405915,3.1416158643614254
122.96000000000001,110.80274927798114,97.25043705918918,-3.028859179405915,3.1416157057637375
123.0,110.86236841651036,97.25718674962893,-3.028859179405915,3.141615548249737
123.04,110.92198755503959,97.26393644006868,-3.028859179405915,3.1416153918120195
123.08,110.98160669356882,97.27068613050842,-3.028859179405915,3.141615236443231
123.12,111.04122583209805,97.27743582094817,-3.028859179405915,3.141615082136067
123.16,111.10084497062728,97.28418551138792,-3.028859179405915,3.141614928883274
123.2,111.16046410915651,97.29093520182766,-3.028859179405915,3.141614776677647
123.24000000000001,111.22008324768574,97.29768489226741,-3.028859179405915,3.1416146255120316
123.28,111.27970238621496,97.30443458270716,-3.028859179405915,3.141614475379321
123.32000000000001,111.3393215247442,97.3111842731469,-3.028859179405915,3.141614326272457
123.36,111.39894066327342,97.31793396358665,-3.028859179405915,3.141614178184431
123.4,111.45855980180265,97.3246836540264,-3.028859179405915,3.1416140311082805
123.44,111.51817894033188,97.33143334446615,-3.028859179405915,3.1416138850370916
123.48,111.57779807886111,97.3381830349059,-3.028859179405915,3.1416137399639976
123.52,111.63741721739034,97.34493272534564,-3.028859179405915,3.1416135958821787
123.56,111.69703635591956,97.35168241578539,-3.028859179405915,3.1416134527848616
123.60000000000001,111.7566554944488,97.35843210622514,-3.028859179405915,3.141613310665319
123.64,111.81627463297802,97.36518179666488,-3.028859179405915,3.14161316951687
123.68,111.87589377150725,97.37193148710463,-3.028859179405915,3.141613029332879
123.72,111.93551291003648,97.37868117754438,-3.028859179405915,3.1416128901067557
123.76,111.99513204856571,97.38543086798413,-3.028859179405915,3.1416127518319557
123.8,112.05475118709494,97.39218055842387,-3.028859179405915,3.1416126145019785
123.84,112.11437032562417,97.39893024886362,-3.028859179405915,3.141612478110368
123.88000000000001,112.1739894641534,97.40567993930337,-3.028859179405915,3.1416123426507125
123.92,112.23360860268262,97.41242962974312,-3.028859179405915,3.141612208116644
123.96000000000001,112.29322774121185,97.41917932018286,-3.028859179405915,3.1416120745018383
124.0,112.35284687974108,97.42592901062261,-3.028859179405915,3.1416119418000137
124.04,112.41246601827031,97.43267870106236,-3.028859179405915,3.1416118100049317
124.08,112.47208515679954,97.4394283915021,-3.028859179405915,3.141611679110397
124.12,112.53170429532877,97.44617808194185,-3.028859179405915,3.141611549110256
124.16,112.591323433858,97.4529277723816,-3.028859179405915,3.141611419998398
124.2,112.65094257238722,97.45967746282135,-3.028859179405915,3.1416112917687524
124.24000000000001,112.71056171091645,97.4664271532611,-3.028859179405915,3.1416111644152918
124.28,112.77018084944568,97.47317684370084,-3.028859179405915,3.1416110379320292
124.32000000000001,112.82979998797491,97.47992653414059,-3.028859179405915,3.1416109123130185
124.36,112.88941912650414,97.48667622458034,-3.028859179405915,3.141610787552354
124.4,112.94903826503337,97.49342591502008,-3.028859179405915,3.141610663644171
124.44,113.0086574035626,97.50017560545983,-3.028859179405915,3.141610540582645
124.48,113.06827654209182,97.50692529589958,-3.028859179405915,3.14161041836199
124.52,113.12789568062105,97.51367498633932,-3.028859179405915,3.1416102969764608
124.56,113.18751481915028,97.52042467677907,-3.028859179405915,3.141610176420351
124.60000000000001,113.24713395767951,97.52717436721882,-3.028859179405915,3.141610056687993
124.64,113.30675309620874,97.53392405765857,-3.028859179405915,3.1416099377737585
124.68,113.36637223473797,97.54067374809831,-3.028859179405915,3.141609819672057
124.72,113.4259913732672,97.54742343853806,-3.028859179405915,3.141609702377337
124.76,113.48561051179642,97.55417312897781,-3.028859179405915,3.1416095858840842
124.8,113.54522965032565,97.56092281941756,-3.028859179405915,3.1416094701868222
124.84,113.60484878885488,97.5676725098573,-3.028859179405915,3.1416093552801123
124.88000000000001,113.66446792738411,97.57442220029705,-3.028859179405915,3.141609241158552
124.92,113.72408706591334,97.5811718907368,-3.028859179405915,3.141609127816777
124.96000000000001,113.78370620444257,97.58792158117654,-3.028859179405915,3.141609015249459
125.0,113.8433253429718,97.59467127161629,-3.028859179405915,3.141608903451306
125.04,113.90294448150102,97.60142096205604,-3.028859179405915,3.141608792417063
125.08,113.96256362003025,97.60817065249579,-3.028859179405915,3.1416086821415092
125.12,114.02218275855948,97.61492034293553,-3.028859179405915,3.1416085726194614
125.16,114.08180189708871,97.62167003337528,-3.028859179405915,3.1416084638457704
125.2,114.14142103561794,97.62841972381503,-3.028859179405915,3.141608355815323
125.24000000000001,114.20104017414717,97.63516941425478,-3.028859179405915,3.1416082485230405
125.28,114.2606593126764,97.64191910469452,-3.028859179405915,3.1416081419638795
125.32000000000001,114.32027845120562,97.64866879513427,-3.028859179405915,3.1416080361328302
125.36,114.37989758973485,97.65541848557402,-3.028859179405915,3.1416079310249176
125.4,114.43951672826408,97.66216817601376,-3.028859179405915,3.1416078266352003
125.44,114.49913586679331,97.66891786645351,-3.028859179405915,3.141607722958771
125.48,114.55875500532254,97.67566755689326,-3.028859179405915,3.141607619990756
125.52,114.61837414385177,97.682417247333,-3.028859179405915,3.1416075177263147
125.56,114.677993282381,97.68916693777275,-3.028859179405915,3.1416074161606398
125.60000000000001,114.73761242091022,97.6959166282125,-3.028859179405915,3.1416073152889563
125.64,114.79723155943945,97.70266631865225,-3.028859179405915,3.141607215106523
125.68,114.85685069796868,97.709416009092,-3.028859179405915,3.1416071156086294
125.72,114.91646983649791,97.71616569953174,-3.028859179405915,3.1416070167905983
125.76,114.97608897502714,97.72291538997149,-3.028859179405915,3.1416069186477844
125.8,115.03570811355637,97.72966508041124,-3.028859179405915,3.141606821175574
125.84,115.0953272520856,97.73641477085098,-3.028859179405915,3.141606724369385
125.88000000000001,115.15494639061482,97.74316446129073,-3.028859179405915,3.141606628224666
125.92,115.21456552914405,97.74991415173048,-3.028859179405915,3.1416065327368976
125.96000000000001,115.27418466767328,97.75666384217023,-3.028859179405915,3.1416064379015913
126.0,115.33380380620251,97.76341353260997,-3.028859179405915,3.1416063437142885
126.04,115.39342294473174,97.77016322304972,-3.028859179405915,3.141606250170561
126.08,115.45304208326097,97.77691291348947,-3.028859179405915,3.141606157266012
126.12,115.5126612217902,97.78366260392922,-3.028859179405915,3.1416060649962736
126.16,115.57228036031943,97.79041229436896,-3.028859179405915,3.141605973357008
126.2,115.63189949884865,97.79716198480871,-3.028859179405915,3.141605882343908
126.24000000000001,115.69151863737788,97.80391167524846,-3.028859179405915,3.1416057919526943
126.28,115.75113777590711,97.8106613656882,-3.028859179405915,3.1416057021791177
126.32000000000001,115.81075691443634,97.81741105612795,-3.028859179405915,3.1416056130189585
126.36,115.87037605296557,97.8241607465677,-3.028859179405915,3.1416055244680248
126.4,115.9299951914948,97.83091043700745,-3.028859179405915,3.1416054365221537
126.44,115.98961433002403,97.8376601274472,-3.028859179405915,3.141605349177211
126.48,116.04923346855325,97.84440981788694,-3.028859179405915,3.1416052624290907
126.52,116.10885260708248,97.85115950832669,-3.028859179405915,3.1416051762737145
126.56,116.16847174561171,97.85790919876644,-3.028859179405915,3.1416050907070323
126.60000000000001,116.22809088414094,97.86465888920618,-3.028859179405915,3.141605005725022
126.64,116.28771002267017,97.87140857964593,-3.028859179405915,3.141604921323688
126.68,116.3473291611994,97.87815827008568,-3.028859179405915,3.141604837499063
126.72,116.40694829972863,97.88490796052542,-3.028859179405915,3.141604754247206
126.76,116.46656743825785,97.89165765096517,-3.028859179405915,3.1416046715642034
126.8,116.52618657678708,97.89840734140492,-3.028859179405915,3.1416045894461684
126.84,116.58580571531631,97.90515703184467,-3.028859179405915,3.1416045078892405
126.88000000000001,116.64542485384554,97.91190672228441,-3.028859179405915,3.141604426889586
126.92,116.70504399237477,97.91865641272416,-3.028859179405915,3.1416043464433967
126.96000000000001,116.764663130904,97.92540610316391,-3.028859179405915,3.141604266546891
127.0,116.82428226943323,97.93215579360366,-3.028859179405915,3.1416041871963127
127.04,116.88390140796245,97.9389054840434,-3.028859179405915,3.141604108387932
127.08,116.94352054649168,97.94565517448315,-3.028859179405915,3.1416040301180437
127.12,117.00313968502091,97.9524048649229,-3.028859179405915,3.1416039523829684
127.16,117.06275882355014,97.95915455536264,-3.028859179405915,3.141603875179052
127.2,117.12237796207937,97.96590424580239,-3.028859179405915,3.141603798502665
127.24000000000001,117.1819971006086,97.97265393624214,-3.028859179405915,3.1416037223502022
127.28,117.24161623913783,97.97940362668189,-3.028859179405915,3.141603646718085
127.32000000000001,117.30123537766706,97.98615331712163,-3.028859179405915,3.1416035716027566
127.36,117.36085451619628,97.99290300756138,-3.028859179405915,3.1416034970006863
127.4,117.42047365472551,97.99965269800113,-3.028859179405915,3.1416034229083674
127.44,117.48009279325474,98.00640238844088,-3.028859179405915,3.1416033493223163
127.48,117.53971193178397,98.01315207888062,-3.028859179405915,3.1416032762390738
127.52,117.5993310703132,98.01990176932037,-3.028859179405915,3.1416032036552046
127.56,117.65895020884243,98.02665145976012,-3.028859179405915,3.141603131567296
127.60000000000001,117.71856934737166,98.03340115019986,-3.028859179405915,3.1416030599719598
127.64,117.77818848590088,98.04015084063961,-3.028859179405915,3.1416029888658294
127.68,117.83780762443011,98.04690053107936,-3.028859179405915,3.141602918245563
127.72,117.89742676295934,98.0536502215191,-3.028859179405915,3.1416028481078397
127.76,117.95704590148857,98.06039991195885,-3.028859179405915,3.141602778449363
127.8,118.0166650400178,98.0671496023986,-3.028859179405915,3.1416027092668584
127.84,118.07628417854703,98.07389929283835,-3.028859179405915,3.141602640557073
127.88000000000001,118.13590331707626,98.0806489832781,-3.028859179405915,3.1416025723167773
127.92,118.19552245560548,98.08739867371784,-3.028859179405915,3.141602504542763
127.96000000000001,118.25514159413471,98.09414836415759,-3.028859179405915,3.1416024372318443
128.0,118.31476073266394,98.10089805459734,-3.028859179405915,3.1416023703808564
128.04,118.37437987119317,98.10764774503708,-3.028859179405915,3.141602303986657
128.08,118.4339990097224,98.11439743547683,-3.028859179405915,3.141602238046125
128.12,118.49361814825163,98.12114712591658,-3.028859179405915,3.1416021725561603
128.16,118.55323728678086,98.12789681635633,-3.028859179405915,3.1416021075136844
128.2,118.61285642531008,98.13464650679607,-3.028859179405915,3.1416020429156393
128.24,118.67247556383931,98.14139619723582,-3.028859179405915,3.1416019787589886
128.28,118.73209470236854,98.14814588767557,-3.028859179405915,3.141601915040716
128.32,118.79171384089777,98.15489557811532,-3.028859179405915,3.1416018517578266
128.36,118.851332979427,98.16164526855506,-3.028859179405915,3.1416017889073444
128.4,118.91095211795623,98.16839495899481,-3.028859179405915,3.1416017264863156
128.44,118.97057125648546,98.17514464943456,-3.028859179405915,3.1416016644918057
128.48,119.03019039501469,98.1818943398743,-3.028859179405915,3.1416016029209004
128.52,119.08980953354391,98.18864403031405,-3.028859179405915,3.141601541770705
128.56,119.14942867207314,98.1953937207538,-3.028859179405915,3.141601481038345
128.6,119.20904781060237,98.20214341119355,-3.028859179405915,3.141601420720965
128.64000000000001,119.2686669491316,98.2088931016333,-3.028859179405915,3.14160136081573
128.68,119.32828608766083,98.21564279207304,-3.028859179405915,3.1416013013198234
128.72,119.38790522619006,98.22239248251279,-3.028859179405915,3.1416012422304482
128.76,119.44752436471929,98.22914217295254,-3.028859179405915,3.141601183544827
128.8,119.50714350324851,98.23589186339228,-3.028859179405915,3.141601125260201
128.84,119.56676264177774,98.24264155383203,-3.028859179405915,3.1416010673738297
128.88,119.62638178030697,98.24939124427178,-3.028859179405915,3.1416010098829923
128.92000000000002,119.6860009188362,98.25614093471152,-3.028859179405915,3.141600952784986
128.96,119.74562005736543,98.26289062515127,-3.028859179405915,3.1416008960771267
129.0,119.80523919589466,98.26964031559102,-3.028859179405915,3.1416008397567485
129.04,119.86485833442389,98.27639000603077,-3.028859179405915,3.141600783821204
129.08,119.92447747295311,98.28313969647051,-3.028859179405915,3.1416007282678633
129.12,119.98409661148234,98.28988938691026,-3.028859179405915,3.141600673094115
129.16,120.04371575001157,98.29663907735001,-3.028859179405915,3.1416006182973653
129.2,120.1033348885408,98.30338876778976,-3.028859179405915,3.141600563875038
129.24,120.16295402707003,98.3101384582295,-3.028859179405915,3.1416005098245754
129.28,120.22257316559926,98.31688814866925,-3.028859179405915,3.141600456143436
129.32,120.28219230412849,98.323637839109,-3.028859179405915,3.141600402829096
129.36,120.34181144265771,98.33038752954874,-3.028859179405915,3.1416003498790492
129.4,120.40143058118694,98.33713721998849,-3.028859179405915,3.141600297290807
129.44,120.46104971971617,98.34388691042824,-3.028859179405915,3.141600245061897
129.48,120.5206688582454,98.35063660086799,-3.028859179405915,3.1416001931898636
129.52,120.58028799677463,98.35738629130773,-3.028859179405915,3.1416001416722685
129.56,120.63990713530386,98.36413598174748,-3.028859179405915,3.1416000905066896
129.6,120.69952627383309,98.37088567218723,-3.028859179405915,3.1416000396907218
129.64000000000001,120.75914541236232,98.37763536262698,-3.028859179405915,3.141599989221976
129.68,120.81876455089154,98.38438505306672,-3.028859179405915,3.14159993909808
129.72,120.87838368942077,98.39113474350647,-3.028859179405915,3.1415998893166774
129.76,120.93800282795,98.39788443394622,-3.028859179405915,3.1415998398754277
129.8,120.99762196647923,98.40463412438596,-3.028859179405915,3.141599790772007
129.84,121.05724110500846,98.41138381482571,-3.028859179405915,3.1415997420041064
129.88,121.11686024353769,98.41813350526546,-3.028859179405915,3.141599693569434
129.92000000000002,121.17647938206692,98.4248831957052,-3.028859179405915,3.1415996454657127
129.96,121.23609852059614,98.43163288614495,-3.028859179405915,3.1415995976906808
130.0,121.29571765912537,98.4383825765847,-3.028859179405915,3.1415995502420926
